:020000040800F2
:100000000050002049870008B91C0008BB1C0008EC
:10001000BD1C0008BF1C0008C11C00080000000037
:10002000000000000000000000000000C31C0008E9
:10003000C51C000800000000C71C0008C91C0008FF
:100040009187000891870008918700089187000830
:100050009187000891870008918700089187000820
:10006000918700089187000891870008D11C00083B
:100070009187000891870008E11C0008F11C000826
:10008000918700089187000891870008011D0008EA
:10009000111D0008211D0008311D0008411D000828
:1000A00091870008431D0008918700089187000888
:1000B000918700084B1D00084D1D0008918700081E
:1000C00091870008918700089187000891870008B0
:1000D00091870008551D0008918700089187000846
:1000E00091870008918700089187000800000000B0
:1000F0000000000000000000000000000000000000
:0C01000000000000000000005FF808F1A3
:1001100081F0004102E000BF83F0004330B54FEAB8
:1001200041044FEA430594EA050F08BF90EA020F25
:100130001FBF54EA000C55EA020C7FEA645C7FEAB8
:10014000655C00F0E2804FEA5454D4EB5555B8BFDB
:100150006D420CDD2C4480EA020281EA030382EA4C
:10016000000083EA010180EA020281EA0303362DDE
:1001700088BF30BD11F0004F4FEA01314FF4801CB1
:100180004CEA113102D0404261EB410113F0004FC3
:100190004FEA03334CEA133302D0524263EB43037A
:1001A00094EA050F00F0A780A4F10104D5F1200E18
:1001B0000DDB02FA0EFC22FA05F2801841F1000173
:1001C00003FA0EF2801843FA05F359410EE0A5F147
:1001D00020050EF1200E012A03FA0EFC28BF4CF078
:1001E000020C43FA05F3C01851EBE37101F000452E
:1001F00007D54FF0000EDCF1000C7EEB00006EEB3B
:100200000101B1F5801F1BD3B1F5001F0CD34908C4
:100210005FEA30004FEA3C0C04F101044FEA44521B
:1002200012F5800F80F09A80BCF1004F08BF5FEAA2
:10023000500C50F1000041EB045141EA050130BD82
:100240005FEA4C0C404141EB0101013C28BFB1F594
:10025000801FE9D291F0000F04BF01460020B1FADF
:1002600081F308BF2033A3F10B03B3F120020CDAB2
:100270000C3208DD02F1140CC2F10C0201FA0CF090
:1002800021FA02F10CE002F11402D8BFC2F1200CF5
:1002900001FA02F120FA0CFCDCBF41EA0C019040AB
:1002A000E41AA2BF01EB0451294330BD6FEA0404F4
:1002B0001F3C1CDA0C340EDC04F11404C4F12002DF
:1002C00020FA04F001FA02F340EA030021FA04F3F1
:1002D00045EA030130BDC4F10C04C4F1200220FA48
:1002E00002F001FA04F340EA0300294630BD21FA86
:1002F00004F0294630BD94F0000F83F4801306BF4C
:1003000081F480110134013D4EE77FEA645C18BF3F
:100310007FEA655C29D094EA050F08BF90EA020FD6
:1003200005D054EA000C04BF1946104630BD91EACE
:10033000030F1EBF0021002030BD5FEA545C05D1D1
:100340004000494128BF41F0004130BD14F5800410
:100350003CBF01F5801130BD01F0004545F0FE4184
:1003600041F470014FF0000030BD7FEA645C1ABFB9
:10037000194610467FEA655C1CBF0B46024650EAF0
:10038000013406BF52EA033591EA030F41F400211C
:1003900030BD00BF90F0000F04BF0021704730B5A2
:1003A0004FF4806404F132044FF000054FF0000177
:1003B00050E700BF90F0000F04BF0021704730B538
:1003C0004FF4806404F1320410F0004548BF40420D
:1003D0004FF000013EE700BF42004FEAE2014FEA62
:1003E00031014FEA02701FBF12F07F4393F07F4F3D
:1003F00081F06051704732F07F4208BF704793F040
:100400007F4F04BF41F40021704730B54FF4607452
:1004100001F0004521F000411CE700BF50EA010255
:1004200008BF704730B54FF000050AE050EA0102FE
:1004300008BF704730B511F0004502D5404261EB6E
:1004400041014FF4806404F132045FEA915C3FF4AF
:10045000D8AE4FF003025FEADC0C18BF03325FEA4C
:10046000DC0C18BF033202EBDC02C2F1200300FAFD
:1004700003FC20FA02F001FA03FE40EA0E0021FA22
:1004800002F11444BDE600BF70B54FF0FF0C4CF410
:10049000E06C1CEA11541DBF1CEA135594EA0C0FC2
:1004A00095EA0C0F00F0DEF82C4481EA030621EAFD
:1004B0004C5123EA4C5350EA013518BF52EA033538
:1004C00041F4801143F4801338D0A0FB02CE4FF0EA
:1004D0000005E1FB02E506F00042E0FB03E54FF01A
:1004E0000006E1FB03569CF0000F18BF4EF0010E12
:1004F000A4F1FF04B6F5007F64F5407404D25FEA0E
:100500004E0E6D4146EB060642EAC62141EA5551C0
:100510004FEAC52040EA5E504FEACE2EB4F1FD0C02
:1005200088BFBCF5E06F1ED8BEF1004F08BF5FEA80
:10053000500E50F1000041EB045170BD06F0004632
:1005400046EA010140EA020081EA0301B4EB5C04DF
:10055000C2BFD4EB0C0541EA045170BD41F48011D7
:100560004FF0000E013C00F3AB8014F1360FDEBFFC
:10057000002001F0004170BDC4F10004203C35DAD8
:100580000C341BDC04F11404C4F1200500FA05F35B
:1005900020FA04F001FA05F240EA020001F00042FC
:1005A00021F0004110EBD37021FA04F642EB060172
:1005B0005EEA430E08BF20EAD37070BDC4F10C049C
:1005C000C4F1200500FA04F320FA05F001FA04F260
:1005D00040EA020001F0004110EBD37041F100014C
:1005E0005EEA430E08BF20EAD37070BDC4F1200557
:1005F00000FA05F24EEA020E20FA04F301FA05F2BF
:1006000043EA020321FA04F001F0004121FA04F266
:1006100020EA020000EBD3705EEA430E08BF20EA36
:10062000D37070BD94F0000F0FD101F00046400070
:1006300041EB010111F4801F08BF013CF7D041EAF2
:10064000060195F0000F18BF704703F000465200F6
:1006500043EB030313F4801F08BF013DF7D043EAC7
:100660000603704794EA0C0F0CEA135518BF95EA7D
:100670000C0F0CD050EA410618BF52EA4306D1D104
:1006800081EA030101F000414FF0000070BD50EA23
:10069000410606BF1046194652EA430619D094EAAD
:1006A0000C0F02D150EA013613D195EA0C0F05D197
:1006B00052EA03361CBF104619460AD181EA0301EB
:1006C00001F0004141F0FE4141F470014FF00000A3
:1006D00070BD41F0FE4141F4780170BD70B54FF03E
:1006E000FF0C4CF4E06C1CEA11541DBF1CEA1355BE
:1006F00094EA0C0F95EA0C0F00F0A7F8A4EB0504A0
:1007000081EA030E52EA03354FEA013100F0888096
:100710004FEA03334FF0805545EA131343EA12635F
:100720004FEA022245EA111545EA10654FEA002614
:100730000EF000419D4208BF964244F1FD0404F5CD
:10074000407402D25B084FEA3202B61A65EB030529
:100750005B084FEA32024FF480104FF4002CB6EBE6
:10076000020E75EB030E22BFB61A754640EA0C0066
:100770005B084FEA3202B6EB020E75EB030E22BFA6
:10078000B61A754640EA5C005B084FEA3202B6EBE7
:10079000020E75EB030E22BFB61A754640EA9C00A6
:1007A0005B084FEA3202B6EB020E75EB030E22BF76
:1007B000B61A754640EADC0055EA060E18D04FEA34
:1007C000051545EA16754FEA06164FEAC30343EAD4
:1007D00052734FEAC2025FEA1C1CC0D111F4801FA1
:1007E0000BD141EA00014FF000004FF0004CB6E79A
:1007F00011F4801F04BF01430020B4F1FD0C88BF39
:10080000BCF5E06F3FF6AFAEB5EB030C04BFB6EB43
:10081000020C5FEA500C50F1000041EB045170BD36
:100820000EF0004E4EEA113114EB5C04C2BFD4EB63
:100830000C0541EA045170BD41F480114FF0000EE7
:10084000013C90E645EA060E8DE60CEA135594EA63
:100850000C0F08BF95EA0C0F3FF43BAF94EA0C0F66
:100860000AD150EA01347FF434AF95EA0C0F7FF4DB
:1008700025AF104619462CE795EA0C0F06D152EA2F
:1008800003353FF4FDAE1046194622E750EA410613
:1008900018BF52EA43067FF4C5AE50EA41047FF424
:1008A0000DAF52EA43057FF4EBAE12E74FF0FF3C89
:1008B00006E000BF4FF0010C02E000BF4FF0010C5A
:1008C0004DF804CD4FEA410C7FEA6C5C4FEA430CD3
:1008D00018BF7FEA6C5C1BD001B050EA410C0CBF22
:1008E00052EA430C91EA030F02BF90EA020F002084
:1008F000704710F1000F91EA030F58BF994208BFEB
:1009000090422CBFD8176FEAE37040F001007047A7
:100910004FEA410C7FEA6C5C02D150EA013C07D1FE
:100920004FEA430C7FEA6C5CD6D152EA033CD3D049
:100930005DF8040B704700BF8446104662468C4643
:100940001946634600E000BF01B5FFF7B7FF002876
:1009500048BF10F1000F01BD4DF808EDFFF7F4FF9F
:100960000CBF012000205DF808FB00BF4DF808ED2A
:10097000FFF7EAFF34BF012000205DF808FB00BF4D
:100980004DF808EDFFF7E0FF94BF012000205DF86F
:1009900008FB00BF4DF808EDFFF7CEFF94BF012024
:1009A00000205DF808FB00BF4DF808EDFFF7C4FF1D
:1009B00034BF012000205DF808FB00BF4FEA410C66
:1009C0007FEA6C5C02D150EA013C0AD14FEA430C49
:1009D0007FEA6C5C02D152EA033C02D14FF0000086
:1009E00070474FF0010070474FEA4102B2F1E04317
:1009F00024BFB3F5001CDCF1FE5C0DD901F0004C06
:100A00004FEAC0024CEA5070B2F1004F40EB830055
:100A100008BF20F00100704711F0804F21D113F181
:100A20003872BCBF01F00040704741F480114FEABA
:100A30005252C2F11802C2F1200C10FA0CF320FA43
:100A400002F018BF40F001004FEAC1234FEAD32360
:100A500003FA0CFC40EA0C0023FA02F34FEA4303CA
:100A6000CCE77FEA625307D150EA01331EBF4FF053
:100A7000FE4040F44000704701F0004040F0FE406E
:100A800040F40000704700BF80F0004002E000BF6B
:100A900081F0004142001FBF5FEA410392EA030F69
:100AA0007FEA226C7FEA236C6AD04FEA1262D2EBB3
:100AB0001363C1BFD218414048404140B8BF5B42B8
:100AC000192B88BF704710F0004F40F4000020F051
:100AD0007F4018BF404211F0004F41F4000121F067
:100AE0007F4118BF494292EA030F3FD0A2F10102B1
:100AF00041FA03FC10EB0C00C3F1200301FA03F1EF
:100B000000F0004302D5494260EB4000B0F5000F11
:100B100013D3B0F1807F06D340084FEA310102F1D0
:100B20000102FE2A51D2B1F1004F40EBC25008BF82
:100B300020F0010040EA03007047490040EB00004C
:100B4000013A28BFB0F5000FEDD2B0FA80FCACF14D
:100B5000080CB2EB0C0200FA0CF0AABF00EBC2507A
:100B600052421843BCBFD0401843704792F0000F68
:100B700081F4000106BF80F400000132013BB5E7BB
:100B80004FEA41037FEA226C18BF7FEA236C21D031
:100B900092EA030F04D092F0000F08BF0846704796
:100BA00090EA010F1CBF0020704712F07F4F04D164
:100BB000400028BF40F00040704712F100723CBF77
:100BC00000F50000704700F0004343F0FE4040F4A1
:100BD000000070477FEA226216BF08467FEA23635F
:100BE0000146420206BF5FEA412390EA010F40F44A
:100BF000800070474FF0000304E000BF10F0004396
:100C000048BF40425FEA000C08BF704743F096437C
:100C100001464FF000001CE050EA010208BF704797
:100C20004FF000030AE000BF50EA010208BF70471E
:100C300011F0004302D5404261EB41015FEA010C33
:100C400002BF84460146002043F0B64308BFA3F12B
:100C50008053A3F50003BCFA8CF2083AA3EBC2530D
:100C600010DB01FA02FC634400FA02FCC2F120022C
:100C7000BCF1004F20FA02F243EB020008BF20F063
:100C80000100704702F1200201FA02FCC2F12002C9
:100C900050EA4C0021FA02F243EB020008BF20EABE
:100CA000DC7070474FF0FF0C1CEAD0521EBF1CEAEC
:100CB000D15392EA0C0F93EA0C0F6FD01A4480EADA
:100CC000010C400218BF5FEA41211ED04FF00063C3
:100CD00043EA501043EA5111A0FB01310CF00040EF
:100CE000B1F5000F3EBF490041EAD3715B0040EA15
:100CF000010062F17F02FD2A1DD8B3F1004F40EBE5
:100D0000C25008BF20F00100704790F0000F0CF0B7
:100D1000004C08BF49024CEA502040EA51207F3A7B
:100D2000C2BFD2F1FF0340EAC250704740F4000056
:100D30004FF00003013A5DDC12F1190FDCBF00F047
:100D400000407047C2F10002410021FA02F1C2F1F5
:100D5000200200FA02FC5FEA310040F1000053EA91
:100D60004C0308BF20EADC70704792F0000F00F0DF
:100D7000004C02BF400010F4000F013AF9D040EAE5
:100D80000C0093F0000F01F0004C02BF490011F479
:100D9000000F013BF9D041EA0C018FE70CEAD15377
:100DA00092EA0C0F18BF93EA0C0F0AD030F0004CF7
:100DB00018BF31F0004CD8D180EA010000F00040AB
:100DC000704790F0000F17BF90F0004F084691F069
:100DD000000F91F0004F14D092EA0C0F01D14202A3
:100DE0000FD193EA0C0F03D14B0218BF084608D16C
:100DF00080EA010000F0004040F0FE4040F40000B6
:100E0000704740F0FE4040F4400070474FF0FF0C48
:100E10001CEAD0521EBF1CEAD15392EA0C0F93EA8F
:100E20000C0F69D0A2EB030280EA010C49024FEAE1
:100E3000402037D04FF0805343EA111143EA10139A
:100E40000CF000408B4238BF5B0042F17D024FF452
:100E5000000C8B4224BF5B1A40EA0C00B3EB510F2D
:100E600024BFA3EB510340EA5C00B3EB910F24BF16
:100E7000A3EB910340EA9C00B3EBD10F24BFA3EB9B
:100E8000D10340EADC001B0118BF5FEA1C1CE0D163
:100E9000FD2A3FF650AF8B4240EBC25008BF20F016
:100EA000010070470CF0004C4CEA50207F32C2BF6A
:100EB000D2F1FF0340EAC250704740F400004FF007
:100EC0000003013A37E792F0000F00F0004C02BF38
:100ED000400010F4000F013AF9D040EA0C0093F002
:100EE000000F01F0004C02BF490011F4000F013B5C
:100EF000F9D041EA0C0195E70CEAD15392EA0C0FC4
:100F000008D142027FF47DAF93EA0C0F7FF470AFFB
:100F1000084676E793EA0C0F04D14B023FF44CAF3E
:100F200008466EE730F0004C18BF31F0004CCAD1D3
:100F300030F000427FF45CAF31F000437FF43CAF0F
:100F40005FE700BF4FF0FF3C06E000BF4FF0010C31
:100F500002E000BF4FF0010C4DF804CD4FEA400213
:100F60004FEA41037FEA226C18BF7FEA236C11D05D
:100F700001B052EA530C18BF90EA010F58BFB2EB10
:100F8000030088BFC81738BF6FEAE17018BF40F090
:100F9000010070477FEA226C02D15FEA402C05D144
:100FA0007FEA236CE4D15FEA412CE1D05DF8040BC9
:100FB000704700BF844608466146FFE70FB5FFF75C
:100FC000C9FF002848BF10F1000F0FBD4DF808ED14
:100FD000FFF7F4FF0CBF012000205DF808FB00BF05
:100FE0004DF808EDFFF7EAFF34BF012000205DF85F
:100FF00008FB00BF4DF808EDFFF7E0FF94BF0120AC
:1010000000205DF808FB00BF4DF808EDFFF7D2FFA8
:1010100094BF012000205DF808FB00BF4DF808EDEB
:10102000FFF7C8FF34BF012000205DF808FB00BFB8
:101030004FEA40024FEA41037FEA226C02D15FEAA5
:10104000402C08D17FEA236C02D15FEA412C02D107
:101050004FF0000070474FF0010070474FEA400228
:10106000B2F1FE4F0FD34FF09E03B3EB12620DD9D6
:101070004FEA002343F0004310F0004F23FA02F040
:1010800018BF404270474FF00000704712F1610FE7
:1010900001D1420205D110F0004008BF6FF00040BE
:1010A00070474FF00000704700F1340191E83800BC
:1010B0009C46A6464CF8045D90E8FF0FE54600BD4F
:1010C00090EC210B704700BF80EC210B704700BFF4
:1010D00090EC200B704700BF80EC200B704700BFE6
:1010E000D0EC200B704700BFC0EC200B704700BF56
:1010F000F0EC0201F0EC0211F0EC0221F0EC023114
:10110000F0EC0241F0EC0251F0EC0261F0EC027103
:10111000F0EC0281F0EC0291F0EC02A1F0EC02B1F3
:10112000F0EC02C1F0EC02D1F0EC02E1F0EC02F1E3
:10113000704700BFE0EC0201E0EC0211E0EC02219C
:10114000E0EC0231E0EC0241E0EC0251E0EC026143
:10115000E0EC0271E0EC0281E0EC0291E0EC02A133
:10116000E0EC02B1E0EC02C1E0EC02D1E0EC02E123
:10117000E0EC02F1704700BFB0FC0181B0FC0191CE
:10118000B0FC01A1B0FC01B1704700BFA0FC01811F
:10119000A0FC0191A0FC01A1A0FC01B1704700BF1F
:1011A000EC4600B52DE900502DE9FF1F4FF000037C
:1011B0000CB401A908F034F8DDF840E012B0704733
:1011C000EC4600B52DE900502DE9FF1F4FF000035C
:1011D0000CB401A908F068F8DDF840E012B07047DF
:1011E000EC4600B52DE900502DE9FF1F4FF000033C
:1011F0000CB401A908F07AF8DDF840E012B07047AD
:10120000EC4600B52DE900502DE9FF1F4FF000031B
:101210000CB401AB08F03CF8DDF840E012B07047C8
:10122000EC4600B52DE900502DE9FF1F4FF00003FB
:101230000CB401AA08F0B4F8DDF840E012B0704731
:1012400080EA010C1CF0030F37D110F0030C20F0E2
:10125000030021F0030150F8042B08BF51F8043BB0
:101260000ED08CF0030C6FF07F434FEACC0C23FAC6
:101270000CFC51F8043B42EA0C0243EA0C0300BFA9
:10128000A2F1013C9A4201BF2CEA020C1CF0803F03
:1012900050F8042B51F8043BF2D04FEA02604FEAB9
:1012A0001222012828BFB0EB036F08BF1B0AF4D03D
:1012B00003F0FF03000EC01A704710F0030F0AD0AE
:1012C00010F8012B11F8013B012A28BF9A42F4D0F3
:1012D000A2EB0300704720B450F8042B01F0030583
:1012E00021F0030151F8043B022D27D04ED800BF56
:1012F00022F07F45B5EB132FA2F1013C2CEA020C42
:101300000DD11CF0803C08BF51F8043B0AD185EA9E
:101310000205B5EB036F0CD150F8042BE8E74FEA58
:1013200013235BE03CF07F4C54D10B784FEA1265FD
:1013300054E04FEA126503F0FF034FE04FEA024525
:10134000A2F1013C4FEA15452CEA020CB5EB134F14
:1013500018D11CF0803C08BF51F8043B07D185EA46
:101360000205B5EB034F09D150F8042BE6E75FEA1D
:101370000C4C2FD10B884FEA12452FE04FEA034364
:101380004FEA12454FEA134328E000BF02F0FF0581
:10139000B5EB136FA2F1013C2CEA020C0DD11CF04D
:1013A000803C08BF51F8043B0AD185EA0205B5EB41
:1013B000032F0AD150F8042BE8E74FEA13630DE03E
:1013C00012F0FF0F06D051F8043B4FEA122523F02C
:1013D0007F4303E04FF0000020BC704705F0FF02A0
:1013E00003F0FF00012828BF904204BF2D0A1B0A0A
:1013F000F4D0A2EB000020BC704700BF844641EA55
:10140000000313F0030349D1403A23D30B68036070
:101410004B6843608B688360CB68C3600B69036172
:101420004B6943618B698361CB69C3610B6A03625A
:101430004B6A43628B6A8362CB6AC3620B6B036342
:101440004B6B43638B6B8363CB6BC3634030403127
:10145000403ADBD230320BD30B6803604B684360F9
:101460008B688360CB68C36010301031103AF3D2C0
:101470000C3205D351F8043B40F8043B043AF9D24E
:10148000043208D0D2071CBF11F8013B00F8013B21
:1014900001D30B8803806046704700BF082A13D32E
:1014A0008B07B1D010F00303AED0C3F10403D21AFE
:1014B000DB071CBF11F8013B00F8013BA4D331F856
:1014C000023B20F8023B9FE7043AD9D3013A11F8D6
:1014D000013B00F8013BF9D20B7803704B78437065
:1014E0008B788370604670474A0011D212F5001263
:1014F00011D20DD56FF47873B3EB62520ED44FEA6C
:10150000C12343F0004343EA505323FA02F07047EB
:101510004FF00000704750EA013002D14FF0FF3029
:1015200070474FF0000070470348044B834202D0DD
:10153000034B03B118477047CC080020CC080020AB
:10154000000000000548064B1B1AD90F01EBA30150
:10155000491002D0034B03B118477047CC08002054
:10156000CC0800200000000010B5064C237843B9D9
:10157000FFF7DAFF044B13B10448AFF300800123F7
:10158000237010BDD008002000000000A4F6000861
:1015900008B5054B1BB105490548AFF30080BDE810
:1015A0000840FFF7CFBF00BF00000000D4080020B4
:1015B000A4F6000810B584B00023019302930393AE
:1015C0001D481E4A02604FF480728260012202733D
:1015D00003754FF46022C26143600223036102F08D
:1015E000D7FE00BB0023019301230293072303933B
:1015F00001A9114802F008FDC0B90123019302239B
:1016000002930723039301A90B4802F0FDFC80B964
:10161000094C204602F050FF02220949204602F000
:10162000F1FD04B010BD00F05FFADBE700F05CFAFA
:10163000E3E700F059FAEBE730090020002401400D
:101640006009002010B586B0002302930393049331
:10165000059302681E4B9A4201D006B010BD0446A5
:1016600003F56C439A6942F400729A619A6902F434
:1016700000720092009A9A6942F004029A619B6992
:1016800003F004030193019B03230293039302A934
:10169000104803F01BFF1048104B03600023436009
:1016A00083608023C3604FF4807303614FF48063D1
:1016B0004361202383614FF44053C36103F018FC5E
:1016C00018B9054B23625C62C7E700F00DFAF8E732
:1016D0000024014000080140EC08002008000240FE
:1016E00008B5214B5888FFF785FA01461F48FFF7D8
:1016F0008DFB4FF07E51FFF7CBF91D49FFF7D2FA72
:101700001C49FFF783FBFEF767FE07F071F90EA394
:10171000D3E90023FEF7B8FE0DA3D3E90023FEF7BB
:10172000FDFC02460B460CA1D1E90001FEF7D6FFF5
:10173000FFF75AF9FEF750FE09A3D3E90023FEF79D
:10174000EBFCFFF751F908BD0000006066A2724093
:101750000000000000FEAA4000000080B86F2F418A
:1017600066666666661271406009002000F07F457B
:1017700000404E4500401C4610B58AB02248234B1D
:1017800003600423436000238360C3604FF480221E
:1017900002614FF4001242610376437601228276A1
:1017A000C3760377437702F009FF30BB002305932C
:1017B00006930122079200930193029303930493EB
:1017C00008920E23099369460F4802F09DFFB8B9AD
:1017D0000D4C204603F020F80D49204603F099F9FE
:1017E0000C4B5A680C4B1A6000225A60DA609A60FF
:1017F000082119611A750AB010BD00F075F9D5E716
:1018000000F072F9E4E700BF900900200064004096
:101810007F8F030078160020E009002000B587B014
:101820000023029303930493059302682A4B9A4280
:1018300001D007B000BD03F5D633DA6942F000727B
:10184000DA61DA6902F000720092009A9A6942F055
:1018500008029A619B6903F008030193019B4FF40E
:101860008073029302A91D4803F030FE4FF4007309
:101870000293022303930323059302A9174803F05D
:1018800025FE174A536823F4C04343F0E06343F452
:101890008043536000220321132003F0D7FA132062
:1018A00003F0E4FA00220321142003F0CFFA1420FD
:1018B00003F0DCFA00220321152003F0C7FA1520FB
:1018C00003F0D4FA00220321162003F0BFFA1620F9
:1018D00003F0CCFAADE700BF00640040000C01400B
:1018E0000000014008B50A46044B0146044802F0D6
:1018F000C1FF00B908BD00F0F7F8FBE7B809002008
:101900009009002008B50E4B0E4A002103F03EF866
:1019100090B90C4B1868C309C0F3C71200F07F00E0
:1019200022B1094A5268DBB29A4204D1054B1A69C6
:10193000034906F089FB08BD00F0D6F8E9E700BFCF
:10194000BC090020C40900207816002000B583B02F
:10195000114B5A6942F001025A615B6903F00103BD
:101960000193019B002211460B2003F06FFA0B201C
:1019700003F07CFA002203210E2003F067FA0E2008
:1019800003F074FA002203210F2003F05FFA0F2006
:1019900003F06CFA03B000BD001002402DE9F047DF
:1019A00088B004AD00240494059406940794494B30
:1019B0009A6942F010029A619A6902F0100200924C
:1019C000009A9A6942F020029A619A6902F0200214
:1019D0000192019A9A6942F004029A619A6902F0AE
:1019E00004020292029A9A6942F008029A619B6983
:1019F00003F008030393039BDFF8DCA022464FF4B7
:101A0000C041504603F05BFE344F22463C2138462D
:101A100003F055FEDFF8C89022460221484603F045
:101A20004EFE01224FF40041384603F048FE4FF4C9
:101A3000C04304930126059606944FF00208CDF8A2
:101A40001C802946504603F041FD3C230493059633
:101A50000694032307932946384603F037FD802375
:101A60000493204B059306942946384603F02EFD37
:101A70000496059406942946484603F027FDCDF8C0
:101A8000108005960694CDF81C802946484603F040
:101A90001DFD41F204030493059406962946484629
:101AA00003F014FD4FF40043049305960694CDF81B
:101AB0001C802946384603F009FD4FF4E063049387
:101AC000059406962946384603F000FD08B0BDE8A7
:101AD000F08700BF001002400010014000080140E4
:101AE000000C01400000311072B6FEE710B594B052
:101AF0000AAC28220021204609F01EFF002305938E
:101B00000693079308930993019302930393049315
:101B100001220A924FF480330B930E92022211920B
:101B200012934FF480131393204603F0E5FDB8B9E8
:101B30000F2305930221069107904FF480620892CB
:101B4000099005A804F020F860B9022301934FF42E
:101B50000043039301A804F0F3F828B914B010BDB2
:101B6000FFF7C2FFFFF7C0FFFFF7BEFF08B502F0A7
:101B7000D5F9FFF7BBFFFFF711FFFFF7E7FEFFF710
:101B800019FD00F09BFBFFF7F7FD00F00BF800F0EC
:101B9000BFFA00F087F900F0D9F900F04BF906F030
:101BA00067F9FEE708B51048104B03604FF48273E5
:101BB0004360002383604FF40062C260022202612E
:101BC000012242614FF4007282611022C2610362FD
:101BD000436283620A23C36204F038FA00B908BD85
:101BE000FFF782FFFBE700BFF8090020003001404B
:101BF00000B587B000230293039304930593026812
:101C0000194B9A4201D007B000BD03F560439A69B1
:101C100042F480529A619A6902F480520092009ACA
:101C20009A6942F008029A619B6903F008030193E4
:101C3000019B28230293022303930323059302A904
:101C40000A4803F043FC10230293002303930493F8
:101C500002A9064803F03AFC054A536843F0E063E2
:101C600043F001035360CEE700300140000C014017
:101C70000000014082B00E4B9A6942F001029A6165
:101C80009A6902F001020092009ADA6942F08052E9
:101C9000DA61DB6903F080530193019B054A5368C5
:101CA00023F0E06343F00073536002B0704700BF5D
:101CB0000010024000000140FEE7FEE7FEE7FEE7FD
:101CC000FEE770477047704708B502F039F908BD64
:101CD00008B5024803F0ECF908BD00BFEC0800208D
:101CE00008B5024803F0E4F908BD00BF740B0020FA
:101CF00008B5024803F0DCF908BD00BFB80B0020AE
:101D000008B5024802F023FF08BD00BF900900207B
:101D100008B5024802F01BFF08BD00BF9009002073
:101D200008B5024802F013FF08BD00BF900900206B
:101D300008B5024802F00BFF08BD00BF9009002063
:101D4000704708B505F0F0FF08BD704708B506F00C
:101D500031F808BD10B582B0194B1B681A6812F033
:101D6000100F04D1164805F081FA02B010BD002210
:101D700001921A6801925B680193019B104805F07B
:101D800099F9104B1B685B68C3F1FF2303F57F03D0
:101D90008033DBB20C4C237021780C4B1B680C4851
:101DA0009847227800210A4809F0C6FD4FF0000349
:101DB000237080220649024805F0D0FBD2E700BF1D
:101DC000FC0B0020B80B0020C40C0020400C0020AD
:101DD000440C00200120704708B509F01FFF1623AE
:101DE00003604FF0FF3008BD08B54FF0FF31FFF73B
:101DF000F3FFFEE708B503460B4A126842B10A4AF0
:101E0000106803446A46934206D8074A136008BD27
:101E1000054A06491160F2E709F000FF0C23036050
:101E20004FF0FF30F3E700BF500A0020C819002030
:101E30007047000000B587B000230293039304931A
:101E40000593009301931548154A026047224260AA
:101E5000836042F20F72C260036143618023836139
:101E600004F000FC88B94FF48053029302A90B4898
:101E700004F0B3FD60B9002300930193694607485D
:101E800004F006FF38B907B000BDFFF72DFEEAE702
:101E9000FFF72AFEEFE7FFF727FEF4E72C0B002001
:101EA000002C014000B58DB00023079308930993DF
:101EB0000A930B9305930693019302930393049360
:101EC0002048214A02604722426083604FF6FF7239
:101ED000C2600361836104F0C5FB20BB194804F0B4
:101EE00019FC18BB0423079350230893002309937C
:101EF0000B9307A9134804F029FED0B900230593DA
:101F0000069305A90F4804F0C3FEA8B90022019268
:101F1000012302930392049201A90A4804F0F8FCF9
:101F200068B90DB000BDFFF7DFFDD7E7FFF7DCFDB7
:101F3000D8E7FFF7D9FDE1E7FFF7D6FDE6E7FFF7C2
:101F4000D3FDEEE79C0A00200004004000B587B0F6
:101F50000023029303930493059300930193144881
:101F6000144A02604722426083603122C2600361EA
:101F70008023836104F076FB88B94FF48053029389
:101F800002A90B4804F029FD60B9002300930193D6
:101F90006946074804F07CFE38B907B000BDFFF77A
:101FA000A3FDEAE7FFF7A0FDEFE7FFF79DFDF4E7EC
:101FB000540A00200008004000B589B000230493B3
:101FC0000593069307930368294A934207D0294A49
:101FD000934217D0284A934236D009B000BD274B10
:101FE0009A6942F400629A619B6903F4006300936A
:101FF000009B00220521192002F028FF192002F081
:1020000035FFEAE71D4BDA6942F00202DA61DA696C
:1020100002F002020192019A9A6942F004029A6166
:102020009B6903F004030293029B4023049304A9D9
:10203000134803F04BFA002211461D2002F006FF60
:102040001D2002F013FFC8E70C4BDA6942F00402CE
:10205000DA61DB6903F004030393039B002211465A
:102060001E2002F0F3FE1E2002F000FFB5E700BFC5
:10207000002C014000040040000800400010024015
:10208000000801400368B3F1804F00D0704782B070
:1020900003F50433DA6942F00102DA61DB6903F027
:1020A00001030193019B02B07047000000B587B0A7
:1020B000002302930393049305930368B3F1804FC5
:1020C00001D007B000BD03F504339A6942F008025D
:1020D0009A619B6903F008030193019B4FF44063ED
:1020E0000293022303930323059302A9064803F0F6
:1020F000EDF9064A536823F4407343F0E06343F478
:1021000000735360DDE700BF000C01400000014098
:1021100010B58AB0002308930993019302930393A7
:10212000049305930693079320484FF08042026082
:102130004360836040F2FF32C2600361836104F058
:10214000BDFA38BB00230893099308A9174804F087
:102150009FFD10BB6023019300230293039305931B
:10216000082201A9114804F03BFBC8B90C2201A9BF
:102170000E4804F035FBB0B90C4C0821204604F0A1
:102180001DFD0C21204604F019FD2046FFF78EFFAF
:102190000AB010BDFFF7A8FCD4E7FFF7A5FCD9E70C
:1021A000FFF7A2FCE2E7FFF79FFCE5E7E40A002067
:1021B00070B586B0002302930393049305930268DD
:1021C000344B9A4201D006B070BD044603F5584323
:1021D0009A6942F480429A619A6902F480420092BC
:1021E000009A9A6942F008029A619B6903F0080319
:1021F0000193019B4023029302230393032305933E
:1022000002A9254803F062F980260296002503956D
:10221000049502A9204803F059F9204A536843F075
:10222000E06343F0040353601D481E4B03604560A8
:102230008560C6600561456185614FF48053C36167
:1022400002F056FE00BB164BA3635C621648174BA8
:10225000036010234360002383608022C260036117
:10226000436183614FF48053C36102F041FE70B952
:102270000D4B63635C6200220321252002F0E6FD22
:10228000252002F0F3FD9EE7FFF72EFCDBE7FFF7CA
:102290002BFCEDE700380140000C0140000001403C
:1022A000B80B002058000240740B0020440002408C
:1022B000014B1860704700BF400C002010B5134858
:1022C000134B03604FF4E133436000238360C3602A
:1022D00003610C2242618361C36104F0DEFD88B9B1
:1022E0000A4C2268D36843F01003D360204605F0FF
:1022F000FDF90848FFF7DCFF80220749204605F07A
:102300002DF910BDFFF7F0FBEAE700BFFC0B002042
:102310000038014049860008440C0020704770478F
:1023200070477047704710B5044603685B6998476B
:1023300023689B692046984710BD000010B50446ED
:10234000C1F30901818001F58073C3F3090343815F
:10235000DFF8BCC03CF9133083813CF911C0A0F810
:1023600006C082EAE27EAEEBE27E41F2DB3202FBA5
:102370000EFECEF30B3E83EAE371A1EBE37189B26B
:102380000EFB01F1C1F30F31C1818CEAEC72A2EBBB
:10239000EC7292B20EFB02F2C2F30F3202810368BA
:1023A0001B699847B4F90C30002B10DD23681B6AB9
:1023B0000022012120469847B4F90630002B16DD93
:1023C00023685B6A002201212046984710BD002B3C
:1023D00006DB23681B6A0122114620469847EBE77B
:1023E00023681B6A0122002120469847E4E7002B5E
:1023F00006DB23685B6A0122114620469847E5E721
:1024000023685B6A0122002120469847DEE700BF6F
:102410003CF7000808B50368DB69984708BD38B584
:1024200004460025C581058103681B692A462946A3
:10243000984723681B6A2A462946204698472368FE
:102440005B6A2A4629462046984738BD10B504469F
:102450000021C181018103681B690A4698472368EE
:102460001B6A012211462046984723685B6A0122B5
:1024700011462046984710BD0023C3600161704794
:10248000C3681944C1600369D0F804C0DCF80020B7
:1024900091FBF2F213440361DCF8003091FBF3F29C
:1024A00003FB1211C160704738B504460D4603693D
:1024B000CA1A03D121612369236038BD002A15DDC2
:1024C000002B09DB8168FFF7DBFF2369AB42F2DBFE
:1024D0000023E3602561EEE78168FFF7D1FF236900
:1024E000002BE8DB0023E3602361E4E7002AE2DA63
:1024F000002B0ADD81684942FFF7C2FF2369002BE8
:10250000D9DC0023E3602361D5E781684942FFF706
:10251000B7FF2369AB42CEDC0023E3602561CAE745
:102520008160704708B54368D3F8B4305969FFF744
:10253000F7FF08BD8160704708B54368D3F8B43031
:102540001969FFF7F7FF08BD0023C36001617047F9
:10255000C3681944C1600369D0F804C0DCF80020E6
:1025600091FBF2F213440361DCF8003091FBF3F2CB
:1025700003FB1211C160704738B504460D4603696C
:10258000CA1A03D121612369236038BD002A15DDF1
:10259000002B09DB8168FFF7DBFF2369AB42F2DB2D
:1025A0000023E3602561EEE78168FFF7D1FF23692F
:1025B000002BE8DB0023E3602361E4E7002AE2DA92
:1025C000002B0ADD81684942FFF7C2FF2369002B17
:1025D000D9DC0023E3602361D5E781684942FFF736
:1025E000B7FF2369AB42CEDC0023E3602561CAE775
:1025F00010B504460846E1602161FEF7FFFA014686
:102600004FF07C50FEF702FC606110BD10B504462F
:102610008368D3F8B4301969FFF7EAFFA368D3F8E9
:10262000B4301B69034A82FB0312DB17C3EBA2130E
:10263000A36110BDD34D62100023C36102624362E7
:1026400081627047436A19444162836AD0F808C0C6
:10265000DCF8002091FBF2F213448362DCF80030D6
:1026600091FBF3F203FB121141627047C3691944F5
:10267000C161036AD0F808C0DCF8002091FBF2F2D7
:1026800013440362DCF8003091FBF3F203FB1211F8
:10269000C1617047F8B50446836ACB1A2FD1036A2B
:1026A000826951428B4206DB934204DC0023C36102
:1026B0000362436203E0002B0ADC002B14DB216A77
:1026C0002046FFF7BFFFA36A2360236A6360F8BD5B
:1026D000216949422046FFF7C9FF236A002BEEDC3F
:1026E0000023E3612362EAE721692046FFF7BEFF8A
:1026F000236A002BE3DB0023E3612362DFE7194653
:10270000036A1A4653B9002903DDC168FFF7AEFF1B
:10271000D5E7C1684942FFF7A9FFD0E70D46002978
:1027200044DD002B42DD8368D3F8B430DF68164601
:10273000BA4230DC1046FEF761FA0146FEF7B2FA03
:102740006169FEF7AFFAFEF789FC2946002DB8BF94
:102750006942884213DABE42B1DAE1682046FFF7E7
:1027600085FF216AA368D3F8B420D2689142A6DB22
:102770000022E261D3F8B430DB6823629FE721696D
:1027800049422046FFF772FF236A002B97DC0023A3
:10279000E361236293E701694942FFF767FF236A18
:1027A000002B8CDC0023E361236288E70D460029BF
:1027B0000FDB002983DD002A81DA21692046FFF73B
:1027C00055FF236A002BFFF67AAF0023E3612362F3
:1027D00075E7002A0EDB002AEBDD2169494220461D
:1027E000FFF744FF236A002B3FF769AF0023E36143
:1027F000236264E7A368D3F8B430DB685B421F460A
:1028000016469A4235DB1046FEF7F8F90146FEF708
:1028100049FA6169FEF746FAFEF720FC2946002DC9
:10282000B8BF6942814218DDBE427FF748AFE16818
:1028300049422046FFF71AFF216AA268D2F8B43055
:10284000DB685B4299423FF73AAF0023E361D2F87D
:10285000B430DB685B42236231E721692046FFF731
:1028600005FF236A002BFFF62AAF0023E3612362F2
:1028700025E721692046FFF7F9FE236A002BFFF6C2
:102880001EAF0023E361236219E7C160016141616A
:10289000C2617047C2680261C160A1EB020C82682C
:1028A0001368C269C2EB821203FB0C2283691344D2
:1028B00083619A11C26103F03F038361416101604A
:1028C00042607047C16070470023436103778362B1
:1028D000C262036341637047836A19448162C36AB9
:1028E000D0F808C0DCF8002091FBF2F21344C36278
:1028F000DCF8003091FBF3F203FB121181627047A8
:10290000036B19440163436BD0F808C0DCF8002066
:1029100091FBF2F213444363DCF8003091FBF3F2D5
:1029200003FB1211016370472DE9F84304460D467D
:102930001646036A934230D00027676126626562BB
:10294000D4F82C8008EB0600FEF758F98146A6EB78
:102950000800FEF753F901464846FEF7A3F906467C
:10296000636BED1A6800FEF749F901463046FEF741
:102970004DFAFEF773FB20612777237F002B38D0B9
:10298000E36AEBB9A362E16A2046FFF7B9FF636B24
:102990002360E36A6360BDE8F883436A8B42CBD16E
:1029A000426983694FF47A7101FB03F39A4202DBB7
:1029B00001230377E1E783685B681A444261DCE73F
:1029C000002B0BDDE16849422046FFF785FFE36AF3
:1029D000002BD8DC0023A362E362D4E7E168204641
:1029E000FFF77AFFE36A002BCDDB0023A362E362EB
:1029F000C9E721692046FFF76FFFC4E738B50446F1
:102A00000D468368D3F8B4301969FFF75BFFA56101
:102A100038BD10B50446C0F8B4100830FFF782FD89
:102A200004F11C00FFF788FD04F13000FFF7EEFD14
:102A3000C82104F17C00FFF7E1FF10BDC0F844118C
:102A40007047C0F84811704710B503460A46016345
:102A500000290CDD816A80684068014459659968E5
:102A6000D1F8480101684C68596DA04710BD002994
:102A700002DB816A4165F2E7816A80684068091A71
:102A80005965ECE710B503681A695A61C2690368B1
:102A9000891A196103681A69B2F5801F02DD4FF4C3
:102AA00080121A6103681A6912F5801F01DA274A39
:102AB0001A6103685A68196901FB02F29A61036896
:102AC0005A6A99681C6904FB01225A620268536AB7
:102AD0009B12936203685A6A996AA2EB81225A6236
:102AE0000368DA69996A0A44DA610168D1F81CC09E
:102AF00083685A699302BCEB822F1CDDCB610368AB
:102B0000DA6819695C69091B01FB02F21A62026842
:102B10009369D1690B44116A0B449B12D36202681A
:102B2000D16A83685B6999420ADDD3620368D96A16
:102B3000FFF78AFF10BD5B429C45E0DACB61DEE720
:102B40005B429942F2DAD362F0E700BF0000F0FF87
:102B500010B50368846A091B19640368196CB1F520
:102B6000486F02DD4FF4486119640368196C11F570
:102B7000486F01DA32491964C369D21A0368D21165
:102B80005A6403685A6CB2F57A6F02DD4FF47A62C8
:102B90005A6403685A6C12F57A6F01DA294A5A644A
:102BA00003681A6B196C01FB02F29A640368596D91
:102BB0005A6B5C6C04FB02F29C6BD3F840C00CFBBC
:102BC0000422114459650268536DDB119365036853
:102BD0005A6D996DA2EBC1125A650368DA6C996D52
:102BE0000A44DA640168D1F84CC083685A699302D8
:102BF000BCEB822F1ADDCB640368DA6B596C01FBE6
:102C000002F21A650268936CD16C0B44116D0B448F
:102C10009B12D3650268D16D83685B6999420ADDB6
:102C2000D3650368D96DFFF70FFF10BD5B429C456C
:102C3000E2DACB64E0E75B429942F2DAD365F0E78F
:102C400080F3FFFF60F0FFFF017170478368DB686E
:102C50000B444363704700002DE9F84F04460E46CD
:102C600015464369CB1A8768FA68134483EAE37808
:102C7000A8EBE378F869FDF7C1FF82462946FEF725
:102C800011F883462946FEF70DF84FF07A51FEF70A
:102C900009F881464046FDF7B1FF80464946FEF7F8
:102CA000BDF948B1184B5B69BB6131462046FFF75F
:102CB000CDFF0020BDE8F88F29462846FDF7F2FF3A
:102CC00005464FF081414046FDF7ECFF5146FEF7C7
:102CD0009DF801462846FDF7DBFE05F0BFFE0146E4
:102CE0005046FDF7DFFF01465846FDF7D1FE4FF095
:102CF0007C51FDF7D7FFFEF7B1F9B86131462046A8
:102D0000FFF7A4FF0120D5E77816002083689B69B0
:102D10005A428A4202DC8B4200DB8163704738B53D
:102D200071B1C2688468E068101AFDF767FF054654
:102D3000A068FDF763FF01462846FEF767F838BD37
:102D400042698468E068101AFDF758FF0546A068DC
:102D5000FDF754FF01462846FEF758F8EFE738B56F
:102D60000446C069FDF74AFF0546A3689868FDF769
:102D700045FF01462846FEF749F838BD08B5006B07
:102D8000FDF73CFF0149FEF741F808BD00007A4419
:102D900083685B698B4201DAC36370475B428B4295
:102DA00001DDC3637047C163704700238365C3714E
:102DB00070470000002813DB314B98425DDD314B3A
:102DC00098423CDAA0F5C330A0384FF4837303FB7C
:102DD00000F00015B0F5D77F16DD4FF4D77013E083
:102DE000294B984245DAA3F59213A3F578639842EC
:102DF0000BDB00F5C330A0304FF4837303FB00F00E
:102E0000001510F5D77F36DB7047204B98420BDB5F
:102E100000F59E1000F5B150C0EBC000C0EB0010F3
:102E20000015A0F59670ECE700F5061000F58E5041
:102E3000342303FB00F00015A0F5C370E1E7144B49
:102E400098420BDAA0F59E10A0F5B150C0EBC0007F
:102E5000C0EB0010001500F59670BBE7A0F506105A
:102E6000A0F58E50342303FB00F0001500F5C3706D
:102E7000B0E700207047074870470020704700BF48
:102E80009F86010020D613006179FEFF416EDEFFB0
:102E9000C091210052FEFFFF264B93F834300BB156
:102EA000244B1B7B0371002343718371C360036157
:102EB000436183610362C36143628362C362826868
:102EC000D26842638363C36380F8403080F8413046
:102ED00043648364C36480F8503080F8513080F8D4
:102EE0005230436503638365C371C36580F8603006
:102EF0000268136102685361026893610268D361DA
:102F00000268136202685362026893620268D362C5
:102F10000268136402685364026893640268D364AD
:102F20000268136502685365026893650268D36599
:102F3000704700BF7816002043698268916893FB50
:102F4000F1F001FB1033D3607047016070470268F5
:102F500000235362026893620268D361026853657A
:102F6000026893650268D3647047000038B5044670
:102F7000A44B1B78002B40F0BA80D0F84031DA68BF
:102F80001A61D0F84421D0F84031D288DA60D0F804
:102F90004021D36811695B1A8168B3EB610F40F37C
:102FA000CD805B1A51699161D4F840114A691A4485
:102FB0004A61D4F84021116A53699069181AD4F80B
:102FC0008850D369C3EB431305FB003319441162E6
:102FD000D4F84021136A5B11D361D4F840311A6AE6
:102FE000D969A2EB41121A62D4F84051E869FFF79F
:102FF000E1FE6862D4F840315A69596A0A449A621B
:10300000D4F840315A6C996A521ADA62D4F84031D5
:10301000DA7952B993F850303BB9D4F844010368D7
:103020009B689847002840F09080D4F84001FFF753
:103030008EFFD4F8402100235365D4F84021136358
:10304000D4F8480103689B689847D4F8403159790F
:103050001A79914205D05A71D4F84031012283F88F
:103060005220D4F84021916BA369994240F3C48067
:103070009363D4F84021D16B6369994240F3C480D3
:10308000D363D4F8403193F8502012B193F8402024
:103090002AB193F851202AB193F8412012B90122A4
:1030A00083F85220D4F8403193F85220002A40F09F
:1030B000B180D4F840114B79052B00F0818100F2EA
:1030C0001781032B00F0718100F2FF80012B00F0CB
:1030D0002081022B40F02C81896B04F1A400FFF7C2
:1030E0004BFAD4F84031D4F8A4209A6420E1C268A5
:1030F000816801EBD1735810B2EB630F16DAD4F884
:103100004431DB880244934200DD5B1AD4F840214D
:10311000D360D4F840211361D4F840215361D4F82E
:1031200040219361374B00221A7038BDD4F84431E6
:10313000DB88121A9342E9DA0B44E7E74842B3EB23
:10314000600FBFF62FAF0B442CE7D4F8400190F886
:1031500051307BB94379042B3CD01AD9072B42D08C
:103160002AD8052B43D0062B7FF46FAF816CFFF775
:1031700089FC6AE7FFF7EBFED4F840210023536592
:10318000D4F840211363D4F848010368DB689847FA
:103190005BE7022B23D008D8B3B1012B7FF455AFE6
:1031A000826C416CFFF7D4FC4FE7032B7FF44DAFEB
:1031B000C16CFFF749FC48E7082B7FF446AF826CEF
:1031C000416CFFF7C5FC40E7D4F8480103689B68F1
:1031D00098473AE7826C416CFFF7BAFC35E7816C9F
:1031E000FFF750FC31E7C16CFFF72EFC2DE7826C36
:1031F000416CFFF7ADFC28E75B429942BFF639AF5F
:10320000936336E7040000205B429942BFF639AF72
:10321000D36336E7002283F85220D4F84001FFF749
:1032200096FED4F84001FFF7C0FDD4F840114B7969
:10323000052B32D017D8032B29D00AD8012B1FD049
:10324000022B7FF436AFC96904F1A400FFF77CF9C3
:103250002FE7042B7FF42DAFCA69896A04F58270C9
:10326000FFF732FB25E7072B1ED0082B22D0062BB9
:103270007FF41FAFC96904F1A400FFF765F918E7EF
:10328000CA69896A04F1B800FFF7D6F911E7096B3A
:1032900004F19000FFF7F0F80BE7CA69896A04F1BE
:1032A000B800FFF7C9F904E7096B04F19000FFF7D4
:1032B000E3F8FEE6CA69896A04F1E400FFF7E5FA7B
:1032C000D4F840319A6A5A63F3E6042B30D18A6B02
:1032D000496B04F58270FFF727FBD4F84031D4F82E
:1032E00004215A64D4F84031D4F808219A641FE0CC
:1032F000072B75D0082B7ED0062B19D1896B04F1D2
:10330000A400FFF739F9D4F84031D4F8A4209A6426
:103310000EE0496B04F1B800FFF7BCF9D4F8403176
:10332000D4F8B8205A64D4F84031D4F8BC209A6458
:10333000D4F8403193F8402083F85020D4F840313D
:1033400093F8412083F85120D4F840311A6B82EA77
:10335000E270A0EBE270196891F8601049B15979F8
:10336000032958D0072956D06269824255D00022DD
:103370009A65D4F840315A79032A04D0072A02D03A
:103380006269824263D00022DA65D4F8403183F862
:103390006020D4F8440103689B689847002863D1F3
:1033A000D4F8403105229A71BFE6C96B04F1900050
:1033B000FFF77AF8D4F84031D4F89020DA64B7E710
:1033C000496B04F1B800FFF765F9D4F84031D4F83F
:1033D000B8205A64D4F84031D4F8BC209A64A7E7E6
:1033E000C96B04F19000FFF75FF8D4F84031D4F8CE
:1033F0009020DA649CE7496B04F1E400FFF74AFA95
:10340000D4F84031D4F8E4205A64D4F84031D4F8E8
:10341000E8209A648CE7002AA6D0DA6982EAE27191
:10342000A1EBE271A2682E4D85FB02C5D217C2EB5B
:10343000650291429DDA9A6D2A498A4202D9012297
:10344000DA7196E7D4F88C100A449A6591E7DA6D40
:1034500024498A4203D9012283F8602099E7D4F8ED
:103460008C100A44DA6594E7D4F840315A790AB9E5
:103470009A715AE6D97911B104229A7155E693F8F6
:10348000601011B103229A714FE6012A06D0022A78
:1034900011D0032A19D001229A7146E6596C5A6B51
:1034A000914202D002229A713FE69A6C002AF9D129
:1034B00001229A7139E6996C9A6B914202D00222EC
:1034C0009A7132E601229A712FE6D96CDA6B914239
:1034D00002D002229A7128E601229A7125E600BFE5
:1034E000676666663F420F0010B50446D0F8440197
:1034F00003685B6898472046FFF738FD10BDF0B5BC
:1035000006460D4607883846012304E061460DE073
:10351000084401339BB2AB420FD236F813C0ACEB78
:10352000070EBEEB620FF1DDACEB02015442BEEBC5
:10353000640FEDDA02EB0C01EAE790FBF5F00028EE
:1035400003DB904200DD801AF0BD1044F9E770B54E
:1035500004468368D3F8440103685B689847637B3B
:10356000032B00F090801DD8012B38D0022B4BD0BC
:10357000002B40F0E6802379002B00F0E280A26867
:10358000D2F8480103685B68126921699847A3680B
:103590009B6823610023E382012363734FF00003E0
:1035A0002373CEE0052B00F08680062B00F0C1804F
:1035B000042B40F0C680216901392161A268D2F84C
:1035C000480103685B68126998472369A26892689A
:1035D000B3EB420F40F0B58005236373B1E021697E
:1035E00002312161A268D2F8480103685B68126960
:1035F00098472269A3689B68B2EB430F40F0A18013
:103600002361022363739CE0236919461E46A06868
:1036100005464268B3FBF2F302FB131303BBD0F879
:1036200044319988E28A531C9BB2E3820C3224F81D
:103630001210102B17D1D0F84431DA68102104F1A0
:103640001800FFF75CFFAB68F31A6A68B3FBF2F38C
:103650001C3324F813000023E382731C236102E06F
:103660000B4601332361D5F8480103685B682A697A
:10367000216998472369A2689268B3EB420F60D929
:10368000032363735DE0216901312161A268D2F8EF
:10369000480103685B68126998472169A3689A68C2
:1036A0005B6803EB830302EB4303B1EB430F48D1A9
:1036B0000423637345E0236919461E46A068054646
:1036C0004268B3FBF2F302FB13130BBBD0F8443197
:1036D0009988E28A531C9BB2E3820C3224F81210C0
:1036E000102B17D1D0F84431DA68102104F11800FA
:1036F000FFF705FFAB68F31A6A68B3FBF2F3E43334
:1037000004EB430358800023E382731E236101E02E
:103710004B1E2361D5F8480103685B682A6921695B
:1037200098472269A3689B689A420AD2062363736A
:1037300007E0A368D3F8480103685B6800221146DC
:10374000984770BD0844B0FBF1F301FB13007047CC
:10375000401AB0EB620F00DD801A5342B0EB630FEA
:1037600000DA10447047431A08444010002BB8BFD9
:103770005B425110B3EB620F04DD814201DC401A61
:1037800070470844704700002DE9F84305468768F4
:10379000D7F84431D3F80C90684B83FB09234FEAE8
:1037A000E978C8EBA318002410E004F11C0604F12A
:1037B000E40305EB4303D7F84421D268598835F870
:1037C0001600FFF7D0FF25F816000134C82CECD9FD
:1037D000D7F84431DA68B5F8C611288FFFF7B8FF7B
:1037E000064630B10028D4BF002301232B750124E5
:1037F0000FE001232B73BDE8F88302232B73FAE754
:1038000002232B73F7E701232B73F4E700282CDB4B
:103810000134C72C2ED804F11C0304F11B01D7F886
:103820004421D26835F8111035F81300FFF790FFE6
:1038300080EAE071A1EBE07108EB480303EBD3737E
:10384000B1EB630FD9DC3D4A82FB09324FEAE973E1
:10385000C3EBE2139942D3DB0028D4D00028D5DD96
:10386000002ED3DC01232B73C5E7002ED0DD01230E
:103870002B73C0E7002E03DD4FF00008444604E040
:103880004FF000094C463AE03446C72C1ED8661C5F
:10389000C8213046FFF756FF1C3035F81090C8217C
:1038A0002046FFF74FFF1C3035F81020A9EB02032C
:1038B000002BE9DA08F10108C5F85C43D7F8443178
:1038C000DB68013B9B1AC5F86033DDE7B8F1010FF7
:1038D00031D003232B738EE709F10109C5F85C434E
:1038E000D7F84431DE68013EC8214046FFF72AFF81
:1038F0001C3035F81030F61AC5F860634446C72C02
:1039000013D804F10108C8214046FFF71BFF1C3003
:1039100035F81060C8212046FFF714FF1C3035F839
:103920001030F61A002ED7DCE8E7B9F1010F02D00B
:1039300003232B735FE700232B735CE71F85EB5199
:103940002DE9F84F437B062B40F034810446836811
:10395000D3F8480103689B6898472046FFF714FF97
:10396000237B002B40F01581C4F8643323689B68E7
:103970002046984723681B6820469847237D002BE4
:1039800079D0D4F85C7336E0D4F8605315E0A268BF
:10399000506805FB00F393FBF6F3916807FB0030DA
:1039A000FFF7D0FE2368DB6881B220469847D4F841
:1039B00064330133C4F864330135B542E7DB19E001
:1039C000A268506805FB00F393FBF6F3916807FBD0
:1039D0000030FFF7B7FE2368DB6881B220469847C6
:1039E000D4F864330133C4F864330135D4F8603358
:1039F000AB42E5DC4746D4F85C93A668356809EB32
:103A0000050ABA45C0F2B78007F1010829464046C9
:103A1000FFF798FE1C3034F810B029463846FFF7FF
:103A200091FE1C30D6F84431DA6834F8101058464C
:103A3000FFF78EFE0646B945A6D0BA4519D0002537
:103A4000B542D7DAA268506805FB00F393FBF6F3A2
:103A5000916807FB0030FFF775FE2368DB6881B2D1
:103A600020469847D4F864330133C4F864330135F1
:103A7000E6E70025BAE7D4F85C23A3681B6802EBED
:103A8000030839E0D4F8605316E0A268536803FBDA
:103A900007F005FB03F393FBF6F39168C01AFFF7F9
:103AA00051FE2368DB6881B220469847D4F864331E
:103AB0000133C4F864330135B542E6DB1AE0A2688D
:103AC000536803FB07F005FB03F393FBF6F39168E0
:103AD000C01AFFF737FE2368DB6881B2204698479B
:103AE000D4F864330133C4F864330135D4F8603357
:103AF000AB42E4DC08F1FF38D4F85C93C1453ADC12
:103B0000A668356829464046FFF71CFE1C3034F88D
:103B100010A008F1010729463846FFF713FE1C30B4
:103B2000D6F84431DA6834F810105046FFF710FE2A
:103B300006464D444545A5D0C1451AD00025B5429D
:103B4000D8DAA268536803FB07F005FB03F393FB85
:103B5000F6F39168C01AFFF7F5FD2368DB6881B2C0
:103B600020469847D4F864330133C4F864330135F0
:103B7000E5E70025BAE723685B6820469847D4F854
:103B80006423A368D3F84431DB689A4201D004234C
:103B90002373237B83B9A368D3F8443101221A72BB
:103BA000A368D3F840310122DA71002363732371D3
:103BB000237B5BB1BDE8F88FA368D3F844310022C2
:103BC0001A7223689B6820469847E9E701F05CF980
:103BD000F0E7704710B504460368DB689847236830
:103BE0005B682046984701232372002300E00133DD
:103BF000E2689A4209D9A26932F813104FF6FF72AF
:103C00009142F4D100222272F1E7207A10BD38B53A
:103C100004464FF4034383834FF40443C3830025D6
:103C200017E00133DBB20F2B0AD841FA03F212F08E
:103C3000010FF6D094F82420013284F82420F0E714
:103C400094F8243013F0010F1BD000236375013565
:103C5000EDB2022D17D823681B69A18B2046984727
:103C6000208423681B69E18B204698476084238C5D
:103C7000C1B241EA032189B22182002384F82430B1
:103C8000D1E701236375637D2BB1238A9A08628291
:103C9000C3F340032375638AA380A26932F813003B
:103CA000E08038BD007A7047FFDE38B5044683688F
:103CB0000B44836003681B680179984763798342EA
:103CC00018D0054680B1636900209847A368E26870
:103CD0009B1A2269934203D963690220984708E03E
:103CE00063690320984704E0636901209847A3684B
:103CF000E360657138BD38B504460D4603681B683E
:103D0000017998476071656138BD08B503681B6823
:103D1000984708BD10B50446436819444160032A1A
:103D20003BD008D8012A32D0022A2AD062B92273A5
:103D30006273227408E0042A36D0052A04D10023D5
:103D40000373437301230374237B002B6BD0637BCA
:103D5000002B5FD0A37B032B4DD02BD8012B3BD066
:103D6000022B66D1A368CB1A642B62D923681B6827
:103D700001220021204698476368A3600323A373B0
:103D800057E001230373437300230374DCE701232B
:103D90000373002343730374D6E7012303730023E3
:103DA000437303230374CFE7002303734373022396
:103DB0000374C9E7042B3CD1A368C91AB1F52F7F5E
:103DC00037D923681B680122002120469847636881
:103DD000A3600123A3732CE0A368CB1A642B28D91A
:103DE00023681B6800221146204698476368A36039
:103DF0000223A3731DE0A368CB1A642B19D923688F
:103E00001B6800221146204698476368A36004237C
:103E1000A3730EE023681B68012200212046984707
:103E20000123A37305E023681B6800221146204686
:103E30009847237E022B13D0032B33D0012B0ED1B6
:103E4000636862699B1A642B09D923681B68002286
:103E5000012120469847636863610223237610BDE1
:103E6000636862699B1A642BF9D9E37B0133DBB287
:103E7000E373227C93420AD223681B680122114615
:103E8000204698470123237663686361E7E7236848
:103E90001B6800220121204698470323237663688C
:103EA0006361DCE7636862699B1AB3F57A7FD6D9F0
:103EB0000023E373227C23681B68003A18BF0122A9
:103EC0000121204698476368636101232376C6E792
:103ED00010B504460E4B18680E4B1A784FF47A73DF
:103EE000B3FBF2F3B0FBF3F000F0D2FF68B90F2C94
:103EF00001D901200AE0024621464FF0FF3000F0D0
:103F0000A5FF054B1C60002000E0012010BD00BF94
:103F100000000020050000200800002008B5074A26
:103F2000136843F010031360032000F07DFF0320AB
:103F3000FFF7CEFFFDF79EFE002008BD00200240E7
:103F4000034A1168034B1B780B441360704700BF92
:103F5000C80C002005000020014B1868704700BF06
:103F6000C80C002038B50446FFF7F6FF0546B4F14B
:103F7000FF3F02D0044B1B781C44FFF7EDFF401BB2
:103F8000A042FAD338BD00BF05000020704708B535
:103F9000436A9A6A12F0500F1ED19A6A42F4007274
:103FA0009A621A68926802F46022B2F5602F03D018
:103FB0001846FFF7EBFF08BD1A7B002AF8D19A6A72
:103FC00022F480729A629A6A12F4805FF0D19A6A3F
:103FD00042F001029A62EBE71B6A1B6B9847EAE723
:103FE000704708B5406AFFF7FBFF08BD704708B58A
:103FF000406A836A43F040038362C36A43F0040368
:10400000C362FFF7F3FF08BD00B583B00022019241
:1040100090F82420012A00F0A8800346012280F8AD
:1040200024204A68062A34D8D0F800E0DEF83400AC
:10403000013A02EB82024FF01F0C0CFA02FC20EA5C
:104040000C00D1F800C00CFA02F20243CEF8342082
:104050000A68092A49D9D3F800E0DEF80C000A3AC8
:1040600002EB42024FF0070C0CFA02FC20EA0C00B3
:10407000D1F808C00CFA02F20243CEF80C200A680C
:10408000103A012A45D90020002283F8242003B0E9
:1040900000BD0C2A14D8D0F800E0DEF83000073A52
:1040A00002EB82024FF01F0C0CFA02FC20EA0C001B
:1040B000D1F800C00CFA02F20243CEF83020C7E774
:1040C000D0F800E0DEF82C000D3A02EB82024FF04F
:1040D0001F0C0CFA02FC20EA0C00D1F800C00CFA0C
:1040E00002F20243CEF82C20B2E7D3F800E0DEF86B
:1040F000100002EB42024FF0070C0CFA02FC20EA1F
:104100000C00D1F808C00CFA02F20243CEF81020DD
:10411000B5E71A681648824205D09A6A42F0200232
:104120009A620120B0E7906810F4000F1BD19068EC
:1041300040F4000090600A68102A01D00020A3E734
:104140000C4A12680C49A1FB0212920C02EB82028B
:104150005200019202E0019A013A0192019A002A6A
:10416000F9D1104690E700208EE702208FE700BFCC
:10417000002401400000002083DE1B4330B583B0E3
:104180000023019303689A6812F0010F33D10446AB
:104190009A6842F001029A60184B1B68184AA2FB09
:1041A00003239B0C019302E0019B013B0193019BC4
:1041B000002BF9D1FFF7D0FE054623689B6813F06A
:1041C000010F16D1FFF7C8FE431B022BF5D9236858
:1041D0009B6813F0010FF0D1A36A43F01003A362B0
:1041E000E36A43F00103E362002384F824300120F2
:1041F00002E0002000E0002003B030BD00000020FD
:1042000083DE1B43F8B504460E4617460168454851
:10421000814259D0444B994256D094F82430012B16
:104220007DD0012384F824302046FFF7A7FF054600
:1042300000286FD1A16A21F4706121F0010141F4DD
:104240008071A1622268384B9A4245D0A36A23F458
:104250008013A362536813F4806F05D0A36A23F41C
:10426000405343F48053A362A36A13F4805F49D0A0
:10427000E36A23F00603E362002384F82430236A10
:104280002A4A9A62236A2A4ADA62236A294A1A6304
:1042900023686FF002021A602268936843F4807307
:1042A000936021683B4632464C31206A00F054FE50
:1042B00023689A6802F46022B2F5602F25D09A68CC
:1042C00042F480129A6028E0164B5B6813F4702F5A
:1042D000A3D001231D4620E0A3F580635B6813F49F
:1042E000702FB3D0A36A43F48013A3620D4B5B68B5
:1042F00013F4806FB8D0A36A23F4405343F480537F
:10430000A362B1E70023E362B6E79A6842F4A00231
:104310009A6002E0002384F824302846F8BD022386
:104320001D46FAE700240140002801408F3F0008A5
:10433000E33F0008EF3F000838B503689A6812F0C1
:10434000010F01D1002038BD04469A6822F0010215
:104350009A60FFF701FE054623689B6813F0010F82
:1043600013D0FFF7F9FD431B022BF5D923689B6897
:1043700013F0010FF0D0A36A43F01003A362E36AC5
:1043800043F00103E3620120DDE70020DBE70000EA
:10439000002800F08B8010B50446836A002B5CD0A7
:1043A0002046FFF7C9FFA36A13F0100378D1002855
:1043B00076D1A26A22F4885222F0020242F002026E
:1043C000A2626268E1690A43217B42EA4102D4F8B1
:1043D00008C0BCF5807F03D0BCF1010F43D09C46E0
:1043E00094F814E0BEF1010F40D0D4F800E0DEF8FC
:1043F000041021F4694141EA0C01CEF80410D4F80C
:1044000000C0DCF808E02A490EEA01011143CCF8AB
:104410000810A168B1F5807F01D0012902D123697C
:10442000013B1B05D4F800C0DCF82C1021F470010E
:104430000B43CCF82C30236899681E4B0B409A42F2
:1044400025D0A36A23F0120343F01003A362E36AAA
:1044500043F00103E362012027E0C36280F82430C7
:10446000FDF7F0F89CE74FF4807CB9E731B9A1691A
:1044700001394CEA413141F4006CB6E7A16A41F0E0
:104480002001A162E16A41F00101E162ADE7002390
:10449000E362A36A23F0030343F00103A36204E091
:1044A000A36A43F01003A362012010BD01207047EE
:1044B000FDF7E1FFFE0E1FFF70B582B000230193F0
:1044C00090F82430012B74D00446012380F8243066
:1044D000FFF732FF064628B1002384F82430304627
:1044E00002B070BDA36A23F4885323F0020343F0A3
:1044F0000203A362304B1D68022001F0B1FCB5FB42
:10450000F0F56D00019502E0019B013B0193019BD9
:10451000002BF9D12046FFF731FE2268936843F063
:1045200008039360FFF718FD054623689A6812F0A8
:10453000080F15D0FFF710FD401B0A28F5D9236896
:104540009B6813F0080FF0D0A36A23F0120343F026
:104550001003A362002384F8243001231E46BEE723
:104560009A6842F004029A60FFF7F6FC0546236859
:104570009B6813F0040F15D0FFF7EEFC401B0A28D0
:10458000F5D923689B6813F0040FF0D0A36A23F0D9
:10459000120343F01003A362002384F824300123A4
:1045A0001E469CE7A36A23F0030343F00103A362C2
:1045B00092E702231E4692E700000020002800F048
:1045C000A18038B5044690F82030D3B12268136832
:1045D00043F001031360FFF7BFFC054623685A68E8
:1045E00012F0010F10D1FFF7B7FC401B0A28F5D9D4
:1045F000636A43F400336362052384F820300120AA
:1046000038BDFDF70BF9E1E71A6822F002021A60E3
:10461000FFF7A2FC054623685A6812F0020F0DD07E
:10462000FFF79AFC401B0A28F5D9636A43F400336C
:104630006362052384F820300120E1E7227E012A0D
:104640003DD01A6822F080021A60637E012B3BD0B5
:104650002268136823F040031360A37E012B39D036
:104660002268136823F020031360E37E012B37D008
:104670002268136843F010031360237F012B35D0A9
:104680002268136823F008031360637F012B33D083
:104690002268136823F004031360A368E2681343DD
:1046A00022691343626913436268013A2168134324
:1046B000CB6100206062012384F82030A0E71A68F3
:1046C00042F080021A60C0E72268136843F040039A
:1046D0001360C2E72268136843F020031360C4E745
:1046E0002268136823F010031360C6E7226813687A
:1046F00043F008031360C8E72268136843F004031B
:104700001360CAE701207047026890F82030013B2F
:10471000DBB2012B05D9436A43F4802343620120B5
:10472000704710B5D2F8003243F00103C2F80032EE
:104730004B6903F01F03012000FA03F3D2F81C02B7
:104740006FEA030C20EA0300C2F81C02C869C8B96A
:10475000D2F80C020CEA0000C2F80C02B1F804E036
:104760004869CC684EEA044E483042F830E0B1F86F
:1047700000E048698C684EEA044E483002EBC00005
:10478000C0F804E0C86901281AD0886990BBD2F843
:1047900004020CEA0000C2F80402086980BBD2F8E7
:1047A00014020CEA0000C2F81402096A01292DD093
:1047B000D2F8003223F00103C2F80032002010BD0D
:1047C000D2F80C021843C2F80C02B1F804E04869B0
:1047D0000C684EEA044E483042F830E0B1F80CE084
:1047E00048698C684EEA044E483002EBC000C0F8BD
:1047F00004E0CAE7D2F804021843C2F80402CCE786
:10480000D2F814021843C2F81402CEE7D2F81C12F0
:104810000B43C2F81C32CBE770B5044690F8203049
:10482000012B06D0436A43F400234362012630463D
:1048300070BDDEB2022380F820300268136823F0D6
:1048400001031360FFF788FB054623685B6813F0DC
:10485000010F0CD0FFF780FB431B0A2BF5D9636ACD
:1048600043F400336362052384F82030DFE7002639
:104870006662DCE710B590F820E00468D4F808C060
:104880000EF1FF3E5FFA8EFEBEF1010F78D81CF0EC
:10489000806F05D11CF0006F02D11CF0805F69D0E1
:1048A000CCF3016CBCF1020F05D9436A43F4000359
:1048B0004362012069E04FF0010E0EFA0CFEC3F8CE
:1048C00000E08B68002B40D1CB680C6843EA445E63
:1048D0000CF118031B01046844F803E003680CF1B1
:1048E000180E03EB0E130C695C600B7D012B39D0A5
:1048F000D17993791B0443EA0163517943EA012397
:1049000092F804E0016843EA0E0301EB0C11C1F8D0
:104910008C31D17893781B0443EA0163517843EAE0
:104920000123117802680B4302EB0C12C2F88831A4
:1049300002680CF1180C4FEA0C1C52F80C3043F0D2
:10494000010342F80C3000201FE04C6843EAC40326
:10495000CC6823430CF1180E4FEA0E1E046844F88D
:104960000E30BBE7036803EB0E13596841F4807106
:104970005960BDE7436A43F400134362012004E039
:10498000436A43F480234362012010BD90F820C0A5
:104990000CF1FF3C5FFA8CFCBCF1010F00F2B3801C
:1049A00061B9D0F800C0DCF80CC01CF0030F12D1C4
:1049B000436A43F40013436201207047D0F800C0FB
:1049C000DCF810C01CF0030F05D1436A43F4001358
:1049D00043620120704700B501F11B0C4FEA0C1C2B
:1049E000D0F800E05EF80CC00CF0040CC2F808C06F
:1049F000BCF1000F74D101F11B0C4FEA0C1CD0F874
:104A000000E05EF80CC04FEA5C5CC2F800C001F147
:104A10001B0C4FEA0C1CD0F800E05EF80CE00EF026
:104A2000020EC2F80CE0D0F800E0E644DEF804E044
:104A30000EF00F0EC2F810E0D0F800E0E644DEF809
:104A400004E0CEF3072EC2F818E0D0F800E0F444FA
:104A5000DCF804C04FEA1C4CC2F814C0026802EB38
:104A60000112D2F8B8211A70026802EB0112D2F8D2
:104A7000B821C2F307225A70026802EB0112D2F881
:104A8000B821C2F307429A70026802EB0112D2F811
:104A9000B821120EDA70026802EB0112D2F8BC21C2
:104AA0001A71026802EB0112D2F8BC21C2F307228C
:104AB0005A71026802EB0112D2F8BC21C2F307421C
:104AC0009A71026802EB0112D2F8BC21120EDA715F
:104AD00099B90268D36843F02003D360002000BD79
:104AE00001F11B0C4FEA0C1CD0F800E05EF80CC082
:104AF0004FEADC0CC2F804C089E70268136943F08E
:104B000020031361EAE7436A43F4802343620120F0
:104B1000704790F82030013BDBB2012B05D9436A86
:104B200043F48023436201207047026853690B43BA
:104B30005361002070477047704770477047704757
:104B400070477047704770477047704770472DE94E
:104B5000F84F054603685C69D3F804809F68DA68FB
:104B600091461A6992469A69934614F001063BD021
:104B700017F0010616D001229A6017F0020F08D133
:104B800017F0040F0CD117F0080606D04FF480562A
:104B900008E0FFF7D0FF002604E0FFF7CFFF01E0B9
:104BA0004FF4006617F4807F0DD02B684FF48072AD
:104BB0009A6017F4007F40F0928017F4806F00F045
:104BC000928046F4005617F4803F0DD02B684FF4C6
:104BD00080329A6017F4003F40F08F8017F4802FE6
:104BE00000F08F8046F4004614F0080F07D019F04B
:104BF000100F04D046F400762B681022DA6014F00F
:104C0000040F03D019F0080F40F0858014F0020F54
:104C100005D02B68DB6813F0030F40F0838014F09D
:104C2000400F07D01AF0100F04D046F480662B68AE
:104C300010221A6114F0200F02D01AF0080F75D15B
:104C400014F0100F04D02B681B6913F0030F74D1FC
:104C500014F4003F02D018F0100F72D114F4803F0A
:104C600002D018F0080F73D114F4004F33D018F0AD
:104C7000040F2DD014F4807F04D01BF0010F01D05D
:104C800046F0010614F4007F04D01BF0020F01D09F
:104C900046F0020614F4806F04D01BF0040F01D01C
:104CA00046F0040614F4006F12D01BF070030FD00E
:104CB000402B61D053D8202B58D0302B59D0102BFB
:104CC00001D146F008062A68936923F070039361C6
:104CD0002B6804225A60002E54D1BDE8F88F284674
:104CE000FFF72AFF6FE717F4006F02D046F4804603
:104CF00069E72846FFF723FF65E72846FFF71DFF12
:104D000072E717F4002F02D046F480366CE728468D
:104D1000FFF716FF68E72B680822DA602846FFF7DE
:104D200010FF73E72846FCF7EDFD78E72B680822B3
:104D30001A612846FFF707FF82E72846FFF702FFC0
:104D400086E72B6810225A602846FFF7FDFE85E7AC
:104D50002B6808225A602846FFF7F7FE84E7502B9D
:104D60000DD0602BAFD146F48076ACE746F010064C
:104D7000A9E746F02006A6E746F04006A3E746F07E
:104D80008006A0E76B6A33436B622846FFF7DEFEBE
:104D9000A3E70000002808DB0901C9B200F1604068
:104DA00000F5614080F80013704700F00F00090122
:104DB000C9B2014B1954704714ED00E000B500F082
:104DC0000700A0F1030CBCF1040F07D8C0F1070ED7
:104DD0000430062806D84FF0000C03E04FF0040E14
:104DE0004FF0000C4FF0FF3303FA0EF021EA000100
:104DF00001FA0CF103FA0CF322EA030241EA020081
:104E000000BD0000BFF34F8F0549CA6802F4E0629D
:104E1000044B1343CB60BFF34F8F00BFFDE700BFD0
:104E200000ED00E00400FA05074AD36823F4E063CC
:104E30001B041B0C000200F4E060034343F0BF635B
:104E400043F40033D360704700ED00E010B5044632
:104E5000054BD868C0F30220FFF7B0FF014620469B
:104E6000FFF798FF10BD00BF00ED00E0002807DB52
:104E700000F01F02400901239340024A42F820300B
:104E8000704700BF00E100E008B5FFF7BBFF00007E
:104E90000138B0F1807F0BD24FF0E0235861054A12
:104EA000F02182F823100020986107221A617047D0
:104EB0000120704700ED00E000B58E46016C4FF018
:104EC000010C0CFA01F1D0F83CC0CCF804100168D8
:104ED0004B604368102B05D00368C3F808E00368F3
:104EE000DA6000BD03689A600368C3F80CE0F8E775
:104EF00050B310B402460168144B0B441448A0FB95
:104F000003031B099B001364124BD363022382F833
:104F1000213008686FF30D10536894682343D468F8
:104F20002343146923435469234394692343D46975
:104F3000234303430B6000209063012382F8213058
:104F400082F8200010BC704701207047F8FFFDBFB9
:104F5000CDCCCCCC0000024010B5044690F8200027
:104F6000012834D0012084F8200094F82100012881
:104F700004D0002384F82030022010BD022084F8E1
:104F800021000020A063D4F800C0DCF8000020F06D
:104F90000100CCF800002046FFF78EFFE36A5BB10A
:104FA0002268136843F00E0313602268136843F00D
:104FB000010313600020E0E72268136823F0040374
:104FC00013602268136843F00A031360EDE70220C0
:104FD000D3E7034690F82120022A06D004228263F8
:104FE000002280F820200120704701680A6822F022
:104FF0000E020A6001680A6822F001020A60026C6F
:10500000C06B012101FA02F2426083F821100020F6
:1050100083F820007047000008B590F82130022B7B
:1050200003D004238363012008BD0268136823F0C2
:105030000E0313600268136823F001031360036812
:10504000194A934214D0143293421FD0143293421F
:105050001ED0143293421ED0143293421ED014320A
:10506000934202D04FF0807203E04FF4801200E0D0
:1050700001220E4B5A60012380F82130002380F872
:105080002030436B6BB198470020CDE71022F0E74A
:105090004FF48072EDE74FF48052EAE74FF480322C
:1050A000E7E71846C0E700BF0800024000000240E2
:1050B00008B5C36B1A68D0F800C0DCF800E0016CDA
:1050C00004238B40134238D01EF0040F35D0DCF897
:1050D000003013F0200F05D1DCF8003023F004037A
:1050E000CCF800300368464A934214D014329342FD
:1050F00018D01432934217D01432934217D014327E
:10510000934217D01432934202D04FF0806203E0F2
:105110004FF4800200E004223A4B5A60C36A03B1A4
:10512000984708BD4022F7E74FF48062F4E74FF458
:105130008042F1E74FF48022EEE702238B401342D6
:105140003FD01EF0020F3CD0DCF8003013F0200FEF
:1051500008D1DCF8003023F00A03CCF8003001233A
:1051600080F821300368264A934214D014329342C7
:105170001CD0143293421BD0143293421BD01432F1
:1051800093421BD01432934202D04FF0007203E0DE
:105190004FF4001200E002221A4B5A60002380F8FC
:1051A0002030836A002BBCD09847BAE72022F3E76F
:1051B0004FF40072F0E74FF40052EDE74FF4003285
:1051C000EAE708238B401342ABD01EF0080FA8D0AB
:1051D000DCF8003023F00E03CCF80030026CC16B19
:1051E000012303FA02F24A60836380F8213000232E
:1051F00080F82030036B002B93D0984791E700BFD5
:105200000800024000000240044B0022DA61044A18
:10521000136943F00103136101807047D00C002033
:1052200000200240184BDB6813F0100305D0174A2A
:10523000D36943F00203D3611023134AD26812F0FA
:10524000040F06D01149CA6942F00102CA6143F055
:1052500004030D4AD26912F0010F0DD00B49CA693F
:1052600042F00402CA610849CA6922F00102CA6117
:1052700040F20112934202D0034AD3607047CB69D7
:1052800023F00103CB61704700200240D00C0020C6
:105290000A4B1B6913F0800F0BD0084B084A5A6069
:1052A00002F188325A601B6913F0800F03D100208D
:1052B0007047002070470120704700BF0020024067
:1052C00023016745034A136943F0800313610020FB
:1052D000704700BF0020024038B50446FEF73CFE90
:1052E0000546164BDB6813F0010F0AD0B4F1FF3FFF
:1052F000F7D024B1FEF730FE401BA042F1D90320C5
:105300001BE00E4BDB6813F0200F02D00B4B20226A
:10531000DA600A4BDB6813F0100F0BD1074BDB6927
:1053200013F0010F06D1054BDB6813F0040F01D118
:10533000002002E0FFF776FF012038BD0020024088
:105340002DE9F0411D46244B1B7E012B41D0044624
:105350000E461746204B01221A764CF25030FFF7CA
:10536000BBFF034678BB012C08D0022C03D04FF0C2
:1053700004081C4607E04FF00208FAE74FF0010866
:10538000F7E70134E4B244451DD22101C1F1200206
:10539000A1F1200327FA01F105FA02F2114325FADF
:1053A00003F3194389B206EB4400FFF72DFF4CF2DB
:1053B0005030FFF791FF094A136923F0010313618D
:1053C00003460028DDD0044A002111761846BDE8C6
:1053D000F0810223FAE700BFD00C00200020024039
:1053E000064B0022DA61064B1A6942F004021A6188
:1053F0001A6942F040021A61704700BFD00C0020C9
:1054000000200240064B0022DA61064B1A6942F086
:1054100002021A6158611A6942F040021A6170472B
:10542000D00C002000200240264B1B7E012B46D0D2
:1054300070B505460E46234B01221A760368022BEF
:1054400020D04CF25030FFF747FF90BB4FF0FF33B6
:105450003360AC680121EA68AB6803EB8223A342A6
:1054600028D92046FFF7CEFF4CF25030FFF734FF2B
:10547000154A136923F0020313610146B8B904F514
:105480008064E8E74CF25030FFF726FF08B10121B5
:1054900010E00120FFF7A4FF4CF25030FFF71CFF93
:1054A0000146094A136923F00403136102E03460E2
:1054B00000E00121034B00221A76084670BD02214C
:1054C00008467047D00C00200020024070B582B022
:1054D0004FF0000EF446A4E0012B28D0022B03D19C
:1054E000CB6803F1080E24E01BBB8B68002B65D052
:1054F000012B5CD042614FF0080E1AE0664DAB42C2
:10550000F3D00CD8A5F58015AB42EED005F570258B
:10551000AB42EAD0A5F58015AB42E6D009E05F4D7D
:10552000AB42E2D005F58035AB42DED001E0D1F8E8
:105530000CE0FF2C45D806464FEA8C0233680F2555
:10554000954023EA05030EFA02F2134333604B68D9
:1055500013F0805F63D0524B9A6942F001029A6166
:105560009B6903F001030193019B4FEA9C02951C88
:105570004C4B53F825600CF00305AD000F23AB40F6
:1055800026EA0306484B984222D003F580639842EE
:1055900063D003F58063984261D003F5806398423D
:1055A00014D0042315E0CB6803F10C0EC1E70261AF
:1055B0004FF0080EBDE74FF0000EBAE74FF0040EB3
:1055C000B7E7061DACF108029200B7E7032300E03D
:1055D0000023AB4033430232324D45F822304B6852
:1055E00013F4803F3DD0314A1368234313604B6866
:1055F00013F4003F3BD02D4A5368234353604B685C
:1056000013F4801F39D0294A9368234393604B6871
:1056100013F4001F37D0254AD3682343D3600CF11D
:10562000010C0B6833FA0CF233D0012202FA0CF2AF
:1056300003EA020432EA0303F1D14B68032BBAD028
:105640007FF64AAF122BAED03FF658AF112B7FF446
:1056500070AFCB6803F1040E6BE70123B9E70223B7
:10566000B7E7124A136823EA04031360BFE70F4A3F
:10567000536823EA04035360C1E70C4A936823EAA2
:1056800004039360C3E7094AD36823EA0403D360A1
:10569000C5E702B070BD00BF00002210000031104D
:1056A00000100240000001400008014000040140D9
:1056B0008368194201D001207047002070470AB169
:1056C00001617047090401617047000082B0084B16
:1056D0001B68084AA2FB03235B0A00FB03F3019348
:1056E00000BF019B5A1E0192002BF9D102B07047F6
:1056F00000000020D34D6210002800F0F38170B547
:1057000082B00446036813F0010F2CD09A4B5B68FB
:1057100003F00C03042B1DD0974B5B6803F00C03C4
:10572000082B12D06368B3F5803F41D0002B55D1D0
:1057300003F1804303F504331A6822F480321A60BF
:105740001A6822F480221A6037E08B4B5B6813F4EE
:10575000803FE7D0884B1B6813F4003F03D0636899
:10576000002B00F0C181236813F0020F75D0824B2B
:105770005B6813F00C0F5FD07F4B5B6803F00C038A
:10578000082B54D02369002B00F08A807B4B012228
:105790001A60FEF7E1FB0546774B1B6813F0020F1A
:1057A00075D1FEF7D9FB401B0228F5D90320A0E1F3
:1057B000714A136843F480331360636843B3FEF7A0
:1057C000CBFB05466C4B1B6813F4003FCBD1FEF7B7
:1057D000C3FB401B6428F5D903208AE1B3F5A02F51
:1057E00009D0654B1A6822F480321A601A6822F4D4
:1057F00080221A60E1E703F18043A3F53C331A6885
:1058000042F480221A601A6842F480321A60D4E7A7
:10581000FEF7A2FB0546584B1B6813F4003FA2D0CD
:10582000FEF79AFB401B6428F5D9032061E1524B37
:105830005B6813F4803FA5D14F4B1B6813F0020F38
:1058400003D02369012B40F051814B4A136823F0A8
:10585000F803616943EAC1031360236813F0080F7A
:1058600033D0A369002B5DD0444B0122C3F88024C0
:10587000FEF772FB0546404B5B6A13F0020F21D125
:10588000FEF76AFB401B0228F5D9032031E13A4AB2
:10589000136823F0F803616943EAC1031360DCE78E
:1058A000364B00221A60FEF757FB0546324B1B6849
:1058B00013F0020FD1D0FEF74FFB401B0228F5D9A1
:1058C000032016E10120FFF701FF236813F0040F06
:1058D00000F09880284BDB6913F0805F35D1264BB0
:1058E000DA6942F08052DA61DB6903F08053019398
:1058F000019B01231E46224B1B6813F4807F27D097
:10590000E368012B3ED0002B54D103F1804303F513
:1059100004331A6A22F001021A621A6A22F004029F
:105920001A6234E0154B0022C3F88024FEF714FB02
:105930000546114B5B6A13F0020FC6D0FEF70CFB55
:10594000401B0228F5D90320D3E000231E46D2E7EE
:105950000B4A136843F480731360FEF7FDFA0546A3
:10596000074B1B6813F4807FCAD1FEF7F5FA401B82
:105970006428F5D90320BCE0001002400000424238
:10598000007000405F4A136A43F001031362E3684A
:1059900033B3FEF7E1FA05465A4B1B6A13F0020FC8
:1059A0002FD1FEF7D9FA401B41F288339842F3D940
:1059B00003209EE0052B09D0524B1A6A22F0010207
:1059C0001A621A6A22F004021A62E0E74D4B1A6A60
:1059D00042F004021A621A6A42F001021A62D6E721
:1059E000FEF7BAFA0546474B1B6A13F0020F08D0C0
:1059F000FEF7B2FA401B41F288339842F3D90320F4
:105A000077E0E6B9E369002B72D03E4A526802F0B3
:105A10000C02082A56D0022B17D03B4B00221A66E4
:105A2000FEF79AFA0446374B1B6813F0007F47D005
:105A3000FEF792FA001B0228F5D9032059E0314AFB
:105A4000D36923F08053D361DCE72F4B00221A6621
:105A5000FEF782FA05462B4B1B6813F0007F06D039
:105A6000FEF77AFA401B0228F5D9032041E0236AA9
:105A7000B3F5803F1AD023494B6823F47413226A8C
:105A8000606A024313434B601F4B01221A66FEF704
:105A900063FA04461B4B1B6813F0007F0ED1FEF720
:105AA0005BFA001B0228F5D9032022E0154A53684F
:105AB00023F40033A1680B435360DCE7002018E0B7
:105AC000002016E0012B16D00E4B5B6803F48031EA
:105AD000226A914211D103F47013626A93420ED18B
:105AE000002006E001207047012002E0012000E0D4
:105AF000184602B070BD0120FBE70120F9E7012044
:105B0000F7E700BF001002400000424286B0194B88
:105B10000FCB0DF1180C0CE90F0040F20123ADF88A
:105B20000430154B5B6803F00C02042A1CD0082AD1
:105B30001DD1C3F3834218326A4412F8100C13F4D7
:105B4000803F0DD00C4B5B68C3F3404318336B446C
:105B500013F8143C094A02FB00F0B0FBF3F004E038
:105B6000074B03FB00F000E0044806B0704705480F
:105B7000FBE700BF90FF000800100240001BB700C9
:105B800000093D0000127A00002800F0A08070B5E6
:105B90000D460446524B1B6803F007038B420BD2A1
:105BA0004F4A136823F007030B431360136803F095
:105BB00007038B4240F08D80236813F0020F17D04B
:105BC00013F0040F04D0474A536843F4E063536072
:105BD000236813F0080F04D0424A536843F460531B
:105BE0005360404A536823F0F003A1680B435360AD
:105BF000236813F0010F31D06368012B20D0022BF2
:105C000025D0384A126812F0020F64D035494A682C
:105C100022F0030213434B60FEF79EF90646314B18
:105C20005B6803F00C036268B3EB820F16D0FEF7DB
:105C300093F9801B41F288339842F0D9032045E064
:105C4000284A126812F4003FE0D101203EE0254AC4
:105C5000126812F0007FD9D1012037E0204B1B6879
:105C600003F00703AB420AD91D4A136823F0070368
:105C70002B431360136803F00703AB422DD1236855
:105C800013F0040F06D0174A536823F4E063E16869
:105C90000B435360236813F0080F07D0114A536871
:105CA00023F46053216943EAC1035360FFF72EFFD9
:105CB0000C4B5B68C3F303130B4AD35CD8400B4B0C
:105CC00018600B4B1868FEF703F9002070BD012027
:105CD00070470120FAE70120F8E70120F6E700BF4E
:105CE0000020024000100240C8F60008000000201A
:105CF00008000020014B1868704700BF000000201A
:105D000008B5FFF7F7FF044B5B68C3F30223034AB0
:105D1000D35CD84008BD00BF00100240C0F60008A8
:105D200008B5FFF7E7FF044B5B68C3F3C223034AE0
:105D3000D35CD84008BD00BF00100240C0F6000888
:105D400070B582B00446036813F0010F39D0414B9F
:105D5000DB6913F0805F4DD13E4BDA6942F080522F
:105D6000DA61DB6903F080530193019B01231E4636
:105D7000394B1B6813F4807F3FD0364B1B6A13F4FA
:105D8000407315D0626802F440729A4210D0314AD2
:105D9000136A23F4407031494FF0010CC1F840C43C
:105DA0004FF0000CC1F840C4106213F0010F38D15D
:105DB000284A136A23F4407361680B431362002E70
:105DC00040D1236813F0020F06D0224A536823F40F
:105DD0004043A1680B435360236813F0100F36D083
:105DE0001C4A536823F48003E1680B43536000208E
:105DF00002B070BD00231E46BAE7174A136843F489
:105E000080731360FEF7A8F80546134B1B6813F464
:105E1000807FB2D1FEF7A0F8401B6428F5D903209B
:105E2000E6E7FEF799F805460A4B1B6A13F0020FE6
:105E3000BED1FEF791F8401B41F288339842F3D966
:105E40000320D5E7D36923F08053D361B9E700205D
:105E5000CEE700BF00100240007000400000424248
:105E600000B587B08446384B0FCB0DF1180E0EE904
:105E70000F0040F20123ADF80430BCF1020F56D000
:105E8000BCF1100F04D0BCF1010F2CD0002058E061
:105E90002E4B5A68186810F0807052D0C2F38343BA
:105EA00018336B4413F8100C12F4803F17D0274BB3
:105EB0005B68C3F3404318336B4413F8142C244B32
:105EC000B3FBF2F303FB00F0204B5B6813F4800F8D
:105ED00037D140001F4BA3FB0030400831E01E4B80
:105EE00003FB00F0F0E7194B1A6A02F44073B3F5B4
:105EF000807F07D0B3F5007F0AD0B3F5407F0FD085
:105F000000201EE012F0020FF4D04FF4004018E021
:105F10000E4A526A12F0020FEFD049F6404010E0EC
:105F20000A4B186810F400300BD00C4809E0FFF75A
:105F3000F7FE064B5B68C3F3813301335B00B0FBB4
:105F4000F3F007B000BD00BF90FF00080010024052
:105F5000001BB700ABAAAAAA00093D00366E0100DB
:105F60002DE9F04383B004460F4616461D46FDF763
:105F7000F3FF0A9B1B1A03EB0508FDF7EDFF8146B3
:105F8000284B1B68C3F3CB3308FB03F3019323684F
:105F90009B6837EA03030CBF01230023B3423DD0C3
:105FA000B5F1FF3FF3D0FDF7D7FF4B46C01A404590
:105FB00007D2019A02B14246019B013B01939046F0
:105FC000E5E72268536823F0E00353606368B3F5A4
:105FD000827F0BD0A36AB3F5005F14D0012384F84D
:105FE0005130002384F85030032018E0A368B3F543
:105FF000004F02D0B3F5806FECD12268136823F014
:1060000040031360E6E72268136823F4005313602B
:106010002268136843F400531360DFE7002003B0E5
:10602000BDE8F0830000002010B582B004460B46A6
:10603000009200228021FFF793FF08B902B010BD43
:10604000636D43F0200363650320F7E7002856D013
:1060500010B50446436A33B94368B3F5827F05D06F
:106060000023C36102E00023036143610023A362B4
:1060700094F85130002B3CD0022384F85130226830
:10608000136823F040031360636803F48273A2680B
:1060900002F404421343E26802F4006213432269EB
:1060A00002F002021343626902F001021343A26983
:1060B00002F400721343E26902F038021343226AC9
:1060C00002F080021343A26A02F4005221681343D3
:1060D0000B60638B226803F0040353602268D3696A
:1060E00023F40063D36100206065012384F85130FC
:1060F00010BD84F850302046FBF77AFDBCE7012044
:1061000070472DE9F04383B004460A9D90F8500093
:10611000012800F018810F4691469846012384F823
:106120005030FDF719FF064694F85100C2B263687B
:1061300001280AD0B3F5827F40F0EB80A368002BE2
:1061400040F0F180042A40F0F080002F00F0EF8052
:106150004B46002B00F0ED804346002B00F0EB8017
:1061600094F85130042B02D0052384F851300023D9
:106170006365C4F83890A4F83E80A4F83C80276397
:10618000A4F83680A4F834802364636423681A6812
:1061900012F0400F03D11A6842F040021A60E3681F
:1061A000B3F5006F13D0636813B14346012B0BD1D5
:1061B000226B236812781A73236B01332363E38EF7
:1061C0009BB2013B9BB2E38601231F466EE06368EE
:1061D00013B14346012B0BD1226B23681288DA607E
:1061E000236B02332363E38E9BB2013B9BB2E386B6
:1061F00001231F461CE02268936813F001030ED0B0
:10620000E18F89B259B1D168A26B1180A26B0232C1
:10621000A263E28F92B2013A92B2E2871F46FDF783
:106220009BFE801BA84203D3B5F1FF3F40F0858061
:10623000E38E9BB21BB9E38F9BB2002B55D0236832
:106240009A6812F0020FD6D0E28E92B2002AD2D013
:10625000002FD0D0226B1288DA60236B02332363C5
:10626000E38E9BB2013B9BB2E38600231F46C2E74D
:106270002268936813F001030ED0E18F89B259B1FF
:10628000D168A26B1170A26B0132A263E28F92B24D
:10629000013A92B2E2871F46FDF75EFE831BAB42D6
:1062A00002D3B5F1FF3F4AD1002D4AD0E38E9BB215
:1062B00013B9E38F9BB2C3B123689A6812F0020F3F
:1062C000D6D0E28E92B2002AD2D0002FD0D0226B4C
:1062D00012781A73236B01332363E38E9BB2013B65
:1062E0009BB2E38600231F46C2E73246294620467A
:1062F000FFF79AFE48B9A36863B901932368DA6887
:1063000001929B680193019B04E0202363650120B7
:1063100000E00220012384F85130002384F850303B
:1063200003B0BDE8F0830220F4E70220F2E7012089
:10633000F0E70120EEE70120ECE70320EAE7032085
:10634000E8E70320E6E70220EAE7000000B5036A79
:1063500023F001030362026AD0F804E0836923F0AA
:106360007303D1F800C04CEA030C22F002028B68E0
:1063700013430F4A90420AD00D4A90420ED0C0F803
:1063800004E0C0F818C04A684263036200BD23F00D
:106390000803CA681A4322F00403EDE72EF4407E96
:1063A0004A6942EA0E02D1F818E04EEA020EE6E728
:1063B000002C014000B5036A23F480730362036A72
:1063C000D0F804C0C26922F07302D1F800E04EEAAE
:1063D000020E23F400738A6843EA02230F4A9042B4
:1063E0000AD00E4A90420FD0C0F804C0C0F81CE09A
:1063F0004A68C263036200BD23F40063CA6843EACB
:10640000022323F48063ECE72CF4405C4A694CEAF5
:10641000021C8A694CEA021CE6E700BF002C01401E
:1064200000B5036A23F480530362036AD0F804C002
:10643000C26922F4E642D1F800E042EA0E2223F4D7
:106440000053D1F808E043EA0E33DFF824E070454A
:1064500006D0C0F804C0C2614A680264036200BD8D
:106460002CF4804CD1F814E04CEA8E1CF1E700BF0C
:10647000002C0140036AD0F820C02CF0010CC0F8B9
:1064800020C0D0F818C02CF0F00C4CEA021223F017
:106490000A030B4382610362704700B5D0F820C045
:1064A0002CF0100CC0F820C0D0F818C0D0F820E0B4
:1064B0002CF4407C4CEA022C2CF4704C1B039BB255
:1064C00043EA0C032EF0A00E090101F0A00141EAFD
:1064D0000E018361016200BD036A23F010030362B1
:1064E000D0F818C0036A2CF4704C4CEA023223F046
:1064F000A00343EA011382610362704700B5D0F83C
:1065000020C02CF4807CC0F820C0D0F81CC0D0F88B
:1065100020E02CF0030C4CEA020C2CF0F00C1B01D8
:10652000DBB243EA0C032EF4007E090201F4007191
:1065300041EA0E01C361016200BD00B5D0F820C080
:106540002CF4805CC0F820C0D0F81CC0D0F820E04B
:106550002CF4407C4CEA022C2CF4704C1B039BB2B4
:1065600043EA0C032EF4005E090301F4005141EAF2
:106570000E01C361016200BD836823F070030B4309
:1065800043F007038360704790F83D30012B27D11B
:10659000022380F83D300268D36843F00103D360E2
:1065A0000368114A934210D0B3F1804F0DD0A2F589
:1065B0009432934209D002F58062934205D01A6862
:1065C00042F001021A60002070479A6802F0070248
:1065D000062A07D01A6842F001021A6000207047AC
:1065E0000120704700207047002C014070470000D8
:1065F00003681B4A90420AD0B0F1804F07D0A2F541
:106600009432904203D002F58062904203D123F08D
:1066100070034A681343124A90420AD0B0F1804F87
:1066200007D0A2F59432904203D002F580629042E6
:1066300003D123F44073CA68134323F080034A69EB
:10664000134303608B68C3620B688362044B9842F8
:1066500002D00123436170470B690363F9E700BF70
:10666000002C014040B310B5044690F83D30F3B122
:10667000022384F83D30214651F8040BFFF7B8FFA0
:10668000012384F8463084F83E3084F83F3084F8A3
:10669000403084F8413084F8423084F8433084F844
:1066A000443084F8453084F83D30002010BD80F837
:1066B0003C30FBF781FCDBE70120704740B310B5AD
:1066C000044690F83D30F3B1022384F83D30214672
:1066D00051F8040BFFF78CFF012384F8463084F84F
:1066E0003E3084F83F3084F8403084F8413084F8FC
:1066F000423084F8433084F8443084F8453084F8DC
:106700003D30002010BD80F83C30FBF7BBFCDBE7E0
:106710000120704740B310B5044690F83D30F3B106
:10672000022384F83D30214651F8040BFFF760FF47
:10673000012384F8463084F83E3084F83F3084F8F2
:10674000403084F8413084F8423084F8433084F893
:10675000443084F8453084F83D30002010BD80F886
:106760003C30FFF743FFDBE70120704700B5036AC9
:1067700023F010030362036AD0F804C0826922F494
:10678000E642D1F800E042EA0E2223F02003D1F8DD
:1067900008E043EA0E13DFF844E070450AD0DFF862
:1067A0003CE070450FD0C0F804C082614A68826343
:1067B000036200BD23F08003D1F80CE043EA0E131E
:1067C00023F04003EBE72CF4406CD1F814E04CEAE2
:1067D0008E0CD1F818E04CEA8E0CE4E7002C014056
:1067E00038B590F83C30012B61D00446012380F885
:1067F0003C30082A47D018D8002A2DD0042A3ED190
:106800000D460068FFF7B2FF2268936943F4006306
:1068100093612268936923F480639361226893698A
:10682000296943EA0123936129E00C2A27D10D4607
:106830000068FFF7F5FD2268D36943F40063D36174
:106840002268D36923F48063D3612268D3692969FC
:1068500043EA0123D36112E00D460068FFF776FD9D
:106860002268936943F0080393612268936923F0D7
:10687000040393612268936929690B4393610020A3
:1068800084F83C0038BD0D460068FFF793FD226890
:10689000D36943F00803D3612268D36923F004036A
:1068A000D3612268D36929690B43D361E7E70220EA
:1068B000E8E7000010B51446026A22F00102026205
:1068C0008269D0F820E0DFF844C060450DD0B0F117
:1068D000804F0AD0ACF5943C604506D00CF5806C36
:1068E000604502D042F0010203E022F0030C4CEAC2
:1068F000040222F0F0021B01DBB213432EF00A0265
:1069000001F00A0111438361016210BD002C0140B6
:1069100038B590F83C30012B52D004460D46012387
:1069200080F83C30C2B1042A27D0082A37D0CB687F
:106930004A6809680068FFF700FE2268D36923F4FB
:106940004063D3612268D369A96843EA0123D36114
:10695000002084F83C0038BDCB684A6809680068AC
:10696000FFF7A8FF2268936923F00C039361226864
:106970009369A9680B439361EAE7CB684A680968A1
:106980000068FFF78AFD2268936923F440639361EE
:1069900022689369A96843EA01239361D8E7CB6829
:1069A0004A6809680068FFF7A9FD2268D36923F0E7
:1069B0000C03D3612268D369A9680B43D361C7E78D
:1069C0000220C8E7D0F808C02CF47F4C42EA03222A
:1069D0000A4342EA0C028260704790F83C30012B77
:1069E00066D010B50446012380F83C30022380F8BD
:1069F0003D300268936823F47F4323F0770393606C
:106A00000B68602B40D01CD8402B47D00BD9502BA3
:106A100033D1CA6849680068FFF72CFD502120680F
:106A2000FFF7AAFD29E0202B06D003D823B1102BB5
:106A300002D022E0302B20D119462068FFF79CFDC0
:106A40001BE0702B0ED0B3F5005F16D1CB684A68FF
:106A500089680068FFF7B6FF2268936843F48043B3
:106A600093600AE0CB684A6889680068FFF7AAFF6C
:106A70002268936843F077039360012384F83D30E4
:106A8000002084F83C0010BDCA6849680068FFF720
:106A900023FD60212068FFF76FFDEEE7CA684968B3
:106AA0000068FFF7E7FC40212068FFF765FDE4E799
:106AB0000220704708B5D0F800C0DCF8082022F0AA
:106AC00070024B68134323F007030A681A43CCF89B
:106AD00008204B68602B2ED00CD8402B14D0502BA4
:106AE00006D10A6989680068FFF7C4FC00200AE043
:106AF000002008E0702B25D10B698A68C9680068FE
:106B0000FFF760FF002008BD0B68052B1CD0036851
:106B1000D3F820C01A6A22F001021A62026893694F
:106B200023F0F003096943EA011393610368C3F892
:106B300020C00020E7E70A6989680068FFF7CCFCFD
:106B40000020E0E70020DEE70120DCE790F83C30A1
:106B5000012B22D010B50446012380F83C300223DB
:106B600080F83D30FFF7A6FF80B92268D36823F094
:106B70004003D3602268D36823F48043D3600123A9
:106B800084F83D30002384F83C3010BD012084F8A7
:106B90003D00002384F83C30F7E70220704701F005
:106BA0001F014FF0010C0CFA01FC036A23EA0C03ED
:106BB0000362036A8A4013430362704710B50446B8
:106BC000084649BB94F83E30013B18BF0123002B17
:106BD00058D1002836D1022384F83E3001220146E4
:106BE0002068FFF7DCFF2368284A93423AD02368E5
:106BF000264A93423BD0B3F1804F38D0A2F594326D
:106C0000934234D002F58062934230D01A6842F049
:106C100001021A60002036E0042907D008290BD0B1
:106C200094F84130013B18BF0123D0E794F83F307E
:106C3000013B18BF0123CAE794F84030013B18BF5D
:106C40000123C4E7042805D0082807D0022384F8CC
:106C50004130C3E7022384F83F30BFE7022384F8C2
:106C60004030BBE75A6C42F400425A64BFE79A686E
:106C700002F00702062A07D01A6842F001021A60E1
:106C8000002000E0012010BD0020FCE7002C0140A6
:106C900090F83C20012A2DD000B50346012280F84F
:106CA0003C20022280F83D2002685068D2F808E0BB
:106CB00020F0700C086840EA0C0050601A680E481A
:106CC00082420AD0B2F1804F07D0A0F594308242C0
:106CD00003D000F58060824205D12EF0800E496815
:106CE00041EA0E019160012283F83D20002083F8E3
:106CF0003C0000BD02207047002C01400268D368B0
:106D000023F0C003D360202380F83D307047026831
:106D1000D36823F49073D3600268536923F00103AE
:106D20005361036B012B05D0202380F83E300023F4
:106D3000036370470268D36823F01003D360F3E75E
:106D400090F83D30212B01D0022070478368B3F5C5
:106D5000805F17D0036A5A1C02621A7803685A606F
:106D6000C38C9BB2013B9BB2C3844BB90268D3680E
:106D700023F08003D3600268D36843F04003D360FC
:106D8000002070470369002BE4D1036A1B88026866
:106D9000C3F308035360036A02330362E0E70000B1
:106DA00010B504460268136923F44053C1680B43CD
:106DB000136183680269134342691A430168CB680F
:106DC00023F4B05323F00C031343CB6002685369E0
:106DD00023F4407381690B4353610268134B9A4259
:106DE00020D0FEF78DFF024602EB820202EB820208
:106DF00063689B00B2FBF3F20D48A0FB0231490926
:106E0000642303FB11231B013233A0FB03035B0943
:106E100003F0F00202EB011203F00F0321681344A8
:106E20008B6010BDFEF77CFF0246DDE700380140B5
:106E30001F85EB512DE9F04104460E461546984654
:106E4000069F23681B6836EA03030CBF4FF0010C52
:106E50004FF0000CAC451DD1B7F1FF3FF1D02FB181
:106E6000FDF77AF84346C01AB842EAD92268D368D7
:106E700023F4D073D3602268536923F00103536174
:106E8000202384F83D3084F83E30002384F83C30E1
:106E9000032000E00020BDE8F08158B310B504469F
:106EA00090F83D300BB3242384F83D302268D3683A
:106EB00023F40053D3602046FFF772FF2268136962
:106EC00023F4904313612268536923F02A0353612A
:106ED0002268D36843F40053D36000202064202349
:106EE00084F83D3084F83E3010BD80F83C30FBF72C
:106EF0005FF9D8E7012070472DE9F04184B01E46C4
:106F000090F83D30202B55D104460D46002955D030
:106F10000392002A54D090F83C30012B52D0012328
:106F200080F83C3000230364212380F83D30FDF7D6
:106F300013F80746039BA384E384A368B3F5805F3B
:106F400005D000239846002384F83C3014E02369E0
:106F500013B100239846F6E7A8461D46F3E74246DC
:106F600032F8023B90462268C3F308035360E28C78
:106F700092B2013A92B2E284E38C9BB273B1009672
:106F80003B46002280212046FFF754FFE0B9002D48
:106F9000E5D015F8012B23685A60E8E700963B46D8
:106FA000002240212046FFF745FF78B9202384F8CE
:106FB0003D3000E0022004B0BDE8F0810120FAE796
:106FC0000120F8E70220F6E70320F4E70320F2E7C8
:106FD0002DE9F04184B01E4690F83E30202B5DD163
:106FE00004460D4600295DD00392002A5CD090F83B
:106FF0003C30012B5AD0012380F83C30002303643D
:10700000222280F83E200363FCF7A6FF0746039B7D
:10701000A385E385A368B3F5805F05D00023984678
:10702000002384F83C3019E0236913B1002398460B
:10703000F6E7A8461D46F3E723685B68C3F3080339
:10704000424622F8023B904603E023685B682B70BF
:107050000135E28D92B2013A92B2E285E38D9BB2A4
:10706000BBB100963B46002220212046FFF7E2FEFE
:10707000F0B9002DE0D0A368B3F5805FE5D013B977
:107080002369002BE1D023685B6803F07F032B703A
:10709000DEE7202384F83E30002000E0022004B028
:1070A000BDE8F0810120FAE70120F8E70220F6E7C9
:1070B0000320F4E710B504460268536990F83D10C8
:1070C000212909D02268536903F0400394F83E1047
:1070D000222911D0002010BD03F08003002BF1D035
:1070E000536923F080035361406B08B1FDF771FFD2
:1070F0002046FFF703FEE5E7002BEBD0536923F0B2
:1071000040035361A06B08B1FDF763FF2046FFF712
:10711000FEFDDFE7704708B50168CA6822F040024B
:10712000CA60202280F83D20FFF7F4FF002008BD50
:1071300070477047704710B5446A23685B6994F8DC
:107140003D20212A0FD023685B6903F0400394F8A7
:107150003E20222A11D0236C43F0100323642046E2
:10716000FFF7E8FF10BD03F08003002BEBD00023F6
:10717000E3842046FFF7C2FDE5E7002BEBD00023B8
:10718000E3852046FFF7C3FDE5E708B5406A002325
:10719000C385C384FFF7CEFF08BD704790F83E302B
:1071A000222B5FD18368B3F5805F45D0826AB3F547
:1071B000805F04D0002B4CD10369002B49D10368B8
:1071C0005B681370836A01338362C38D9BB2013B9A
:1071D0009BB2C385002B47D100B583B00268D3684A
:1071E00023F02003D3600268D36823F48073D36054
:1071F0000268536923F001035361202380F83E3075
:10720000036B012B2BD1002303630268D36823F0A7
:107210001003D36003681A6812F0100F06D0002222
:1072200001921A6801925B680193019B818DFFF7BF
:10723000B4FF002003B000BD0269002AB6D1826A03
:1072400003685B68C3F308031380836A02338362B5
:10725000BBE703685B6803F07F031370B2E7FFF7D7
:1072600067FFE6E7022070470020704710B582B044
:10727000044602681368D068516913F00F0F09D1F2
:1072800013F0200F0CD010F0200F09D02046FFF78C
:1072900085FF16E011F0010115D110F4907F12D195
:1072A000216B012971D013F0800F03D010F0800FF3
:1072B00040F0D28013F0400F03D010F0400F40F0A8
:1072C000CF8002B010BD13F0010F06D010F4807F04
:1072D00003D0226C42F00102226413F0040F04D0A8
:1072E00019B1226C42F00202226413F0020F04D0A2
:1072F00019B1226C42F00402226413F0080F07D087
:1073000010F0200F00D119B1226C42F00802226463
:10731000226C002AD5D013F0200F02D010F0200FDD
:1073200021D123685B6903F04003226C12F0080F3F
:1073300000D123B32046FFF7EAFC23685A6912F014
:10734000400F18D05A6922F040025A61A36B73B102
:10735000454A5A63A06BFDF75FFE0028B1D0A06BD1
:10736000436B9847ADE72046FFF718FFD9E7204663
:10737000FFF7E0FEA5E72046FFF7DCFEA1E7204689
:10738000FFF7D8FE002323649BE713F0100F8AD089
:1073900010F0100F87D000230193136801935368F6
:1073A0000193019B536913F0400F31D0A16B0B681F
:1073B0005B689BB2002B84D0A08D984281D9E38575
:1073C0008B69202B08D1A18DE38D9BB2C91A89B29C
:1073D0002046FFF7E2FE74E7D36823F48073D3609E
:1073E0002268536923F0010353612268536923F033
:1073F00040035361202384F83E3000232363226836
:10740000D36823F01003D360A06BFDF7E2FDDAE749
:10741000A38DE18D89B25B1A99B2E38D9BB2002BEB
:107420003FF44FAF00293FF44CAFD36823F490737F
:10743000D3602268536923F001035361202384F849
:107440003E30002323632268D36823F01003D36007
:107450002046FFF7A2FE34E72046FFF771FC30E735
:107460002046FFF758FE2CE78B71000808B5406AEC
:10747000036B012B02D0FFF75CFE08BD818D49082C
:10748000FFF78BFEF9E708B50346406A1B681B68E7
:1074900013F0200F16D10023C3850268D36823F4AC
:1074A0008073D3600268536923F00103536102685B
:1074B000536923F040035361202380F83E30036B6F
:1074C000012B05D0036B012B08D0FFF731FE08BD5F
:1074D0000268D36823F01003D360F3E7818DFFF7D0
:1074E0005CFEF4E730B583B00446134681628285C2
:1074F00000250564222280F83E20826B14489062A9
:10750000A26B1448D062A26B13481063A26B556340
:1075100020680A46011DA06BFDF71EFD019523683A
:107520001A6801925A680192019A84F83C50DA680C
:1075300042F48072DA602268536943F001035361B8
:107540002268536943F040035361284603B030BDBD
:10755000877400086D7400083771000808B590F84A
:107560003E30202B0DD171B17AB190F83C30012B17
:107570000DD0012380F83C3000230363FFF7B2FFF6
:1075800000E0022008BD0120FCE70120FAE702200C
:10759000F8E70000014B185C704700BFF00C0020BA
:1075A000014B1954704700BFF00C002008B54FF490
:1075B000806202490248F9F721FF08BD00FC01087A
:1075C000F00C002030B587B0002301930293012313
:1075D0000393124A04920593FDF75AFE08B107B0CF
:1075E00030BD0F4B3422DA6001A902A8FDF71CFF61
:1075F00010B1FDF767FEF2E7084C0546094B9C42C7
:10760000F7D8094B2B44D3E9002321460320FDF78B
:1076100097FE0028EDD108340835EFE700FC01089B
:1076200000200240FFFF0108F00C002030B587B0B9
:107630000546FDF72DFE002415E0002302932B687C
:1076400003EB842304930123059301A902A8FDF70A
:10765000EBFE4FF0FF30FDF73FFE064A136923F0C3
:10766000020313610134AB68A342E6D8FDF72AFE9A
:1076700007B030BD0020024010B50446FDF708FEFB
:107680002368E36010BD08B5FDF71CFE08BDF8B522
:107690001646C26803689A4219D305460F4602EBA4
:1076A000460241680B449A4211D8002400E001349C
:1076B000B4420CD237F814200023E9680120FDF70A
:1076C0003FFE0028F3D1EB680233EB60EFE7F8BD33
:1076D000054BD3F8E817D3F8F0271144B3F8EE07B9
:1076E00040EA0140090C704700F0FF1F08B5054B48
:1076F0001860054B1868002302221946806804F0C0
:107700000BF808BDF0100020C0060020022801D8A8
:107710000120704708B504F081FA092303600020B6
:1077200008BD0000013801280AD810B514464FF0F2
:10773000FF3392B204480068FFF7DEFB204610BD1D
:107740004FF0FF30704700BFF0100020022801D832
:107750000020704708B504F061FA092303604FF078
:10776000FF3008BD08B504F059FA092303604FF053
:10777000FF3008BD08B548B94FF0FF330122084873
:107780000068FFF725FC40B9012008BD04F046FA67
:10779000092303604FF0FF30F7E70520F5E700BF4E
:1077A000F010002008B5022804D84FF400534B60B5
:1077B000002008BD04F032FA09230360F8E7000056
:1077C00008B5012903D002290BD0002008E04FF4AE
:1077D00080510848FDF76CFF012814BF00200120EC
:1077E00008BD04210348FDF763FF012814BF0020F2
:1077F0000120F5E7000C014008B502681268017924
:10780000904780F00100C0B208BD000008B50248F2
:10781000FFF732FF08BD00BF0C00002008B502488A
:10782000FFF731FF08BD00BF0C00002008B502487B
:10783000FFF7FCFE08BD00BF0C00002000B583B0C0
:10784000ADF8061001220DF106010248FFF71FFFF7
:1078500003B000BD0C00002008B513460A4649B12C
:1078600001290ED103B100224FF480410548FDF7F4
:1078700026FF06E003B901224FF400510148FDF74D
:107880001EFF08BD0010014008B5FAF78BF908BDCE
:1078900030B587B0ADF80E10094C4FF40045656166
:1078A0004FF0FF33009301230DF116020DF10E018D
:1078B0000448FEF726FC2561BDF8160007B030BD70
:1078C00000080140F8090020034B1B68890819646F
:1078D0009208DA63704700BFE40A002039B1084B10
:1078E000202119613AB1064B10221A617047044BEE
:1078F00020215961F6E7024B10225A61704700BF00
:107900000008014039B1084B082119613AB1064B12
:1079100004221A617047044B08215961F6E7024BB3
:1079200004225A61704700BF0008014070B586B05C
:1079300002AD00240294039404940594124B9A69B6
:1079400042F004029A619A6902F004020092009ADD
:107950009A6942F008029A619B6903F00803019357
:10796000019B0A4E22463C213046FDF7A8FE3C23EF
:10797000029301230393049403230593294630467D
:10798000FDF7A4FD06B070BD0010024000080140E4
:1079900008B5FAF7BDFB08BD08B502280ED00328CC
:1079A00015D10D4803F0B0FE0C4BD3F840315A7995
:1079B00072B10B49CA6000221A7108E00123094A1A
:1079C00013711046FBF7C3FD0648FBF7B9FF08BD6E
:1079D000034A127B1A71FAE7A4FF0008C8140020BA
:1079E000781600202811002008B502280AD00328A4
:1079F00007D1134803F088FE124BD3F84001FBF780
:107A0000D4F908BD0F4BD3F840014379052B06D0BC
:107A100009D8022B0FD0032B09D0012BF1D1002163
:107A2000FBF714F9EDE7062B05D0072BE9D1002170
:107A3000FBF7AEF9E5E70021FBF768F9E1E700BFE6
:107A4000ACFF0008C814002044F620620260322215
:107A5000426000228260C060026142618261C26154
:107A6000006242628262C262026342638063C263F6
:107A70000264002141648264C264026542658265D9
:107A8000C265026640668266C266026742678267B6
:107A9000C267C0F88020C0F88400C0F88820C0F811
:107AA0008C20C0F89020C821C0F8941080F898204D
:107AB000C0F89C20C0F8A020C0F8A420C0F8A820DE
:107AC000C0F8AC20C0F8B020C0F8B4207047002245
:107AD00002608271C271C260026142618261C261F0
:107AE000026242628262C262026342638263C26372
:107AF00080F8402080F8412042648264C26480F8AB
:107B0000502080F8512080F8522042658265C2657D
:107B100080F8602081600271427170472DE9F04762
:107B200004464FF0C809C0F800904FF480734360DA
:107B30004FF44843836000F10C060025C5600561E1
:107B400045618561C561056200F12407642229460B
:107B5000384603F0F1FE04F188084046FFF774FF51
:107B600004F5A670C4F84001C4F84451C4F8485163
:107B70002146FFF7ACFFE5604FF4FA6323614FF451
:107B80007A7161612362A368C3EB03125200A261A0
:107B900001FB03F3E36184F884504FF0300A52464E
:107BA0002946384603F0C8FE0523A3621E23E3627C
:107BB0005246294604F1540003F0BEFEC4F8549026
:107BC0005023A3654FF49673E365FA232366314689
:107BD0004046FAF71EFF3946D4F84001FBF7B5F9E5
:107BE0002046BDE8F087000000220260426082600B
:107BF000C2600146DFF818C041F804CB8A80C0F8A3
:107C00000A20C281034A0260034A0260704700BF33
:107C1000F402010814F70008B0020108F8B50446A0
:107C20000F46124B036000254575C5822022294668
:107C3000183003F081FE4FF4C9763246294604F12C
:107C4000380003F079FE3246294604F5E57003F06A
:107C500073FEA7602571257365732561C4F85C53B5
:107C6000C4F86053C4F864532046F8BD10030108FB
:107C7000F8B5204F3846FFF751FF1F48FFF7B4FF14
:107C80001E4B1A461E4942F8041B00245C604FF04C
:107C9000000594804FF48042DA601A46194942F890
:107CA000101B1C619480184A9A61184A1A60184E79
:107CB00039463046FFF7B2FF164B3360164B174973
:107CC000196001221A715D719C60DC604FF47A7258
:107CD0001A615C61124A1A60124B19600221197113
:107CE0005D719C60DC6040F6B83119615C611A60BE
:107CF000F8BD00BFC8140020B81400209014002064
:107D0000E00201087CFF0008007C01087C020108F9
:107D1000281100201C02010810110020280301086E
:107D2000D0010108F810002008B51B4B1B686FF04C
:107D300001021A610A211948FBF7B7FF0A21184806
:107D4000FBF7B3FF174BD3F840319A790A21164855
:107D5000FBF7E0FF154B93F8363073B1144A136804
:107D600001331360632B09D8114B1B68322B0DD9DB
:107D7000012211460C48FBF7C8FF08BDF9F7B0FC1B
:107D80000A4B18630A4B00221A60EDE7002201211A
:107D90000548FBF7BAFFF0E72C0B0020101100207C
:107DA000F8100020C81400201C00002078160020C5
:107DB000F410002008B5084B1B686FF001021A612F
:107DC000064B1B791BB10548FBF7C1FB08BD0448F6
:107DD000FBF78AFBFAE700BF540A002028110020B5
:107DE000C8140020F8B50D46174603781BB1ADB294
:107DF0003C46382610E00446FFF7D8FB01232370E9
:107E0000F5E72846FFF7C6FB234603F8010B013EC2
:107E1000B6B20135ADB21C46002EF2D13846F8BDDF
:107E20002DE9F04107460D46904603781BB1ADB2EF
:107E3000444638260DE0FFF7B9FB01233B70F6E717
:107E400014F8011B2846FFF7ABFB013EB6B2013523
:107E5000ADB2002EF4D1BB7823B901237B7040462C
:107E6000BDE8F081FFF7AEFB7E700123FB70F6E703
:107E7000F0B583B0FFF72CFC654D4FF480712846B8
:107E8000FDF716FCB0FA80F676094FF4007128462B
:107E9000FDF70EFC002877D102231E434FF48061CA
:107EA0005B48FDF705FC002870D104231E43002128
:107EB0008DF804108DF8051001238DF806308DF82B
:107EC0000730544C224601A8FFF78CFF2378012B82
:107ED0005ED1504D002385F836306E60AB684E4C55
:107EE000E3602B6963616B69A361A969E16104F1D6
:107EF000A400FAF71FFBA96904F1B800FAF778FBB0
:107F0000EB6923612B6A63656B6AA365AB6AE36502
:107F1000EB6A236695F8353084F884303F49204673
:107F2000FAF78FFD3E492046FAF788FDD4F8400164
:107F3000FAF7B2FFD4F8480103681B689847D4F8F1
:107F4000440103681B689847364C37492046FBF7C5
:107F5000D2FE36493648FBF7CEFE6420FCF702F825
:107F60003448FEF711FB3448FEF70EFB2046FFF7BE
:107F700043FC00283AD02E48FFF73EFC002835D0BD
:107F80002E4B01221A7131E0002386E700238DE792
:107F9000214B9D681E2202FB05F7642202FB05F5BA
:107FA00038220021204603F0C7FC01232370E36040
:107FB0004FF47A7323616761A5614FF4FA63E3615B
:107FC000C3232362502363624FF49673A362FA23A0
:107FD000E3622246002101A8FFF722FF79E70D4A5C
:107FE00001231370002101A8FFF71AFF1348FBF7C4
:107FF000A7FC084B1B78022BF1D0002BF6D1054AC9
:10800000194601A8FFF70CFFFCF73EFFEEE700BFA3
:108010000008014078160020C8140020B814002081
:10802000901400201011002099790008E9790008C7
:10803000F81000202C0B0020540A002028110020EA
:1080400008B5FFF715FE08BD2DE9F04182B00C46DA
:10805000172800F0198276D8072800F0698146D8E1
:10806000042800F0CE8014D8022800F0AD80032848
:1080700000F0AE80012809D1A64B1B68012B00F04F
:10808000A1800022A44BD3F840311A7102B0BDE8A0
:10809000F081052800F0D7800628F7D19E4BD3F851
:1080A00040014379012B40F018819B4BD3F840618C
:1080B000984D2A6817469868F8F7A0FD014638469B
:1080C000F8F7F0FD6B681D46F8F7C8FF01462A4631
:1080D0003046FAF7C1FD2379002BD7D000218E4B13
:1080E000D3F84001FAF71BFE01900023FDE01428AD
:1080F00000F0938112D8122800F06481132800F058
:1081000074811128C2D1834B1A68844B5A600B7951
:10811000002BBBD0814B02221A70B7E7152800F064
:10812000A3811628B2D17B4B1B68012B14BF0023FF
:1081300001237A4A82F834300B79002BA6D01346FB
:1081400002221A70A2E7232800F0168225D81B28E5
:1081500000F0C48114D8192800F0A4811A2800F076
:10816000AF81182892D16B4B1B686B4A93656B4AA1
:1081700053620B79002B89D0134602221A7085E7CF
:10818000212800F0BF81222880D1634BD3F8400121
:10819000FAF7E5FD01900023D9E17D2800F0458242
:1081A00008D97E2800F046827F287FF46FAFFCF765
:1081B0006BFE6BE7242800F0018225287FF466AF70
:1081C000002320E202225DE7554B01221A715DE790
:1081D000514BD3F840014379032B0ED14E4BD3F8CA
:1081E00040414C4B18684F49F8F75CFDF8F736FFF3
:1081F00001462046FAF7CCFD48E70321FAF724FDB3
:10820000ECE7454BD3F840014379022B13D1424BA5
:10821000D3F840413F4A126815469868F8F7EEFCDB
:1082200001462846F8F73EFDF8F718FF01462046BC
:10823000FAF76CFD2AE7394B5A69374B9A610221EC
:10824000FAF702FDE3E7344BD3F840014379012B01
:1082500022D1314BD3F840512E4A12681646986805
:10826000F8F7CCFC01463046F8F71CFDF8F7F6FEAF
:1082700001462846FAF7EAFC2B4803F045FA237931
:10828000002B3FF403AF0021234BD3F84001FAF752
:1082900046FD019000230BE0204B5A691E4B9A616A
:1082A0000121FAF7D1FCD4E701AAD25CE2540133F0
:1082B000032BF9DD184BD3F840319B79012B00D00B
:1082C00000232371154B5B68DB0143F02303174840
:1082D00003602146F9F706FBD8E60121FAF7B4FC62
:1082E000E3E601AAD25CE2540133032BF9DD0A4B29
:1082F000D3F840319B79012B00D000232371074B29
:108300005B68DB0143F02303084803602146F9F76B
:10831000E9FABBE6BC090020C8140020781600204A
:108320002811002000007A44B4FF00083800002023
:10833000A54BD3F840014379012B22D1A34E73689A
:108340009846A14DA868F8F759FC074601464046F3
:10835000F8F7A8FCF8F782FEA861D5F840813168EB
:108360003846F8F79FFCF8F779FE01464046FAF7E1
:108370006DFC0021D5F84001FAF7D1FC01900023F3
:108380000BE0934B5A69904B9A610121FAF75CFC20
:10839000D4E701AAD25CE2540133032BF9DD8A4B06
:1083A000D3F840319B79012B00D000232371884BF7
:1083B0005B68DB0143F02303864803602146F9F73D
:1083C00091FA63E6814B18688349F8F76BFCF8F77C
:1083D00045FE7D4B58617E4B18612379002B3FF49D
:1083E00055AE7B4B02221A7050E6784B1B681E4636
:1083F000754DA868F8F702FC01463046F8F752FCC4
:10840000F8F72CFEA861724B58612379002B3FF4DA
:108410003DAE6F4B02221A7038E66C4B1B681E464D
:10842000694DA868F8F7EAFB01463046F8F73AFCD0
:108430000190F8F713FE0146E86105F1A400FAF790
:1084400079F80198F8F70AFE014605F1B800FAF745
:10845000CFF8EA695E4B9A612379002B3FF416AEA0
:108460005B4B02221A7011E6574CD4F84001FAF720
:1084700063FDE368A26893FBF2F102FB1133544AF7
:1084800093600223137001E6504B1B684E4A5365FC
:108490004F4A13620B79002B3FF4F8AD13460222CA
:1084A0001A70F3E5494B1B68474AD365484A936203
:1084B0000B79002B3FF4EAAD134602221A70E5E572
:1084C000424B1B68404A1366414AD3620B79002B2A
:1084D0003FF4DCAD134602221A70D7E53B4B1B6814
:1084E000012B14BF00230123374A82F88430384A15
:1084F00082F835300B79002B3FF4C8AD13460222C9
:108500001A70C3E5304BD3F84001FAF737FC0190FD
:10851000002303E001AAD25CE2540133032BF9DD0E
:10852000294BD3F840319B79012B00D000232371D4
:10853000274B5B68DB0143F021032648036021469B
:10854000F9F7D0F9A2E501AAD25CE2540133032B7A
:10855000F9DD1D4BD3F840319B79012B00D000236E
:1085600023711B4B5B68DB0143F022031948036056
:108570002146F9F7B7F989E50021134BD3F84001FB
:10858000FAF7CDFB0190002303E001AAD25CE2548C
:108590000133032BF9DD0C4BD3F840319B79012BD0
:1085A00000D0002323710A4B5B68DB0143F02303F7
:1085B000084803602146F9F795F967E5024BDB6847
:1085C000009300230EE000BFC8140020BC09002067
:1085D000781600203800002000007A441DF803209F
:1085E000E2540133032BF9DD144B5B68DB0143F0EC
:1085F0002403134803602146F9F774F946E5114A4C
:10860000D25CE2540133032BF9DD00232371637143
:10861000A371E371094B5B68DB0143F02503084854
:1086200003602146F9F75EF930E5044B012283F837
:1086300036202BE5014B00221A7027E57816002022
:1086400038000020A816002038B50378702B49D0D8
:10865000762B21D0632B65D1344903F0EDF901F07D
:1086600061FBF8F7C1F90546314BD3F84001437976
:10867000032B0DD12E4BD3F840412E492846F8F755
:1086800011FBF8F7EBFC01462046FAF781FB38BDF9
:108690000321FAF7D9FAEDE7274903F0CDF901F004
:1086A00041FBF8F7A1F90546214BD3F84001437986
:1086B000022B0FD11E4BD3F840419868F8F79EFA71
:1086C0002946F8F7EFFAF8F7C9FC01462046FAF711
:1086D0001DFBDCE7194B5A69154B9A610221FAF729
:1086E000B3FAE7E7164903F0A7F901F01BFBF8F727
:1086F0007BF905460E4BD3F840315A79012A01D057
:1087000001221A710A4BD3F840419868F8F776FABB
:108710002946F8F7C7FAF8F7A1FC01462046FAF710
:1087200095FAB4E7074802F0EFFFB0E72801010827
:10873000C814002000007A44D0FF000878160020FA
:10874000D4FF0008D8FF00080C480D490D4A00234B
:1087500002E0D458C4500433C4188C42F9D30A4AF6
:108760000A4C002301E013600432A242FBD3F9F764
:108770005FFB03F059FAF9F7F9F9704700000020A0
:10878000CC080020640A0108D0080020C419002089
:10879000FEE70000102370B5002484B00293036844
:1087A00015469E6912686B46009401940394B04785
:1087B0009DF8043003F00603062B09BF0120204674
:1087C000009B2B6004B070BD009890420CBF062047
:1087D0000120704710B50446024B036000F0ECF82E
:1087E000204610BD6403010810B50446044B036025
:1087F00000F0E2F82046082100F04CF8204610BDB9
:108800006403010830B583B015460899069A0446FA
:108810008A420DD01946204600F0D2F828B1012333
:10882000099A0699157111609371002003B030BD4B
:108830000799019300F0C4F8019B0028EAD00020BA
:10884000099A557103B030BD10B582B0019314463A
:1088500000F0B6F8019B20B1082106221C60D96007
:108860001A7102B010BD00BF2DE9F041074616464F
:108870001D460C4600F0A4F848B9032D07D823681C
:10888000324639462046BDE8F0415B691847BDE8ED
:10889000F08100BF00F0AAB810B50446024B036097
:1088A000FFF798FF204610BDC403010810B5044629
:1088B000044B0360FFF78EFF20460C21FFF7EAFF11
:1088C000204610BDC403010870B582B0069C054661
:1088D00094420E460BD0A8683146D0F800C00694EA
:1088E000DCF82040A44602B0BDE87040604719465D
:1088F0000192009300F064F8DDE900320028EAD02C
:10890000062002B070BD00BF2DE9F0430F4683B0D2
:108910001946DDE90A48DDE90C65019200938146BC
:1089200000F04EF8DDE9003278B9B44220D0D9F831
:10893000080039460768CDE90C65CDE90A48FC69AD
:10894000A44603B0BDE8F0436047002F2C602A71B5
:1089500009DB3C44A64214BF01240624AC7100206C
:1089600003B0BDE8F0830237F9D10123AB71F6E71C
:1089700041464846CDE9002300F022F8DDE9002316
:108980000028D4D06A71EAE72DE9F04104460F4689
:1089900016461D46FFF758FF58B9A0682B46D0F879
:1089A00000C03246DCF818E03946F446BDE8F04134
:1089B0006047BDE8F08100BF704700BF00207047EE
:1089C000814211D008B5406803782A2B0AD0496843
:1089D0000B782A2B08BF0131F8F732FCB0FA80F08F
:1089E000400908BD002008BD0120704701F0A6B96C
:1089F000F8B504460D4600F0C7F8224606460F4675
:108A00002B4620462946F7F7D9FFA8B900220023B4
:108A100020462946F7F7C8FF70B9002200232046F8
:108A20002946F7F799FF50B103F0F8F80021094AF9
:108A300022230E461746036030463946F8BD03F040
:108A4000EDF82122034604481A60BDE8F84000F022
:108A500023B800BF0000F0FFA0FF000838B50546AE
:108A600000F020F8294604462846F8F7E1FA20B934
:108A700028460021F8F7B4FA08B9204638BD03F0BB
:108A8000CDF82122034600211A600846F8F7BEF906
:108A90000446204638BD00BF00200149704700BF92
:108AA0000000F87F20F00042B2F1FF4F70B504469D
:108AB00051D2002A4ED00028034655DB10F0FF4269
:108AC00050D15B001802114602F10102F9D549426A
:108AD0000024C3F316024FF0190EA1F17F034FF0EB
:108AE000807CC907214642F4000258BF52005E1044
:108AF000520001EB0C039342CFBF134603EB0C0172
:108B00006444D31ABEF1010E4FEA43024FEA5C0CF3
:108B1000EFD1D3B11A4B1B4A186811681A68154671
:108B2000F7F7B6FF01462846F8F764FA68B1144B28
:108B3000144A186811681B681D46F7F7ABFF014619
:108B40002846F8F74DFAB0B10234601000F17C50BD
:108B500000EBC65070BD0146F8F7A4F82146F7F7C0
:108B600099FF70BDC115B3E70146F7F791FF0146C4
:108B7000F8F74CF970BD013424F00104E5E700BFBB
:108B800004040108000401082DE9F04FB1F5801F2D
:108B900002460B460C4687B080F2878021F0004EDB
:108BA0005EEA000E00F026810029C0F280810022DA
:108BB000D74BF7F769FC0C460B46D6496FF0350CDE
:108BC0008C42024676DC2015C4F3130404F515210B
:108BD000A0F2FF3001F66471604401F4801100EBF3
:108BE000115581F07F5181F4401141EA0403104690
:108BF00019460022C84BF7F78FFAA31CC3F31303DF
:108C0000022BAB4681468A464FF0000259DC002316
:108C1000F7F7A2FE002840F0F680A9A3D3E90023CD
:108C200048465146F7F730FC02460B460020BB4948
:108C3000F7F772FA4A4606460F46534648465146EB
:108C4000F7F722FC02460B4630463946F7F71CFC84
:108C50004C465546CDE90001BBF1000F1CD05846EB
:108C6000F7F7A8FB98A3D3E9002306460F46F7F7CA
:108C70000BFC97A3D3E9002304460D463046394642
:108C8000F7F702FC02460B46DDE90001F7F744FA6C
:108C90004A465346F7F740FA02460B462046294615
:108CA000F7F73AFA07B0BDE8F08F9A494FF0000C99
:108CB0008C4288DD10461946F7F730FA07B0BDE858
:108CC000F08F4FF08043F7F729FA02460B464846EB
:108CD0005146F7F703FD074628468846F7F76AFB33
:108CE0003A46CDE90401434638464146F7F7CCFB06
:108CF00002460B46A4F5C225A5F27A45CDE900232C
:108D00000295F7F7C1FB74A3D3E9002305460E468D
:108D1000F7F7BAFB72A3D3E90023F7F7FFF92A4666
:108D20003346F7F7B1FB70A3D3E90023F7F7F6F961
:108D30002A463346F7F7A8FB6DA3D3E90023F7F7DC
:108D4000EDF9DDE90023F7F79FFB6BA3D3E90023DF
:108D5000CDE9000128463146F7F796FB68A3D3E931
:108D60000023F7F7DBF92A463346F7F78DFB66A3B6
:108D7000D3E90023F7F7D2F92A463346F7F784FB05
:108D80000B460246DDE90001F7F7C8F9C4F5D72420
:108D9000029B51341C43002C05460E4650DD002238
:108DA0005E4B48465146F7F76FFB4A465346F7F786
:108DB0006BFB02460B4628463146CDE90023F7F708
:108DC000ADF93A464346F7F75FFB0A460146CDE95F
:108DD0000212BBF1000F40F0A58013460246DDE908
:108DE0000001F7F799F902460B4648465146F7F756
:108DF00093F963E70022002300204949F7F76EFC4E
:108E000007B0BDE8F08F2846002D00F0A280F7F7EC
:108E1000D1FA2DA3D3E9002306460F46F7F734FB1A
:108E20002BA3D3E9002304460D4630463946F7F715
:108E30002BFB02460B4620462946F7F76FF93DE724
:108E40000B46024651464846F7F766F93A4643460E
:108E5000F7F71AFB4C465546CDE90001BBF1000F70
:108E60003FF41AAFDDE9044517A3D3E900232046F8
:108E70002946F7F709FB16A3D3E9002306460F4658
:108E800020462946F7F700FB02460B46DDE90001C4
:108E9000F7F742F94A465346F7F73EF902460B46C2
:108EA00030463946F7F738F907B0BDE8F08FF7F7E5
:108EB00033F900220023F7F711FCFFE6AFF300803F
:108EC000555555555555D53F0000E0FE422EE63F1D
:108ED000763C7935EF39EA3D44523EDF12F1C23F2C
:108EE000DE03CB966446C73F599322942449D23F70
:108EF000935555555555E53F9FC678D0099AC33FC0
:108F0000AF788E1DC571CC3F04FA97999999D93FD6
:108F100000005043FFFFEF7F0000F03F0000E03F04
:108F2000000050C3DDE904450BA3D3E9002320462C
:108F30002946F7F7A9FA0AA3D3E9002306460F4604
:108F400020462946F7F7A0FADDE90223F7F7E6F80D
:108F50009AE700200021B1E60000E0FE422EE63F45
:108F6000763C7935EF39EA3D03685A004CBF43F04F
:108F7000004323F000431844704700BF2DE9F04739
:108F800039B301F1FF39904606464F460025E919ED
:108F900001EBD171491006EBC10A5046FFF7E4FF1F
:108FA00089454FEAC1040ED0404504F10800304421
:108FB0000BD8FFF7D9FF0138404501F10105E6D391
:108FC0005046BDE8F0874045FAD98D4201D04F1E8A
:108FD000DDE74FF0000A5046BDE8F087012806D0D3
:108FE000022802D028B90448704704487047044852
:108FF00070470020704700BFC1960008D196000856
:10900000C996000810B5234B044684B08A1E43B3AA
:10901000104603A90192AFF30080E8B10399019AC9
:10902000FFF7ACFF0146B8B1FFF79EFFA0644B68A5
:10903000012B2BD0002B26DB081DFFF795FF00230B
:1090400023650368E064002B12DBFFF78DFF034606
:109050000020236104B010BD00230920236104B067
:1090600010BD0D4B0D491846C91AC9100391D7E719
:10907000C3F30360FFF7B2FF031E0CBF09200020FB
:10908000236104B010BD0123081DD9E7002305208A
:10909000DFE700BF0000000024080108540A0108AF
:1090A000036810B5DA07044606D49B0700F15000A8
:1090B00009D5F8F70DF82368590709D51A070ED511
:1090C000DB0613D510BDF7F7FBFF23685907F5D46E
:1090D00004F1D800F8F704F823681A07F0D404F56F
:1090E000AC70F8F705F82368DB06EBD404F5EC70F8
:1090F000BDE81040F8F740B8036803B103441846D0
:10910000704700BF704700BF70B504460D4620464B
:10911000296CFFF777FF064698B9D5F840C02A4674
:10912000214601202369C4F814C098470828EED0CE
:10913000072806D13046296CFFF7E4FF281DF7F712
:10914000B3FF00F0E7FD00BF2DE9F04F4FF0000E38
:10915000ADF5777D0DF10C0C0F1DD0F80C90D0F80B
:1091600018A0064614460FCFACE80F000FCFACE8AE
:109170000F000FCFACE80F0097E80F0002AD8CE8AE
:109180000F00C5F800E021E02B6C4FF4F472294683
:1091900073617CA8F8F732F93146584633697CAAE6
:1091A00098478A9F2146AF64834633460120324662
:1091B000CDE9005AC847044628BB4FF4F47228464C
:1091C0007CA9F8F71BF9BBF1080F19D13046296CBF
:1091D000FFF718FF093407465FFA84FB0028D3D055
:1091E000A96B3346A96432460120CDE9005A4BF001
:1091F0001001C84738B938460DF5777DBDE8F08FC6
:10920000BBF1070F05D0092738460DF5777DBDE87E
:10921000F08F2046296CFFF775FF03A8F7F744FF8E
:10922000F0B54FF0FF37CB6BFBB00DF1040C0B64C6
:1092300001F1040E0E460446BEE80F00ACE80F0034
:10924000BEE80F00ACE80F00BEE80F00ACE80F006E
:109250009EE80F0000978CE80F0006E06A46214662
:10926000236998470828074608D120461099FFF738
:10927000C9FE0028F2D009207BB0F0BD6846FFF798
:109280000FFF062FF7D131462046FFF73DFF00BF05
:109290009446C160C0F818C0D3F83CC000221946FB
:1092A000C3F840C0FFF750BF436970B50B64C66890
:1092B000AEB90A46036904460D46014602209847A6
:1092C000072805D008280FD129462046FFF71CFFA4
:1092D0003046296CFFF716FF281DF7F7E5FE01223F
:1092E000FFF732FF00F016FD00F014FDC26832B146
:1092F000D1F83CC00022C1F840C0FFF725BFFFF7FE
:109300008FBF00BF052915D8DFE801F00A03140359
:10931000030501207047436C009A002013607047DA
:1093200043B90F2A06D800EB82004368009A002058
:109330001360704702207047002300B585B00A46CD
:1093400003A900911946FFF7DDFF039805B000BDA2
:10935000052915D8DFE801F00A03140303050120ED
:109360007047009B1B6843640020704743B90F2A75
:1093700006D8009B00EB82001B684360002070470A
:1093800002207047002300B585B00DF10C0C03924C
:10939000CDF800C00A461946FFF7DAFF05B000BD58
:1093A0002DE9F0414FF0FF38D36BADF5107D0DF195
:1093B0005C0E136402F1040C07460E46BCE80F0075
:1093C000AEE80F00BCE80F00AEE80F00BCE80F00ED
:1093D000AEE80F009CE80F00CDF858808EE80F0033
:1093E00012E00C2116A86A46FFF7CCFF314616A8FA
:1093F000B84778B969460820049B16AA98470528FB
:10940000804609D0092805D068462699FFF7FAFD5D
:109410000028E6D04FF0090816A8FFF741FE4046A5
:109420000DF5107DBDE8F0812DE9F04F1646CA6CB0
:109430000C4652F8041B89B000F0030C0692E3B10D
:1094400002250F0C8DF81D700904FFB2059102EB87
:109450008702216DBCF1020F08BFA26B11F0010160
:109460008DF81C500FD0304605A900F0CFFA002827
:109470003AD1082009B0BDE8F08F09020325059113
:109480008DF81D30E5E7D2F80080B8F1000FEAD082
:10949000C2469946E046029100F008010191B9F1F7
:1094A000020F25D0B2F800A05788151DA36C0F211C
:1094B000304627F0010B9B44FFF73EFF834515D84C
:1094C0002AF001035B44834294BF002001207B000B
:1094D00003F002030AF0010A43EA0A03012B0BD04E
:1094E000022B4BD0002B41D00920C3E70020EEE730
:1094F000576802F10805D9E7B8F1000F6CD1A8B19F
:109500006B689A1CF0D004F1580701332A6804975D
:1095100000F0C880281DFFF7EFFDD20F014604AB15
:109520002046AFF30080002840F0938005F1080248
:10953000D2F800A0BAF1000FB1D1304605A900F071
:1095400065FA0028D0D1029B002B92D00F21304623
:10955000FFF7F2FE0E2102463046FFF713FF0F2100
:109560003046564AFFF70EFF072083E7B8F1000F99
:1095700002D0002840F084802A1DD9E72F6827F008
:10958000004BB8F1000F0ED128B1019B002B3BD04E
:10959000BBF1000F38D0002F00DA04350BF10103C6
:1095A00005EB8302C4E70D213046FFF7C5FED4F872
:1095B00020A08245EFD1A26A9542ECD10027042277
:1095C000C4E90B72AA18C4F828B062632A68BA42C8
:1095D0006EDB01230293E1E70D213046FFF7ACFE7D
:1095E000276A8742A2D1A36A9D429FD12846FFF7EE
:1095F000BBFC0F2102463046FFF7C4FE2246002185
:109600003046FFF7BFFEAFE7CDF80C800027A0463D
:1096100005F1040A58340CE050460494FFF76CFD41
:109620000022014604AB4046AFF300800AF1040A71
:1096300008BB5F4507F10107EED10D213046FFF76A
:109640007BFE0246049B0620C8E90823C8F8285080
:1096500010E701900D213046FFF76EFE019A049F3E
:10966000022A08BFE762206208BF04F12C07062027
:10967000C4E90975FEE644462F68DDF80C808AE7E8
:109680002846FFF771FC04350746A5632046AFF373
:10969000008000283FF428AF3A460F213046FFF7FC
:1096A00071FE61E70D213046FFF746FE2062DEE7DE
:1096B0000BF1010205EB820099E700BF00000000FA
:1096C0000023FFF7B1BE00BF0123FFF7ADBE00BF0F
:1096D0000223FFF7A9BE00BF2DE9F0430446C5B041
:1096E000052908D8DFE801F0162E07749B0B1144FA
:1096F000102940F2BF80022045B0BDE8F083002A67
:10970000F9D1A36B53F8042B6264A363002045B026
:10971000BDE8F083002BEED14FF0010EA16B1FFAD4
:1097200082FC251D0EFA03F010EA0C0F1CBF51F845
:10973000040B45F823000133102BF3D19304E5D437
:10974000A163E3E7110C012B0E4692B2CFD0052B9B
:10975000D1D111442029CED80F2E40F2CA80002A40
:10976000D4D0216890464F0740F12581204621F052
:10977000040140F8D81B0093F7F7B6FC02A8054691
:10978000F7F7B2FCD4F838E0009B102E31464FEAD0
:10979000480238BF1021013A1746704605EBC10157
:1097A000843950F804CB013AB2F1FF3F41F804CFBD
:1097B000F7D10EF1040E012B0EEB870200F0F280C0
:1097C0000F2EA26340F2F9802846F7F789FC9DE747
:1097D000032B90D193B21E4603EB1243102B4FEA9A
:1097E000124888D823681F0700F1B18022AD2846AF
:1097F000F7F7A0FC2F46A16B73005EB105EBC80222
:10980000013B881A1558013B42F8045B5D1CF9D1F5
:1098100001EBC6013846A163F7F76AFC76E7002B37
:109820007FF469AF102A3FF666AF2368DD0600F1CA
:10983000848022A80092F7F7A9FC00234FF0010EC4
:10984000D4F838C0009A22AF22A80EFA03F11142D0
:1098500003F1010304D0614651F8045B8C460560B6
:10986000042B00F10400F0D13846C4F838C0F7F7F3
:1098700083FC4BE7102E3FF43EAF2168C8070AD5A2
:10988000204621F0030140F8501BCDE90023F7F7F3
:109890001BFCDDE9002322A8CDE90023F7F714FC27
:1098A000009AD4F838E022AF002A7DD04FF00008AB
:1098B000019B5200013A9146704607EBC6010439FC
:1098C00050F804CB013A551C41F804CFF8D10EF101
:1098D000040E0EEB890EB8F1000F40D1012B63D0BE
:1098E0000F2EC4F838E03FF611AF3846F7F7F0FB1B
:1098F0000CE72068102900F0010C32D8BCF1000FF1
:109900000CD020F00101204641F0020140F8501B2C
:10991000CDE90023F7F7E0FBDDE9002322A8CDE93C
:10992000002322AFF7F7D8FBDDE90023002ADCD0C3
:109930004FF00008D4F838E0BBE723F010032360B1
:1099400004F5EC700092F7F721FC009A71E723F020
:109950000803236004F5AC70F7F7ECFB46E702ADB3
:1099600013E7A1F11008BCF1000F0BD020F00102A9
:10997000204642F0020240F8502B0093F7F7ACFB70
:109980002068009B42071CD4009322A8F7F7A4FB91
:1099900002A8F7F7A9FBA26B009B964622AFC6F17F
:1099A000100286E7964622AF0EF104033846A36301
:1099B000F7F786FBAAE60093E0E622A8F7F788FB14
:1099C00002E720F00402204640F8D82B0093F7F776
:1099D0008BFBDAE7027A03467AB9427AA2B14FF0FA
:1099E000030C4168013A427208680A1D5A6002027B
:1099F00083F808C0000E1A6070470068013A1A72B6
:109A000002021A60000E7047B02070472DE9F04145
:109A100006460D464FF0000886B02846FFF7DAFFED
:109A2000B028044600F0198107065BD500F0F0036A
:109A3000A02B1AD030D8802B00F08180902B27D11A
:109A400000F00D030D2B23D0002304AF194600F0C6
:109A50000F0200973046FFF755FC00230D221946F0
:109A600030460097FFF774FCD7E7C3434FF47F629B
:109A700003F007031A410023010702F47F6248BF85
:109A800042F4804230461946FFF726FE0028C4D033
:109A9000092006B0BDE8F081B02B66D0C02B3CD1C8
:109AA000C62800F0CF80C72800F0DC8000F0F80363
:109AB000C02B00F0E980C82800F0F480C928E7D165
:109AC0002846FFF787FF0121020300F00F0008443A
:109AD00002F47022024305233046FFF7FDFD002803
:109AE0009BD0D5E78300DBB204330393002304AF9C
:109AF00019460D2230460097FFF704FCDDE90332DA
:109B000060064CBFD21A9A180023049230460D22E8
:109B100019460097FFF71CFC7FE700F0F803D02BF5
:109B2000B6D100F00702013205230121304642F48C
:109B30000022FFF7D1FD00283FF46FAFA8E72846C9
:109B4000FFF748FF40EA0420B0F5004FA0D0002303
:109B5000040119463046A2B2FFF7BEFD002897D196
:109B6000C4F3C03048EA000857E7A0F1B103042B62
:109B700000F2BD80DFE803F05429160C0300002337
:109B800005AA009230460D221946FFF7BBFB44E7B9
:109B90000023052130461A46FFF79EFD00283FF4BA
:109BA0003CAF75E72846FFF715FF0123020300F0DD
:109BB0000F0002F470221844024319463046FFF7A2
:109BC0008BFD00283FF429AF62E7002304AF0D228C
:109BD000194630460097FFF795FB2846FFF7FAFE37
:109BE00002064FF00203049C0DD500F07F00984060
:109BF00004440733284603930494FFF7EBFE10F068
:109C0000800F039BF1D19840002304F50174204498
:109C100004900D22304619460097FFF799FBFCE6A9
:109C20002846FFF7D7FE431EDBB20E2B3FF630AFC0
:109C30000023024619463046FFF74EFD00283FF448
:109C4000ECAE25E72846FFF7C5FE020300F00F0043
:109C5000032302F470220130AEE7B8F1000F36D0D2
:109C6000002016E72846FFF7B5FE431EDBB20E2B99
:109C70003FF60EAF0246002304213046FFF72CFDCD
:109C800000283FF4CAAE03E7032300F00F020132BD
:109C90003046194642F42022FFF71EFD00283FF40B
:109CA000BCAEF5E62846FFF795FE012100F0F00274
:109CB00000F00F0002F1100442180523304642EA7A
:109CC0000432FFF709FD00283FF4A7AEE0E604AC3C
:109CD000434641460E2230460094FFF713FB0F2205
:109CE0004346414630460094FFF732FBB8E700F0A8
:109CF000FC03B42B3FF4CCAE012300F007021A445E
:109D00003046194642F40022FFF7E6FC00283FF4F3
:109D100084AEBDE6062008B501F0CCFE0120F8F7C0
:109D200063F800BF002101F093BB00BF024B014666
:109D3000186800F00BB800BFC0060020024B0146B7
:109D4000186802F043B800BFC00600202DE9F04FAC
:109D500001F10B02162A814685B024D8102900F2A1
:109D6000A88000F0B5FA022518211022B24C214437
:109D70004E68A1F10800864200F058817268F168CF
:109D8000B46822F003023244E1608C6051684846B6
:109D900041F00101516006F1080400F09FFA2046ED
:109DA00005B0BDE8F08F32F0070200F182809142E9
:109DB0007FD8019200F08CFA019AB2F5FC7FC0F0D6
:109DC000B081530A7DD0042B00F26881930903F11E
:109DD000390503F138064FEAC50E974CA644DEF864
:109DE0000470AEF1080EBE4507D10DE00028FB68F7
:109DF00080F20B819E4507D01F46796821F0030150
:109E0000881A0F28F2DD354623698C498B4200F011
:109E1000E9805E6826F00306B11A0F2900F38581F8
:109E200086480029C4E9040080F26E81B6F5007FFF
:109E3000676880F00F81012101EBD60C7609B140F3
:109E400054F83C000F4304EBCC0108399860D9600A
:109E5000676044F83C30C3600126AB109E40BE42B0
:109E600034D83E4206D125F0030576003E4205F186
:109E70000405FAD0284604EBC50804EBC507F968C9
:109E80000FE0D1F804C00B462CF0030EAEEB020C31
:109E9000BCF10F0FC96800F30E81BCF1000F80F216
:109EA00023818F42EDD10130830707F10807E6D106
:109EB00075E10C23C9F800300024204605B0BDE848
:109EC000F08F4FF4007E40253F2686E7A76879682B
:109ED00021F0030393429A4603D3991A0F2900F302
:109EE0008380574908200968564E10311144CDE946
:109EF000011201F0C9FE0246019955424B1E13445E
:109F0000834630681D40B0F1FF3F18BF29464846E0
:109F1000019101F05BFE411C0546DDE9011200F0F4
:109F2000218107EB0A0C844500F21A81464B0BF1A4
:109F3000FF3E18680844186000F07B81D6F8008066
:109F4000CDE90223B8F1FF3F1BBFA5EB0C0C604429
:109F50003560186015F00700019000F03C81C0F1F9
:109F6000080005446B1803EA0E015844401A00EA41
:109F70000E0631464846984601F028FE421CDDE9AF
:109F8000022300F08581401B304440F00101186835
:109F9000A7423044A5601860696017D0BAF10F0F6E
:109FA00040F251810526AAF10C0121F0070C7968D5
:109FB000BCF10F0F01F0010141EA0C01796007EBE0
:109FC0000C01C1E9016600F2568169681F4B1E68E9
:109FD000864238BF18601E4B1E68864200D2186049
:109FE0002F46C1E0676837E7BD1841F0010142F034
:109FF00001027A604846A560696007F1080400F034
:10A000006DF9204605B0BDE8F08FBA683944D360D9
:10A010009A604A68484642F001024A6007F1080423
:10A0200000F05CF9204605B0BDE8F08FCE68B14283
:10A030007FF4A4AE0235E7E658000020600000205F
:10A04000E016002050000020B0160020DC16002092
:10A05000D8160020B6F5206F4FEA56207AD3142880
:10A0600000F2CD8000F15C01C9005B3004EB010C13
:10A070006158ACF1080C8C4503D1A5E089688C458A
:10A0800004D0486820F00300B042F7D8D1F80CC0E3
:10A09000C3E9021CCCF80830CB60DDE6142B70D984
:10A0A000542B00F2B480130B03F16F0503F16E061D
:10A0B0004FEAC50E91E69D1842F001025A609E6873
:10A0C000814AF1608E60C4E90455C5E902224CF072
:10A0D00001026A60484643F80EC0019300F0FEF8A2
:10A0E000019B03F10804E8E61C469E44DEF80430B8
:10A0F000484643F00103CEF8043054F8083FD960D5
:10A100008B6000F0EBF8D8E61E447268484642F0D7
:10A1100001027260019300F0E1F8019B03F1080471
:10A12000CBE6D50802F1080120E69D1842F00102B5
:10A130005A60654AC4E90455C5E9022241F00102AA
:10A140006A6048469951019300F0C8F8019B03F1F9
:10A150000804B2E6B00900F13901C900383085E7DA
:10A16000A7425FD0A768796821F003009042A0EB76
:10A17000020102D30F293FF737AF484600F0AEF88F
:10A180009AE603F15C0503F15B064FEAC50E24E68F
:10A19000414651F808398B42884640F0928015F0CC
:10A1A000030F05F1FF35F3D1636823EA060363600B
:10A1B00076009E423FF68AAE16B987E676000430F6
:10A1C0001E42FBD0054655E60126801006FA00F037
:10A1D000074367605CE705EB010808EA0E01ABEB9B
:10A1E000010606EA0E063146484601F0EFFC431C24
:10A1F000019B04BF40461E46DDE90223C3E6542806
:10A2000024D8300B00F16F01C9006E302EE7B3F592
:10A21000AA7F24D8D30B03F1780503F177064FEA20
:10A22000C50EDAE5294B0BF1FF3E186808441860AB
:10A2300084E615EA0E0F7FF481AEA568514441F023
:10A2400001016960C2E601236B6096E7B0F5AA7F61
:10A2500024D8F00B00F17801C900773006E740F20E
:10A2600054518B4224D8930C03F17D0503F17C06F5
:10A270004FEAC50EB1E5484607F10801CDE90123D3
:10A2800001F0A4FDA568029B69681868019A9DE623
:10A2900001990026083908EB010074E640F2545198
:10A2A00088420AD8B00C00F17D01C9007C30DDE69F
:10A2B0004FF47E7E7F257E268FE54FF47E717E20D3
:10A2C000D4E6636874E700BF60000020B016002089
:10A2D000014801F0D5BC00BF24180020014801F05E
:10A2E000D1BC00BF241800202DE9F04F9DB00546D9
:10A2F0000692184600220B4600210024CDE90412E4
:10A300001A4618941792174612F8018BB8F12D0FC0
:10A310005ED801A151F828F079A50008D1A3000862
:10A32000D1A30008D1A30008D1A30008D1A300083D
:10A33000D1A30008D1A30008D1A3000805A30008F9
:10A3400005A3000805A3000805A3000805A300084D
:10A35000D1A30008D1A30008D1A30008D1A300080D
:10A36000D1A30008D1A30008D1A30008D1A30008FD
:10A37000D1A30008D1A30008D1A30008D1A30008ED
:10A38000D1A30008D1A30008D1A30008D1A30008DD
:10A39000D1A30008D1A3000805A30008D1A3000899
:10A3A000D1A30008D1A30008D1A30008D1A30008BD
:10A3B000D1A30008D1A30008D1A30008D1A30008AD
:10A3C000D1A3000833A80008D1A300084BA80008B7
:10A3D00000220792B8F1300F00F09480002208921A
:10A3E000B8F12F0F40F218854FF0000AC1463846E9
:10A3F0005646544618E0082CC8BF0AEB8A0A00F1FA
:10A400000100C8BF08EB4A081790C8BFA8F1300A7E
:10A4100090F80080D8BFA2F13006B8F12F0FC146E6
:10A4200004F1010440F3B48006EB8602B8F1390F61
:10A4300008EB4202DFDD01228B49099301F0C0FAEB
:10A44000099B002871D117994A1C17924978104628
:10A450008C46002C40F0F780BCF1300F40F0DB85DB
:10A46000024600210132179292F800C00846BCF162
:10A47000300F01F10101F5D0ACF13104082C00F2EC
:10A48000CC81811C0E91002117460124ACF1300EC5
:10A490000A91002106EB86060EEB46060132179262
:10A4A000107801F1010CA0F1300EBEF1090F00F29D
:10A4B0007B84BEF1000F00F093870E98BCF1010F72
:10A4C00060440E9000F08A8704F10108C44609E058
:10A4D0004FEA49060CF1010CACEB04000138814253
:10A4E00040F388840CF1FF390AEB8A00B9F1080FB8
:10A4F0004FEA400006EB8609EADDBCF1100FD8BF39
:10A500008246E7E77A7802F0DF02582A00F00D84ED
:10A510000137179797F80080B8F1300FF8D0B8F1ED
:10A52000000F0ED0012208925AE7B8F1650F1AD039
:10A53000B8F1450F17D0002C32D1089A002A00F04C
:10A54000CC804FF000084FF00009069A0AB1179B23
:10A550001360079BBBB109F1004399464046494649
:10A560001DB0BDE8F08F002C40F082800A940E945C
:10A57000089A002A40F0E7824FF000084FF00009E7
:10A58000069A02B11360404649461DB0BDE8F08FFF
:10A5900001223549099301F013FA099B00284ED096
:10A5A0003046F5F7F7FE092CCDE9040140F3D082DF
:10A5B0000023102CA046A8BF4FF01008CDE90E33A1
:10A5C00009930A94294B03EBC80353E91223F5F7C7
:10A5D0005BFFCDE904015046F5F7DCFE02460B4671
:10A5E000DDE90401F5F79AFD0F2CCDE9040100F334
:10A5F000AF80099B002B00F0AB82099B40F3918256
:10A60000162B40F38684099AC4F125039342C0F2C5
:10A610009F80DDE90423154DC4F10F0405EBC4014F
:10A62000D1E90001F5F730FF099B1C1B05EBC405C0
:10A63000D5E90023F5F728FF8046894685E7179975
:10A640004A1C17924978A1F13000092800F2DA80FB
:10A650000E90002800F0C7860120DDF838E0214682
:10A660000A940E90C8E300BFFCFF000890050108A3
:10A6700000218E46179A0A940E91531C179392F854
:10A680000190B9F12B0F00F0BA80B9F12D0F00F055
:10A69000AF804FF00008A9F1300CBCF1090F38D899
:10A6A000B9F1300F179B40F0D5800133179393F821
:10A6B0000090B9F1300FF8D0A9F13100082840F22C
:10A6C000C78000230F9354BB089B0B437FF439AF23
:10A6D000BEF1000F40F04F841346B9F1690F00F04E
:10A6E0002C8400F32484B9F1490F00F02684B9F1D9
:10A6F0004E0F7FF441AF7A4917A8089301F0C0FFCD
:10A70000002840F098844FF000084FF00009089BA3
:10A7100036E7002317920F93D5E700230F930A9A89
:10A720003046002A14BF13462346102C0A93DDE955
:10A730000E23A3EB0203A0460993A8BF4FF0100815
:10A74000F5F728FE092CCDE904013FF73BAF50E7B0
:10A75000099AA4EB08031344002B40F3A28013F0E2
:10A760000F0123F00F0940F03583B9F59A7F00F30C
:10A77000F383B9F1100F4FEA291800F08A85DDE95B
:10A7800004014FF0000ADFF85C9118F0010F03D0CC
:10A79000D9E90023F5F778FE4FEA6808B8F1010F10
:10A7A0000AF1010A09F10809EFD1CDE904014D4B85
:10A7B00003EBCA01059BD1E90001A3F15473059392
:10A7C000DDE90423F5F760FE474BDFF820C10B40BD
:10A7D00063450A46CDE9040100F2BE8344498B4239
:10A7E00040F2D0844FF0FF32424BCDE904235AE0CF
:10A7F0004FF00108931C179392F802904BE74FF02B
:10A800000008F7E701F0DF0145297FF4C9AE002118
:10A810004FF0010E0A940E912FE70CF0DF0CBCF103
:10A82000450F7FF48EAE00244FF0010E0A940E9473
:10A8300023E7002207927A1C179297F80180B8F15B
:10A84000000F3FF499AE1746C4E501220792F2E7E4
:10A85000A9F1300C581C179093F80190B9F12F0F03
:10A8600009DCF1E20130179090F80090ABF1300C68
:10A87000B9F12F0F06DD0CEB8C0BB9F1390F09EB99
:10A880004B0BEFDDC01A082840F3DE8244F61F634D
:10A890000F93B8F1000F3FF416AF0F9B5B420F937D
:10A8A00011E740F0D9820023089323463946284611
:10A8B0000A9A009602F090F81390002800F04C835A
:10A8C000DDE90E329B1A099A4FF0000B002AA8BF4F
:10A8D00000230E9322EAE2734FF000091293DFE0A7
:10A8E0000C000108680501080000F07F0000A07C52
:10A8F0000000907CFFFFEF7FA149D21A8B42A4EBAE
:10A900000204C0F2A981012303FA02F80023109384
:10A91000089B26443C44A7421E443B46A8BF23460E
:10A92000B342A8BF3346002B02DDE41AF61AFF1A21
:10A930000E9B002B00F33281002C00F34A81099B0F
:10A94000002B00F37F81002E00F36E81002F08DDC5
:10A9500059463A46284602F049FA8346002800F054
:10A960006C8152462846189902F0D4FA8146002894
:10A9700000F063810023C2685946C3600F9202F061
:10A98000A9FA0028C0F24084059C00F0948359463F
:10A99000484602F05FFC00224FF0804306460F4617
:10A9A000F5F7EEFF002800F0D6800F9B002B40F05B
:10A9B0006081049B002B40F0E781C4F31303002B5C
:10A9C00040F084810022304639466E4BF5F7CEFFC9
:10A9D000002840F03C8300226B4B30463946F5F7A7
:10A9E00053FD0B460246CDE9102301F100430C90C4
:10A9F0000D93664A664B22409A429046DDE90C6709
:10AA000000F03E81089B1BB3B2F1D46F20D85AA34B
:10AA1000D3E90023DDE91001F5F7B2FFA0B1DDE9CC
:10AA20001001F6F761FD012838BF0120F5F7B2FCEF
:10AA30000F9BCDE91001002B40F0A48201F10043EF
:10AA400014901593DDE9146707F1D663A3EB0807AB
:10AA5000DDE90A0102F01EFB02460B46304639468C
:10AA6000F5F712FDDDE90A23F5F758FB0C46CDE9B1
:10AA70000401089B23B9454B2340984500F02F81E2
:10AA80002846189901F04CFF5146284601F048FF2E
:10AA90005946284601F044FF4946284601F040FF48
:10AAA000139C2846616801F015FF8246002800F0DB
:10AAB000C480226904F10C01023292000C30F6F7D6
:10AAC0009DFC1AAB019319AB00932846DDE90434D1
:10AAD0001A46CDE90A34234602F060FB189000289C
:10AAE00000F080800121284602F032F883460028D9
:10AAF00000F0A380199B002BC0F292800E9A129E48
:10AB00009F18089A1A9C9B1A2344224A013B93429D
:10AB1000C4F13604FFF6F0AE00234FF001081093A5
:10AB2000F6E61633FFF614AEDDE90E32DDE9040178
:10AB30009A1A194B03EBC203D3E90023F5F7CEFDB4
:10AB40008046894601E5A6460024179A214694E5E9
:10AB5000DDE90489F9E40C4B304639460022F5F76B
:10AB600093FC0F9BCDE91001002B7DD101F1004337
:10AB70000C900D933DE700BF0000C0FFFFFFDF41D9
:10AB8000E3FBFFFF0000F03F0000E03F0000F07F2C
:10AB90000000E07F02FCFFFF9005010859461A46BD
:10ABA000284602F0C7F8189A8346002800F06C8304
:10ABB0000146284601F0FAFF1899002800F060834A
:10ABC0000F90284601F0ACFE0F9B002C18937FF7E6
:10ABD000B6AE22462846189902F008F918900028C7
:10ABE0007FF4ADAE564601465C46CA4622234FF07E
:10ABF0000008DFF8C4922B60284601F091FE314630
:10AC0000284601F08DFE2146284601F089FE28469F
:10AC1000139901F085FE5146284601F081FE94E427
:10AC2000129A0E9FD61A6CE751463246284602F019
:10AC3000DDF8824600287FF489AE56465C46CA4657
:10AC40001899D3E751462846129A02F073F88246C3
:10AC500000287FF478AEF0E70121984A8846D21A9E
:10AC600001FA02F3109353E6DDE91023CDE90C233A
:10AC7000BFE60022924BCDE90C23CDE91023B8E6C4
:10AC8000A4F154730593DDE904673046394602F0B8
:10AC900001FADDE90C23F5F7F7FB32463B46F5F701
:10ACA0003DFA854B874E0B40B342CDE9040140F29B
:10ACB0008D80DDE90A01844B994201D10130BCD07D
:10ACC0004FF0FF33804CCDE90434D9E600227F4BAE
:10ACD000CDE90C2300227A4BCDE9102389E6DDE98A
:10ACE00010673046394604F0A7FCF5F79FFB024693
:10ACF0000B4630463946F5F70FFA0F9B049AC4F31A
:10AD000013041343234306460F462BD164A3D3E910
:10AD10000023F5F72BFE00283FF4B2AE5C46564602
:10AD2000CA46DDE90489189966E7079B02900193FA
:10AD300018AB00932846664A19AB17A901F0A6F98B
:10AD400010F00F0604463FF4FCAB062E40F01F81C6
:10AD5000002301374FF000084FF0000907931797C1
:10AD6000FFF7F3BB50A3D3E90023F5F7FFFD00285D
:10AD7000D4D14FA3D3E9002330463946F5F714FE6A
:10AD800000283FF47DAEC9E7049B012B9ED1002C27
:10AD90009CD156465C46CA4622234FF000084FF02D
:10ADA000000918992B6027E700F0DF00452800F024
:10ADB000DB80002C7FF4B1AC089A4FF000081143FF
:10ADC0004FF000093FF4DCABFFF7BFBB01F1547457
:10ADD00005944EE63F48DDE9042300EBC101D1E9CB
:10ADE0000001F5F751FBCDE90401B9F1000F3FF483
:10ADF0005AADBAE401394144082901F101047FF751
:10AE000048AB102CD8BF0AEB8A0A4FF00001D8BF1C
:10AE10000EEB4A0AFFF742BB012238462E4909933E
:10AE200000F0CEFD099B48B9824617985646024667
:10AE30000130179092F801C0FFF70EBB089A002A64
:10AE40003FF49AABFFF77DBB44F61F639C45A8BF58
:10AE50009C46CDF83CC01CE55B424FEA231813F03A
:10AE60000F030ED0DDE904011A4A02EBC303D3E954
:10AE70000023F5F733FCCDE90401B8F1000F3FF4EE
:10AE800012ADB8F11F0F00F37981DDE9040118F06C
:10AE9000100318BF6A23DFF84490089324E000BF32
:10AEA0009535A094FFFFCF3F9535A094FFFFDF3F7E
:10AEB00035E5AF350000E03F0000F07FE2FBFFFF2B
:10AEC0000000F03FFFFF9F7CFFFFEF7F0000F0BF1F
:10AED0001C04010890050108FCFF0008300401086B
:10AEE0004FEA680809F1080918F0010F06D14FEA86
:10AEF000680809F1080918F0010FF1D0D9E9002319
:10AF0000F5F7C2FA5FEA680800F0AF8009F10809B6
:10AF1000F1E70998A949DDE9042301EBC001D1E972
:10AF20000001F5F7B1FA80468946FFF70EBBB9F18B
:10AF30006E0F3FF4E0ABFFF71FBBA14917A80493C6
:10AF400001F09EFB002840F0A8804FF000084FF071
:10AF50000009049BFFF714BB22232B604FF000086D
:10AF6000DFF86092FFF7F1BA002C00F04B824FF04F
:10AF7000010EFFF782BB4FF000084FF000091346A7
:10AF8000FFF7FEBADDE91034CDE914345AE5189A1A
:10AF90003AB135211AA802F08BF92846189901F028
:10AFA000BFFC013E042E00F23E82DFE806F0032ED5
:10AFB0002B2003001A9B0493199B03F233421B9B23
:10AFC00023F4801343EA02530593E20502D543F0CC
:10AFD000004305937B4ADDE904891A40002A7FF487
:10AFE000B4AA00F01BFE22230360FFF7AEBA4FF0B5
:10AFF000FF326FF00043CDE90423E3057FF5A8ADF0
:10B00000059BE4E76F4B0593F7E7DDE91A121B9BFD
:10B01000CDE90412D9E7ACF13102082A20D92CF08D
:10B02000200CBCF1450F7FF409AF002201240A92E5
:10B030000E92FFF79DBA179B1B78282B00F0D0804B
:10B040006148FDF729FD80468946FFF77EBA002258
:10B050005E4BCDE90C2300225D4BCDE91023C8E403
:10B06000012102460E91FFF70EBA089BCDE90401BB
:10B07000002B7CD0C1F30A52C2F16B03002B76DDAA
:10B080001F2B6CDD342BCDF8108040F387814FF0FF
:10B090005C7305936A23089307E4179B4D49013BB2
:10B0A00017A8179301F0ECFA00287FF457AF179B0D
:10B0B0000133179352E727460F9A5646C646CA46AB
:10B0C000DDE90A895C46DDF840C04349C7F3130354
:10B0D000002A5CD08B4200F01681BCF1000F00F01A
:10B0E0000C811CEA070F36D04046494601F0D2FFDA
:10B0F000089B002B00F01481C7F30A57C7F16B07B8
:10B10000002F40F374813F0507F17F53002203F5C0
:10B110004013F5F7B9F902460B4640464946F4F7A5
:10B12000FDFF80468946404649462C4B0022F5F7F4
:10B13000ABF9244B80460B408946002B7FF4F3ADDE
:10B1400022232B60EFE5BCF1000F00F0AC801CEA7D
:10B15000070F40F0AC80089B002BE4D1E3E54FF0F3
:10B16000FF3202FA03F303400493DDE904010022F5
:10B170000023F5F7F1FB00283FF497AB22232B6067
:10B18000FFF7DFB902F154730593FFF78CBB002B77
:10B1900040F08480DDE904120B460029D3D1089BDE
:10B1A000002B00F0EB80DFF81CB007EA0B0BBBF1C3
:10B1B000D66F58D8BBF15C7FB5D8EDE59005010896
:10B1C000000001080000F07FA0FF00080000E0BFC1
:10B1D0000000E03F04000108FFFF0F0000005039AD
:10B1E000974917A81AAA01F06FFA05287FF428AF2B
:10B1F0001B9B43F0FF4343F4E00305931A9B049326
:10B20000DDE90489FFF7A1B90F9BDDE904010343E0
:10B2100056465C46CA46DDE90A899CD1C1F3130350
:10B220000F46002B97D121F0004B4FEA1B5B4FEAF2
:10B230000B5BBBF1D66F8ED9DAF814201AB9DAF8A5
:10B240001020012A87DD51460122284601F0CEFD5B
:10B250002146824601F03EFE00287FF77CAF089B26
:10B26000002B00F08B80ABF580136FEA13536FEA6D
:10B27000035305934FF0FF330493DDE9048952E74C
:10B2800056465C46CA46B1E4564611465C46CA4636
:10B29000ACE44FF0000A6B4BFFF78ABABCF1000F29
:10B2A0007FF455AF049B1EEA030F3FF454AF4046B2
:10B2B000494601F0EFFE089B002B4FD0C7F30A5719
:10B2C000C7F16B07002F40F39A803F0507F17F53CA
:10B2D000002203F54013F5F7D7F802460B46404627
:10B2E0004946F4F719FF0022002380468946F5F706
:10B2F00033FB00283FF417AF4EE5049B1EEA030F13
:10B300003FF429AFF0E6089B04999BB9481C18D07C
:10B31000BCF1000F6ED01CEA070F3FF404ADE3E66A
:10B3200002460B4640464946F4F7F8FE89468046F9
:10B33000189961E4444B3B40B3F1D46F38D94A1CAF
:10B340003FD1424B9F4263D03F4B3B4003F58013BC
:10B35000059300230493DDE90489FCE602460B46CD
:10B3600040464946F4F7D8FE00220023804689462D
:10B37000F5F7F2FA00283FF4D6AC0DE5324B1899F8
:10B380003B40A3F580136FEA13536FEA0353059311
:10B390004FF0FF330493DDE904892DE44FF0FF33D0
:10B3A000C2F14B0293400B400593DDE90401DEE658
:10B3B0004FF0FF301B0DC3F16B0300FA03F399420A
:10B3C000BFD0BCF1000F04D01CEA070F3FF4ABAEB6
:10B3D0008AE611EA0E0F3FF4A6AE85E621460BE59C
:10B3E0006146FFF75BB801210A94FFF757B80246A0
:10B3F0000B4692E611EA0E0F3FF495AC74E6024656
:10B400000B466CE700297FF4B2AD0124FFF7B0B81A
:10B41000013199D122234FF000081899DFF82890C4
:10B420002B60FFF7E9BBE10505D54FF0004305931D
:10B43000DDE90489D5E54FF000084FF00009D0E5BB
:10B4400008040108680501080000F07FFFFFEF7F96
:10B4500084460A460249034B08686146FEF744BF2A
:10B46000C00600206C040020024A0349034800F093
:10B47000C9B800BF6004002061D30008C8060020DE
:10B480000C4B416810B59942044601D001F068FFA9
:10B49000A168094B994202D0204601F061FFE168A2
:10B4A000064B994204D02046BDE8104001F058BF39
:10B4B00010BD00BFE41600204C170020B417002078
:10B4C0002DE9F84300250423304C314A3149DFF897
:10B4D000C890DFF8C880324F324E116004F15C0032
:10B4E00029460822C4E90335C4E90055C4E90555D5
:10B4F000A560656600F020FA04F15800C4E9074928
:10B50000C4E90987E66200F0B7FB274B2946082209
:10B5100004F1C4006367C4E91A55C4E91E552567E0
:10B52000C4F8CC50C4F8805000F006FA04F1680367
:10B5300004F1C000C4F88430C4E92298C4E9247638
:10B5400000F09AFB194B294604F596700822C4F8BE
:10B55000DC30C4E93455C4E93855C4F8D850C4F8CF
:10B560003451C4F8E85000F0E7F904F1D003C4E91D
:10B570003D87C4F8F09004F59470C4F8FC60C4F8FA
:10B58000EC30BDE8F84300F077BB00BFE4160020C4
:10B590001C18002069B40008A9B80008CDB800083C
:10B5A0000DB9000831B900080900010012000200BD
:10B5B00010B504460A4800F063FB636B23B9094BDE
:10B5C000094A1B68626323B1BDE81040044800F0DB
:10B5D00059BBFFF775FFBDE81040014800F052BBB2
:10B5E0002C1800201C18002081B40008014800F02D
:10B5F00047BB00BF2C180020014800F043BB00BF30
:10B600002C1800202DE9F84380460F464FF0000922
:10B6100016467568013D11D4B468A389012B08D979
:10B62000B4F90E30013304D021464046B84749EA08
:10B630000009013D6B1C04F16804EED13668002E50
:10B64000E7D14846BDE8F88330B5054689B00846DD
:10B650000C4600F027FB012302222A49CDE90440D1
:10B66000079318446B6B069104A9CDE90112AC68ED
:10B670000390002B3ED0636EB4F90C20D8071CD584
:10B68000910423D442F4005223F40053A281636650
:10B69000990433D42846214601AA01F08BFF0028E3
:10B6A00014BF4FF0FF350A25636EDA0702D4A38971
:10B6B0009B0510D5284609B030BD900511D59104E1
:10B6C000E0D59B04E6D54FF0FF35F0E79B04E1D5CC
:10B6D0004FF0FF35EEE7A06D00F0D4FA284609B030
:10B6E00030BDA06D00F0CCFAB4F90C20636E90046C
:10B6F000CED4C7E72846FFF75BFFBCE74FF0FF3526
:10B70000D3E700BF10000108024B01461868FFF79D
:10B710009BBF00BFC00600202DE9F041614D0446EB
:10B720002F6890460E461D4684B01FB17B6B002BE0
:10B7300000F0A180B8F1020F06D0B8F1010F00F2BD
:10B740009E80002DC0F29B80636EDB073ED52146B4
:10B75000384601F0F7FE216B41B104F140039942F4
:10B7600002D0384600F032FB002323630022B4F9F4
:10B770000C30A2611906626056D423F44A6323F0A8
:10B780000303B8F1020FA38155D003AB214638461D
:10B7900002AA02F0F3F8A3891843A081EDB1EEB13B
:10B7A0007B6B43B3029AB4F90C30AA421CBF43F43A
:10B7B0000063A381B8F1010F21D01807C4E9046523
:10B7C000266025D5D9074BD4A56023E0A389980529
:10B7D000BDD4A06D00F054FAB9E7029D2846FEF7EB
:10B7E000A5FA064600284DD0A38943F08003A38123
:10B7F0007B6B002BD6D13846FFF7DAFED2E7C4E9DF
:10B80000046543F0010226601E07A28129D4134675
:10B810000022A260626ED20701D49B0527D50025C5
:10B82000284604B0BDE8F0813846216900F0CEFA20
:10B83000B4F90C30A1E700250020012104F14302F6
:10B8400022602261626E43F00206D207A681A060E8
:10B850006161E5D49F05E3D4A06D00F013FADFE742
:10B860001A4600216D421346A561A160D2E7A06D82
:10B8700000F008FAD3E73846FFF79AFE5AE74FF090
:10B88000FF35CDE7029BAB4207D018460193FEF788
:10B890004DFA019D06460028A6D14FF0FF35B4F9B8
:10B8A0000C30C9E7C006002010B50C46B1F90E10E7
:10B8B00000F060F9002803DB236D0344236510BD0D
:10B8C000A38923F48053A38110BD00BF2DE9F0416B
:10B8D0001F46B1F90C301646DA050C4605460BD466
:10B8E00023F48051A1813B4632462846B4F90E101C
:10B8F000BDE8F04100F07CB902230022B1F90E103E
:10B9000000F022F9B4F90C30EAE700BF10B50C469C
:10B91000B1F90E1000F018F9B4F90C30421C0EBF4A
:10B9200023F4805343F480532065A38110BD00BFEE
:10B93000B1F90E1000F0F6B830B58407864603461C
:10B9400006D0A2B303F8011B980702F1FF32F8D129
:10B95000032A26D95FFA81FC0CEB0C2C0F2A0CEB86
:10B960000C402AD922F00F0C9C44C3E90000C3E923
:10B97000020010336345F8D112F00C0F02F00F05EE
:10B9800017D01A464FEA950C0CF1FF3403EB8C0CE0
:10B9900042F8040B6245FBD1043305F0030203EBCC
:10B9A000840322B11A4403F8011B9A42FBD170466A
:10B9B00030BD2A46002AF5D1F9E71546E1E700BF78
:10B9C0008AB340EA01039B0730B504468E4618D17E
:10B9D000032A0BD815E0043A23D01CF0803F20D175
:10B9E000032A01F1040E00F1040422D92368DEF8D1
:10B9F0000050A3F10131AB4221EA030C204671460D
:10BA0000E9D003780C78A3420FD1013A024406E052
:10BA10006BB110F8013F11F8014FA34205D19042DC
:10BA2000F6D1002030BD10467047181B30BD1846B7
:10BA300030BD20467146E4E7024A012312685032C5
:10BA400000F002B8C006002030B5154620B3864687
:10BA50004C1E7246A44612F8010B01E0884214D035
:10BA60001CF8011F0029F9D1E0B11046A44610F8D6
:10BA7000011B00E063B11CF8013F9942FAD149B1C2
:10BA8000002313702860704630BD73B19646E0E71E
:10BA90000246EAE70846F5E7D2F800E0BEF1000FFB
:10BAA000D6D100E02860002030BD2A6070468EF8B4
:10BAB0000030E9E710B5174B1F281C6882B023D867
:10BAC000D4F8F811024671B151F820305BB1012B66
:10BAD00006D0B3F1FF3F12D0002441F82040984730
:10BAE000002002B010BD2046019200F06DF8014622
:10BAF0002046019A02B0BDE8104000F051B816236C
:10BB00000120236002B010BD16234FF0FF302360E8
:10BB1000E7E700BFC0060020014B93F81002704712
:10BB20006C04002038B50023064C05460846236007
:10BB3000FBF70CFE431C00D038BD2368002BFBD064
:10BB40002B6038BD201800208C461146002238B5E5
:10BB5000074C0546226060461A46FBF703FE431C6D
:10BB600000D038BD2368002BFBD02B6038BD00BF50
:10BB7000201800208C461146002238B5074C054697
:10BB8000226060461A46FBF7F5FD431C00D038BD25
:10BB90002368002BFBD02B6038BD00BF201800208D
:10BBA00038B50023074C0546084611462360F6F7D2
:10BBB00013F9431C00D038BD2368002BFBD02B6049
:10BBC00038BD00BF20180020F6F704B938B50023AF
:10BBD000064C054608462360F6F70CF9431C00D0D6
:10BBE00038BD2368002BFBD02B6038BD2018002007
:10BBF0008C461146002238B5074C05462260604647
:10BC00001A46FBF78FFD431C00D038BD2368002B7C
:10BC1000FBD02B6038BD00BF20180020014B1868F6
:10BC2000704700BFC006002070B50F4B0F4E9E42FC
:10BC300009D01D460024F61AB61055F8043B01340D
:10BC40009847A642F9D803F02DFD094E094B9E42B4
:10BC500009D01D460024F61AB61055F8043B0134ED
:10BC60009847A642F9D870BD540A0108540A010841
:10BC7000600A0108540A0108704700BF704700BFFE
:10BC8000704700BF704700BF082802D14FF48050B2
:10BC9000704708B5FFF7C2FF162203464FF0FF308A
:10BCA0001A6008BD20F0030110F00300C0F100008D
:10BCB00051F8043B00F1040C4FEACC0C6FF0000289
:10BCC0001CBF22FA0CF213434FF0010C4CEA0C2C6F
:10BCD0004CEA0C4CA3EB0C0222EA030212EACC124F
:10BCE00004BF51F8043B0430F4D0C2F1000102EA71
:10BCF0000102B2FA82F2C2F11F0200EBD2007047D9
:10BD0000024B13B1024800F005B870470000000074
:10BD10009DDC0008002301461A46184602F012B8BE
:10BD2000F8B5064608200C46FFF7AEFF074630463A
:10BD3000FEF7CEFA224A93685D6825F00305A5F167
:10BD400011031C1B3C44B4FBF7F4013C07FB04F457
:10BD5000A74208DC00213046FFF738FF184A9368F5
:10BD60002B44984204D03046FEF7B8FA0020F8BDC4
:10BD700030466142FFF72AFF0130114A0DD01149C8
:10BD800093682D1B45F001055D600B6830461B1B59
:10BD90000B60FEF7A3FA0120F8BD00213046FFF743
:10BDA00015FF074A9268831A0F2BDCDD43F001036D
:10BDB0005360054B03491B68C01A0860D3E700BFF6
:10BDC00058000020B016002050000020002960D04C
:10BDD0002DE9F0410C460746FEF77AFA54F804ECD8
:10BDE0007949A4F1080C2EF001030CEB03028D68D5
:10BDF0005068954220F0030000F0878050601518CD
:10BE00006D6805F001060EF001058DBB54F8084C75
:10BE100001F1080EACEB040C2344DCF80840744537
:10BE200066D0DCF80C50E560AC60002E00F08A8033
:10BE300043F00100CCF804001360B3F5007F32D268
:10BE40005809DA08012383404868013203434B60F4
:10BE500051F8320001EBC203083BCCE9020341F880
:10BE600032C0C0F80CC03846BDE8F041FEF736BA23
:10BE700086B9034401F1080E906843F0010470454F
:10BE800079D0D268C2609060CCF804404CF803309E
:10BE9000D3E770474EF00102B3F5007F44F8042C5D
:10BEA0004CF80330CCD3B3F5206F4FEA53224BD27A
:10BEB0009A0902F1390002F13804C20088188A5840
:10BEC0000838904203D15FE09268904204D05168F4
:10BED00021F003019942F7D8D068CCE90220C0F8DC
:10BEE00008C03846BDE8F041C2F80CC0FEF7F6B90C
:10BEF000AEBB1844D2E90223D3609A6040F001033C
:10BF0000CCF804304CF80000ADE718440EF0010303
:10BF100043B954F8083CACEB030C1844DCE90223A9
:10BF2000D3609A6040F00103CCF80430274BC1F88D
:10BF300008C01B68834296D8254B38461968FFF71E
:10BF4000EFFE90E7034497E7142A0ED9542A22D82B
:10BF50001A0B02F16F0002F16E04C200AEE743F06B
:10BF60000101CCF8041013607DE702F15C0002F1DE
:10BF70005B04C200A2E7C1E904CCCCE902EECCF834
:10BF800004404CF803306EE70123A410A3404C6832
:10BF900023434B60A1E7B2F5AA7F06D8DA0B02F182
:10BFA000780002F17704C20088E740F254508242E0
:10BFB00006D89A0C02F17D0002F17C04C2007DE7F4
:10BFC0004FF47E727E2479E7580000205400002050
:10BFD000E01600202DE9F041D0F810E0BEEB611F23
:10BFE00005DC0023036100234361BDE8F08100F11B
:10BFF00014044E1111F01F0C04EB8E0504EB8603A4
:10C0000027D054F8261004339D4221FA0CF137D979
:10C010002746CCF120081A6802FA08F20A4347F8CA
:10C02000042B53F8041B9D4221FA0CF1F3D8AEEB1C
:10C03000060E4FEA8E0EAEF1050E4FEA9E02231D4C
:10C040002EF0030E43F822109E4489B10EF1040E27
:10C050000EE09D4288BF00F11002C2D953F8041BC4
:10C060009D4242F8041FF9D8AEEB060E04EB8E0E8B
:10C07000AEEB04039B10A6450361B4D0BDE8F0818C
:10C0800041610029ADD0A646E0E700BF2DE9F04FA1
:10C090008B46096885B002938B789246302B0090CE
:10C0A00040F01C82CA1C13781446302B02F10102A6
:10C0B000F9D0A4EB0108A8F10208B04EF35C002B04
:10C0C00000F0EE80002322781D46B25C002A00F0CA
:10C0D0006E81274617F8012FB25C002AFAD101229F
:10C0E0003846A7490193FFF76BFC019B8146002866
:10C0F00050D03A78002D00F0C781A5EB07094FEA30
:10C10000890902F0DF02502A3D4650D0CBF800707A
:10C11000002B74D12A1B013A072A194604DD52105C
:10C12000072A01F10101FADC009800F0D3FB8346F5
:10C13000002800F09A8200F11407AC42019780F0C9
:10C140000182CDF80C904FF00008A14600240CE0CD
:10C15000202C19D0214604342A78B25C02F00F0258
:10C160008A4048EA02084D4552D015F8012D2E2A82
:10C17000EED14D45ECD3012228468149FFF720FC42
:10C180000028F0D0202CE5D1002147F8048B0424AE
:10C190008846E1E7002D00F094813A78A5EB070985
:10C1A00002F0DF02502A3D464FEA8909AED16A7893
:10C1B0002B2A00F067812D2A40F0E4800120AA7824
:10C1C000AF1CB15C4A1E182A00F2E4807A7810395C
:10C1D000B25C013752B90BE001EB810102EB410285
:10C1E000A2F1100117F8012FB25C0AB1192AF3DD90
:10C1F00000B149428944CBF80070002B8AD0B8F1D5
:10C20000000F0CBF06240024204605B0BDE8F08FC7
:10C21000DDF80C90019B47F8048BFF1ABB104046D9
:10C22000CBF8103000F02CFCDAF80050C0EBC7005F
:10C23000A84255DCC0F22A81DAF808304B45C0F23A
:10C240001881DAF80430994580F2A680A3EB090939
:10C25000A94570DA09F1FF34002C40F086812646AA
:10C2600001230199621151F8222004F01F04A34018
:10C27000134249465846A5EB090500F08581FFF7B2
:10C28000A9FEDAF80C40DAF80490022C00F03981AB
:10C29000032C00F09381012C00F08C8112247CE0AF
:10C2A000012220463649FFF78BFB0346002840F069
:10C2B00080806278651CB15C00297CD0302A2C46D5
:10C2C00040F07E8114F8013F302BFBD0F25C4FF040
:10C2D0000108B2FA82F35B09002A7FF4FAAE66E045
:10C2E000441B2146584601F00BF8064678B101265A
:10C2F000621E0199531151F8231002F01F0306FA30
:10C3000003F30B4203D0B24200F3358102262146EB
:10C310005846FFF75FFEDAF80830A1444B45C0F2FB
:10C32000A880DAF804304B4540F3DC80A3EB090920
:10C330004D4500F30B81DAF80C20022A43D0032A82
:10C3400000F02C81012A41D1A9453FD1B9F1010F5B
:10C3500008D0584609F1FF3100F0D2FF002835D04F
:10C36000DAF804300122029962240B60019BCBF8B9
:10C3700010201A600E9BC3F800B045E7580401086E
:10C38000FCFF0008B15C00204A1E182A05F10107D5
:10C390007FF61CAF2F46B9E6012420460E9BC3F85A
:10C3A00000B0029BC3F8009005B0BDE8F08F2746AF
:10C3B00095E62546227802F0DF02502A00F0EA8056
:10C3C000CBF800501BE70F9A002ACBD050240098DE
:10C3D000594600F0A5FA002320460E9A136005B0D6
:10C3E000BDE8F08FDBF808309E4280F2EC8001223D
:10C3F000022C06EB02000BEB8606CBF81000DDF8F2
:10C400000480726100F0CF80002840F30281DBF8E5
:10C41000143008EB80000BF1180188424FEA5303F7
:10C4200040F2178144460A6843EAC27344F8043B69
:10C4300051F8043B88424FEA5303F4D8A0EB0B02B7
:10C44000193A08F10401900822F0030241F8203063
:10C450000A4403B10432A2EB08039B104245CBF817
:10C46000103000F0D980DAF8083009F101094B45A5
:10C4700066DA5946009800F053FA00230E9AA32476
:10C480001360C1E600209AE6A9463AE62C1A5946FE
:10C490002246009800F0AAFCDAF80830A9EB04095B
:10C4A00099458346E5DCDAF804309945BFF674AF68
:10C4B000A3EB090900F11402A9450192BFF63BAFB5
:10C4C000C8E67A787D1CB15C2F4600293FF419AE8E
:10C4D00017F8012FB15C0029FAD10EE64FF00008E1
:10C4E0008C1CEAE50124002E3FF457AFDAF80C303B
:10C4F000022B06D0032B08D0012B2ED044F01004C1
:10C500004BE70F9BC3F101030F930F9B002BF5D05B
:10C51000019BDBF8106098461A46002003EB860169
:10C5200004E042F8040B91427FF65CAF13685F1C95
:10C53000F7D00133022C136035D015F01F056FD1F1
:10C5400021242AE74FF00008019F63E609F1FF3438
:10C55000002E3FF481AE012682E6B207CED5019BC4
:10C560001B681E43F307D3D4C8E72146584600F0A2
:10C57000C7FE064674E65846A11E00F0C1FE00281C
:10C580003FF4C4AE0326C2E6FFF724FD0224DAF826
:10C590000490A8E74FF00009012308E60F9A002A4B
:10C5A0007FF4E0AE12E7DAF80030013BAB4244D052
:10C5B0002224F2E6022446F00206D0E70224A4E791
:10C5C0004FF0010885E5DBF804100098013100F018
:10C5D00081F90746002842D0DBF810300BF10C013E
:10C5E00002339A000C30F4F709FF5946009800F026
:10C5F00097F901213A69022C02EB010007EB820254
:10C600003861BB4607F114085161CCD0864294DAF8
:10C61000FAE60023CBF810300023CBF8143022E7E1
:10C6200008EB860656F8040C00F02AFAC5F120053E
:10C63000A84285DADBF81000E6E601236A1158F813
:10C64000222005F01F05AB40134214BF21242224F1
:10C65000A3E6C8F80030002BDBD04246FAE60246DB
:10C660008421054B054801F0AFFB0246E421024B53
:10C67000024801F0A9FB00BF580001086C00010846
:10C680000139036811F8012F03F1010CB2B100B5B3
:10C6900002E011F8012F62B11CF8013BA3F1410E39
:10C6A000BEF1190F98BF20339342F2D000231846F1
:10C6B00000BD0123C0F800C0184600BD0123C0F82A
:10C6C00000C01846704700BF2DE9F04F15460B68B3
:10C6D00082465A1105EB820213F01F0385B00093C6
:10C6E0004FF000000DBF1346131D9646A2F1040E35
:10C6F000DAF8002043F8040C5178002900F0B480E7
:10C700001F46CDF804A00B4680467446F446814689
:10C7100082467146634E013210E0202B00F29E806B
:10C72000504508DDA44502D2B8F1070F69DD654523
:10C730005ED34FF0080812F8013FCBB116F803B0F2
:10C74000BBF1000FE9D008F10108B8F1080F00F1C2
:10C75000010042DCDCF800304FEA031E0BF00F0B47
:10C760004BEA0E03CCF8003012F8013F002BE5D164
:10C770003B468E46002877D0A44502D2B8F1070F79
:10C780007ADD65455BD26246291F52F8040B72457B
:10C7900041F8040FF9D9AEEB0C020EF1010122F0C1
:10C7A00003020CF1010C8C4588BF00220020291DDA
:10C7B0000A441146043272450860FAD953F8041C41
:10C7C00019B106E05EF8043D1BB97545FAD10123A5
:10C7D0002B60052005B0BDE8F08F6545ABD24CF865
:10C7E000049C4FF0000E4FF00108ACF1040CB5E7CB
:10C7F000ACF104044CF8049C8246A4464FF00008B7
:10C8000099E7C8F1080ECDE902C7E046DCF8003030
:10C8100094464FEA8E0ECEF1200BD8F8042002FA8F
:10C820000BF71F4322FA0EF3C8F8007048F8043FD4
:10C83000A045F2D36246039FDDF808C077E7009A6F
:10C8400053F8041C002ABBD04FF0FF30C2F1200285
:10C8500020FA02F2114043F8041CB1E7292B8E465E
:10C860003B46DDF804A003D0042005B0BDE8F08FFE
:10C870000132CAF800207DE7DCF800106646084661
:10C88000C8F108029200C2F12008776807FA08F19F
:10C89000014327FA02F0316046F8040FA642F4D3B0
:10C8A0006FE700BF5804010882B049B15AB16BB1BB
:10C8B00013780B601278101E18BF012002B0704769
:10C8C00001A9002AF3D1104602B070476FF00100B1
:10C8D000F4E700BF38B5436C05460C464BB153F83E
:10C8E000240080B1026843F824200023C0E9033308
:10C8F00038BD2122042101F089FA0346686400282A
:10C90000EDD1002038BD0121284601FA04F56A1D49
:10C91000920001F07BFA0028F3D0C0E90145E4E77A
:10C9200031B1436C4A6853F82200086043F8221082
:10C93000704700BFF0B517460E4600221C460D6931
:10C9400083B001F1140EDEF8001001328BB207FB48
:10C950000343090C4FEA134C07FB01CC9BB203EBDA
:10C960000C4395424EF8043B4FEA1C44EBDC3CB1CF
:10C97000B368AB4207DD06EB850301355C613561C9
:10C98000304603B0F0BD716807460131FFF7A2FFE2
:10C990000346B0B1326906F10C01023292000C304C
:10C9A0000193F4F72BFD7A6C716852F82100306026
:10C9B00042F82160019E06EB850301355C6135611B
:10C9C000DEE70246BA21024B024801F0FDF900BF42
:10C9D00058000108D00001082DE9F843092B1E4634
:10C9E000054688461746089C3CDD01230021214866
:10C9F00006F10802A0FB0202DA405B009A4201F154
:10CA00000101FADC2846FFF765FF014660B3012308
:10CA1000092F4461036113DC092708F10A04BE42AF
:10CA20000BDDF61B264414F8013B0A222846303B56
:10CA3000FFF780FFB4420146F5D10846BDE8F88310
:10CA400008F10904A146B84414F8013B0A2228461B
:10CA5000303BFFF76FFF44450146F5D109EB070472
:10CA6000083CDCE70021CDE70246D321024B034816
:10CA700001F0AAF9398EE33858000108D000010806
:10CA8000B0F5803F03463ABF102083400020B3F149
:10CA9000807F3CBF1B020830B3F1805F06D3B3F147
:10CAA000804F0FD29A0012D4033070471A01B2F1AE
:10CAB000804F00F1040006D29B0108D45B00F3D440
:10CAC000202070471A46002AFBDB013070470230F5
:10CAD000704700BF036859070AD0DA0721D49907C5
:10CAE0004BBF012202225B089B080360104670477F
:10CAF0009AB282B91B0CDAB2B2B11022190701D175
:10CB000004321B09990714D0D90701D401325B08FC
:10CB1000036010467047DAB24AB11A0712D10422F4
:10CB2000EFE700221046704718221B0AE6E70822AA
:10CB3000FBE7590702D502329B08E9E7DB0804D17D
:10CB40002022D3E70322D340E2E70332E0E700BF2D
:10CB500038B5436C04460D464BB15868B0B1026815
:10CB60005A60002201234561C0E9032338BD212218
:10CB7000042101F04BF9034660640028EDD1002246
:10CB800040F24511074B084801F01EF91C22012113
:10CB9000204601F03BF90028F1D001220223C0E930
:10CBA0000123DEE758000108D00001082DE9F04F0D
:10CBB0000F6915690E46AF42904685B005DB2A46DF
:10CBC00043463D46884617461E46D8F80830D8F8F2
:10CBD0000410EC19A342B8BF0131FFF77BFE844675
:10CBE000002800F09C80143000EB840E704505D2C4
:10CBF0000346002143F8041B9E45FBD8143606EB80
:10CC0000870296427CD208F1140707EB850508F1EC
:10CC10001503A5EB0808AB42A8F11508CDE902E41D
:10CC200091468CBF00240124E3464FEA980A05E0B0
:10CC3000090C34D1B14500F104005ED956F8041B4B
:10CC40008AB2002AF4D0B84686460023CDE9009087
:10CC500058F8041BDEF800001FFA81F94FEA114C66
:10CC600081B202FB0911000C02FB0C00194400EB1D
:10CC7000114089B241EA004145454EF8041B4FEA94
:10CC80001043E5D8DDE90090002C4FEA8A0208BF86
:10CC900000220244536056F8041C090CCAD00368F1
:10CCA0008846BC46864600221946CDF80090BCF85E
:10CCB00000909BB208FB092909EB114943EA09439B
:10CCC0004EF8043B5CF8043BDEF800101B0C8AB203
:10CCD00008FB0323654503EB19434FEA1342E6D8EB
:10CCE000002C4FEA8A0208BF0022DDF800900244BF
:10CCF000B145536000F10400A0D8DDE902E4DC4650
:10CD0000002C02DC05E0013C03D05EF8043D002B62
:10CD1000F9D06046CCF8104005B0BDE8F08F02466F
:10CD20004FF4B171014B024801F04EF85800010870
:10CD3000D0000108F8B512F00303144607462FD1BE
:10CD40000E46A4102AD03D6C002D32D004F0010311
:10CD500064103BB92868B8B1054604F001036410BB
:10CD6000002BF7D02A4631463846FFF71FFF36B171
:10CD70007B6C716853F82120326043F8216074B1F4
:10CD8000064628680028E7D12A4629463846FFF794
:10CD90000DFF0023286005460360DEE73046F8BD3E
:10CDA0000F4A013B52F823200023FFF7C3FD06463C
:10CDB000C7E701213846FFF78DFD054640B140F237
:10CDC00071230122C0E90423002338640360BDE716
:10CDD000024640F24511034B034800F0F5FF00BF47
:10CDE0005805010858000108D00001082DE9F04756
:10CDF0000D462E69AB6806EB6216741C9C42914688
:10CE0000074649684FEA621804DD5B009C4201F165
:10CE10000101FADC3846FFF75DFD00284ED0B8F17D
:10CE2000000F00F1140C0BDD6346002208F1050130
:10CE300000EB810143F8042B8B42FBD10CEB880CF7
:10CE4000296905F1140319F01F0803EB810E2CD09A
:10CE500062464FF0000AC8F12009196801FA08F18A
:10CE600041EA0A0142F8041B53F8041B9E4521FACB
:10CE700009FAF2D8AEEB0503153B23F0030305F1E5
:10CE80001502964538BF002304334CF803A0BAF1CD
:10CE9000000F00D134467B6C6A68046153F822109D
:10CEA000296043F82250BDE8F087ACF1040C53F838
:10CEB000042B9E454CF8042FF9D8EBE702464FF4BB
:10CEC000EF71024B024800F07FFF00BF58000108DD
:10CED000D000010803690A6900B5B3EB020E12D154
:10CEE00000F1140C14310CEB820301EB820101E020
:10CEF0009C4508D253F8040D51F8042D9042F7D008
:10CF000003D24FF0FF3E704600BD4FF0010E704659
:10CF100000BD00BF2DE9F04F13690D690C46ED1AF5
:10CF2000002D174683B014D101F1140C143202EB1A
:10CF300083020CEB830302E09C4580F0878053F86A
:10CF4000046D52F8041D8E42F6D080F08C800125CD
:10CF500003E0FCDB00250F4614467968FFF7BAFCB6
:10CF6000002800F08B803B6900F1140207F11408DF
:10CF700007F11001834627691E46C56008EB830E42
:10CF800004F1140001944FF0000C9146C2460B4688
:10CF9000144600EB870750F8041B53F8045F8AB26D
:10CFA0001FFA85F8A8EB0208090CE044C1EB154113
:10CFB00001EB28411FFA88F848EA0142874249F804
:10CFC000042B4FEA214CE6D891462246019C334679
:10CFD000381B1538153420F00300A74238BF002055
:10CFE0000AEB0001043187188E455E460C4698BF57
:10CFF0003A461ED9A2EB0A020437E14604EB0208C6
:10D0000054F8040B1FFA80FCCC44050C484405EB93
:10D010002C4580B240EA0540A6454FEA254CC8F8A9
:10D020000000EAD881460EF1FF32521A22F00302C4
:10D030003A44B9F1000F04D152F8041D013B002914
:10D04000FAD03046336103B0BDE8F08F0021FFF71E
:10D0500041FC064658B101220023C0E904233046B2
:10D0600003B0BDE8F08F3B4627461C4675E70246F5
:10D0700040F23721054B064800F0A6FE024640F27A
:10D080004521024B024800F09FFE00BF58000108F6
:10D09000D0000108114B0B40A3F15073002B03DDAE
:10D0A00000221946104670475B42B3F1A07F4FEA59
:10D0B000235106DA4FF4002300220B411946104693
:10D0C000704714391E29D4BF4FF0004201224FF09F
:10D0D0000003D8BFCA401046194670470000F07FD1
:10D0E000F8B5056900F1140404EB850555F8047CD6
:10D0F0002E1F3846FFF7C4FCC0F120030A280B603E
:10D1000034DDB442A0F10B0C1CD255F8083CBCF144
:10D11000000F24D0CCF1200623FA06F207FA0CF710
:10D120001743A5F1080047F07F52844203FA0CF33D
:10D1300042F4401217D255F80C0C1146F04003434C
:10D140001846F8BD0B2809D0002307FA0CFC4CF058
:10D150007F5242F4401218461146F8BD002347F0B2
:10D160007F5242F4401218461146F8BDB4422CBF1B
:10D17000002455F8084CC0F10B0327FA03FC38BF14
:10D18000DC4000F115034CF07F5207FA03F342F440
:10D190004012234318461146F8BD00BF30B50121A7
:10D1A00085B0CDE90023FFF795FBDDE900230546B7
:10D1B000002844D0C3F30A54C3F313010CB141F463
:10D1C0008011002A039114D103A8FFF783FC0121E9
:10D1D000039B20306B6129610CB3089BA4F233449C
:10D1E00004441C60099BC0F135001860284605B056
:10D1F00030BD02A80292FFF76DFCDDE9022328B1E1
:10D20000C0F1200103FA01F10A43C340002B0CBF17
:10D21000012102216A61AB612961002CDDD105EB9E
:10D220008102A0F232431069089A1360FFF728FCCC
:10D23000099BC0EB41101860284605B030BD02467E
:10D2400040F20F31014B024800F0BEFD58000108CA
:10D25000D00001082DE9F04983B08B46694680462D
:10D26000FFF73EFF04460D46584601A9FFF738FF79
:10D27000D8F81030DBF81020A3EB020CDDE9003207
:10D280009B1A03EB4C13002B0BDD05EB03573D46BC
:10D2900002460B4620462946F3F720FA03B0BDE8C4
:10D2A000F089C3EB033301EB035C6146F0E700BF99
:10D2B00002F1140310B51446126901F1FF3C4FEA64
:10D2C0006C1C03EB82010CF1010C8B4200EB8C0C0B
:10D2D0000DD2A0F1040E53F8042B99424EF8042FFE
:10D2E000F9D8091B153921F003010430084484459D
:10D2F00004D9002340F8043B8445FBD810BD00BF8F
:10D3000003694A11934200F1140009DA00EB830328
:10D3100002E053F8042D82B98342FAD80020704706
:10D3200000EB8203F8DD11F01F01F5D050F822C0A8
:10D330002CFA01F28A409445EED00120704700BFDC
:10D3400059B1FF2A03D801230A70184670478A2270
:10D350004FF0FF330260184670470B46184670477F
:10D3600070B5002941D006460C4610B1436B002B26
:10D370003ED0FEF73BF9636EB4F90C20DD0730D4E4
:10D38000900538D52146304600F04CF8E36A054652
:10D3900033B13046E16998470028B8BF4FF0FF35F8
:10D3A000A3891A0639D4216B41B104F14003994293
:10D3B00002D03046FEF70AFD00232363616C21B1E1
:10D3C0003046FEF703FD002363640022636EA281F2
:10D3D000DB071ED5A06DFEF751FCFEF70DF92846C0
:10D3E00070BD002ACED1FEF707F90025284670BD92
:10D3F000FEF7DEF8BDE7A06DFEF742FCB4F90C3095
:10D40000002BBFD1636ED907EDD4A06DFEF73AFCB7
:10D41000E9E7A06DFEF736FCDCE730462169FEF750
:10D42000D5FCC0E7B1F90C20F8B515070C46074646
:10D4300049D4496842F400630029A3815FDDA66AEC
:10D44000002E3ED0002112F480523D68396061D137
:10D4500001233846E169B0470246501C67D0B4F951
:10D460000C30A66A590705D56368D21A236B0BB135
:10D47000E36BD21A00233846E169B047421CB4F985
:10D480000C3049D139681D293ED82D4ACA40D607EB
:10D490003AD5002262602269D904226023F4006236
:10D4A000A28102D53B68002B3FD0216B3D6041B18A
:10D4B00004F14003994202D03846FEF787FC00236E
:10D4C00023630020F8BD0E69002EFAD0920718BF22
:10D4D00000230D6808BF4B690E60AD1B8B600BE02D
:10D4E0002B4632463846E169D4F824C0E04700288C
:10D4F000A5EB0005064406DD002DF1DCE1E7E16B5C
:10D5000000299CDCDDE7A38943F040034FF0FF30A6
:10D51000A381F8BD226DA5E7002262602269226026
:10D5200023F40062DB04A281BFD52065BDE73B6820
:10D53000002B94D01D2B01D0162BE4D13D60C0E709
:10D540000100402000B5034683B008B1426B52B3DE
:10D55000B1F90C0098B14A6ED20701D4820512D5F8
:10D5600018460091FFF75EFF009903464A6ED00708
:10D5700002D48A8992050ED5184603B000BD034631
:10D58000184603B000BD886D01930091FEF778FB4B
:10D59000DDE90013E4E7886D0093FEF773FB009B61
:10D5A000184603B000BDCDE90001FEF701F8DDE942
:10D5B0000031CDE79368002B00F0AD802DE9F04FEE
:10D5C000B1F90CC00C461CF0080F8046174683B01A
:10D5D00025D00B691BB31CF002033E682BD04FF023
:10D5E000000B5D46DFF8A8A2ADB155452B465A4663
:10D5F00028BF53464046E169D4F824C0E0470028DC
:10D6000040F38180BB6883441B1ABB60002B71D040
:10D610002D1A002DE9D1D6E900B50836E4E72146F8
:10D62000404600F0DDF9002872D1B4F90CC03E6824
:10D630001CF00203D3D11CF0010A6ED155462368B9
:10D64000002D53D01CF4007F1846D4F8089000F049
:10D65000A780A945CB4600F2E1801CF4906F34D03E
:10D6600021696269A3EB010902EB420202EBD2726B
:10D6700009F1010352102B44934294BF93469B46F9
:10D68000934288BF1A461CF4806F00F0E580114673
:10D690004046FCF75BFB002800F0F3804A46216916
:10D6A0000190F3F7ABFEA289019B22F4906242F055
:10D6B0008002A28103EB09002361C4F814B0ABEB34
:10D6C0000903A946AB46A360206051465A4600F0C4
:10D6D000F5F9A2682368A2EB0902A260B9685B446D
:10D6E000491B2360B96029B1B4F90CC0D6E900A583
:10D6F0000836A5E7002003B0BDE8F08F214640467C
:10D70000FFF720FF70B3B4F90C3043F04003A3815E
:10D710004FF0FF30EFE7002070471D46B9469A46AC
:10D7200018461F465DB300282FD052462068216955
:10D73000AA4228BF2A468842636904D9A16803EB3C
:10D74000010B5A457ADC93426BDC3A464046E1696C
:10D75000D4F824C0E047B0F1000BD4DDBAEB0B0ADB
:10D76000CCD00120D9F80830A3EB0B03C9F808305E
:10D77000002BBFD0A5EB0B055F44002DD3D17568FE
:10D7800033460836002DFAD01F682A460A2138464B
:10D7900000F098FA002871D00130A0EB070AC4E726
:10D7A00022699A4222D3D4F814C0AC451ED86FF037
:10D7B0000043AB4228BF2B4693FBFCF352460CFBC5
:10D7C00003F34046E169D4F824C0E047B0F1000912
:10D7D00099DDBB68A5EB0905A3EB0903BB60002B32
:10D7E00088D0B4F90CC02368CA4429E7A94528BFEA
:10D7F000A94618464A46514600F060F9A2682368D7
:10D80000A2EB09024B44A2602360002AE1D1214629
:10D810004046FFF797FE0028DBD074E7A946AB46E9
:10D8200053E73946019200F049F9019AA3689346FB
:10D830009B1AA3602368134423608FE739465A4636
:10D8400000F03CF9236821465B4440462360FFF723
:10D8500079FE002882D056E7404600F013FB0346CD
:10D8600000287FF427AF40462169FEF7AFFA0C226B
:10D87000A389C8F8002023F0800346E76A1C92467B
:10D8800054E70C22B4F90C30C8F800203DE700BF83
:10D8900000FCFF7FB1F90C20930706D5012201F1AE
:10D8A0004303C1E904320B60704730B50B46B1F950
:10D8B0000E100446002999B032DB02AA009300F052
:10D8C000C7F90028009B29DB4FF4806120460093B4
:10D8D000039DFCF73BFA009BB3F90C2000283BD0DA
:10D8E000186018614FF4806005F4704142F08002C6
:10D8F000B1F5005F9A8158613CD1B3F90E10204612
:10D90000009300F0B9F9009BB3F90C2090B322F01A
:10D9100003024FF4006C42F0010218E0B3F90C204E
:10D9200012F0800F0CBF4FF480614021204601931C
:10D930000091FCF70BFA019B0099B3F90C2058B148
:10D940004FF0000CC3E9040142F08002186042EA83
:10D950000C029A8119B030BD9105FBD4012022F050
:10D96000030203F1430142F00202C3E904109A8169
:10D970001960EFE74FF4006CE9E700BF30B50C46E3
:10D98000B1F90E101546002999B016DB02AA0193D1
:10D9900000F05EF90028019B0FDB039A4FF48061D1
:10D9A00002F47042A2F50052B2FA82F24FF4006023
:10D9B00052091A60296019B030BDA28912F08002A4
:10D9C00006D00022402110461A60296019B030BDEF
:10D9D0004FF4806110461A60296019B030BD00BF55
:10D9E00010B5354B0446186882B00B4610B1426B37
:10D9F000002A53D0B3F90C20110711D51869C8B10A
:10DA0000B3F90C2012F0010126D04FF0000C596937
:10DA1000C3F808C04942996120B3002002B010BD8C
:10DA2000D00640D5510723D4186942F008029A81E4
:10DA30000028E5D19A8902F42072B2F5007FDFD088
:10DA4000194620460193FFF725FF019BB3F90C20EF
:10DA5000186912F00101D8D1940758BF596999602B
:10DA60000028DAD11106D9D542F040029A811FE090
:10DA7000196B61B103F14000814206D02046019349
:10DA8000FEF7A4F9019BB3F90C20002119630021D2
:10DA9000186922F02402C3E90001C6E70191FDF7ED
:10DAA00087FD019BA6E7092142F0400221609A818F
:10DAB0004FF0FF30B2E700BFC0060020884270B5CB
:10DAC00031D98B1883422ED9032A00EB02011DD9CC
:10DAD00041EA030C1CF0030F1D4618D18C464FEA97
:10DAE000920E0EF1FF36A1EB8E0453F804ED4CF8C4
:10DAF00004EDA445F9D1C6EB867301EB830105EB78
:10DB0000830CACF10403043902F0030252B102F1B8
:10DB1000FF3C6FEA0C0C9C4413F8012D634501F89F
:10DB2000012DF9D170BD032A4FD941EA00039B07AB
:10DB30004DD10F2A50D901F1100C664622F00F0387
:10DB40002031103B00F1100E19445CF8104C0CF120
:10DB5000100C4EF8104C5CF81C4C0EF1100E4EF8E8
:10DB60001C4C5CF8184C4EF8184C5CF8144C8C4566
:10DB70004EF8144CE9D1F11812F00C0F034402F0E6
:10DB80000F0503F1100325D08C4625F0030EAEF1EE
:10DB9000040426461A1F1C195CF804EB42F804EF33
:10DBA000A242F9D1043104333144334405F0030275
:10DBB000002AB7D0013A0132013B0A4411F801CBE7
:10DBC000914203F801CFF9D170BD0346F0E7034657
:10DBD000013AF0E72A46EBE703461546D4E700BFD3
:10DBE00010B504460843830724D1032A22D90B46E3
:10DBF000A44618681946A0F1013323EA000313F084
:10DC0000803F18D1043A032A4CF8040B01F10403B5
:10DC1000EFD8194601F1FF3E52B163461EF8011FCD
:10DC2000501E03F8011B49B102469C46002AF4D15C
:10DC3000204610BDA44601F1FF3EEDE794440028C4
:10DC4000F6D003F8011B6345FBD1204610BD00BF91
:10DC500038B50023074C0546084611462360F9F7FE
:10DC6000A1FD431C00D038BD2368002BFBD02B60E6
:10DC700038BD00BF2018002038B50023064C0546EB
:10DC800008462360F9F742FD431C00D038BD2368E5
:10DC9000002BFBD02B6038BD2018002038B5074D75
:10DCA000074C2C1BA41005D0013C55F8043D9847A7
:10DCB000002CF9D1BDE8384001F0FABC640A010833
:10DCC000600A01088307C9B20DD00346BAB193F8C0
:10DCD00000C018468C4503F1010302F1FF320DD05C
:10DCE0009807F3D11846032A0BD842B1024402E048
:10DCF0000130824203D003788B42F9D17047002073
:10DD0000704700B501EB012E0EEB0E4E03688EEA54
:10DD10000303A3F1013C2CEA030313F0803F05D178
:10DD2000043A032A00F10400F0D842B1024402E0B0
:10DD30000130824203D003788B42F9D100BD00202C
:10DD400000BD00BFF0B51D4C83B0054620681646E7
:10DD50001F460191FDF794FF194A0199136823B3F7
:10DD60005A6820681F2A23DC4DB9541C02325C60BB
:10DD700043F82210FDF786FF002003B0F0BD012418
:10DD800003EB820ECEF88860D3F888C194404CEA49
:10DD9000040C022DC3F888C1CEF80871E5D1D3F880
:10DDA0008C512543C3F88C51DFE7064B1360D7E74E
:10DDB000FDF768FF4FF0FF30DFE700BFC808002025
:10DDC000301800203418002000B5DFF830C00446B9
:10DDD000DCF800009E468C46C06885B05AB1084900
:10DDE00023460292019172460649CDF800C000F028
:10DDF000F3F9FBF78FFF04490A46F1E7C00600205C
:10DE00002C0101083C010108A0FF000810B5A1FB8E
:10DE1000021482B074BBFBF799FF034670B350F84D
:10DE2000042C22F00302043A242A10D8132A16D90B
:10DE30001B2AC0E900441AD9242AC0E902440ABFB7
:10DE4000C0E9044400F1100100F1180108E0214686
:10DE50000190FDF771FD019B184602B010BD01460F
:10DE600000221846C1E900228A6002B010BD00F10C
:10DE70000801F5E7FDF7D2FE0C23036000231846E6
:10DE800002B010BD002900F09E802DE9F04383B060
:10DE90000C4607460092FCF71BFA009901F10B03B0
:10DEA000162B60D81023994260D854F804ECA4F1E2
:10DEB00008052EF003029A4264DABA4805EB020C18
:10DEC0008068DCF80460604500F08F8026F0010077
:10DED00060444068C0076BD426F003069019834263
:10DEE0004BDD1EF0010F0FD154F8080C281A8046A4
:10DEF000406820F0030006441644B34240F3F78024
:10DF00001618B34240F3CE803846CDE90023FBF724
:10DF10001DFFDDE900230646002800F0228154F8A9
:10DF2000041CA0F1080C21F001012944614500F016
:10DF3000B380043A242A00F2D680132A00F2A1808A
:10DF400003462246116819605168596092689A60C8
:10DF500021463846FDF73AFF3846FCF7BFF9304610
:10DF600003B0BDE8F08333F007039CD50C233B607E
:10DF70000026304603B0BDE8F0830246DCE902012A
:10DF8000C16088606968D01A0F2801F0010105EBB3
:10DF900002061BD811436960736843F00103736084
:10DFA0003846FCF79BF92646304603B0BDE8F083BF
:10DFB0001EF0010FA8D154F8080C281A80464068BA
:10DFC00020F003009CE71146FBF7C0BE19436960CF
:10DFD00040F00100E91848607368384643F00103D7
:10DFE00008317360FDF7F2FEDAE726F00306B01899
:10DFF00003F1100C604580F295801EF0010F83D173
:10E0000054F8080C281A8046406820F003000644A3
:10E010001644B445B1463FF773AF4646D8F80C10E6
:10E0200056F8080F043A242AC160886000F2B380D1
:10E03000132A40F2AE8021681B2AC8F808106168D4
:10E04000C8F80C1000F2B080083408F11002216802
:10E05000116061685160A1689160A9EB0302514DA4
:10E0600008EB030142F00102A9604A60D8F80420DD
:10E07000384602F001021343C8F80430FCF72EF9C9
:10E0800092E723681B2A0360636843603FD804F16A
:10E09000080200F1080355E750F8041C21F00301C1
:10E0A0000A446FE74546043AD8F80C1055F8080FB3
:10E0B000242AC160886023D8132A1FD921681B2A0B
:10E0C000C8F808106168C8F80C103ED8083408F188
:10E0D00010022168116061685160A16891602C464E
:10E0E000324645464EE72146FFF7E8FC30E7DCE9DB
:10E0F00002014546C160043A8860D5E72A46E8E750
:10E10000214628460093FFF7D9FC009BE7E7A36868
:10E11000242A8360E368C36027D004F1100200F171
:10E1200010030FE7C21A1F491D4442F001028D601F
:10E130006A6054F8042C384602F00102134344F894
:10E14000043CFCF7CBF826462EE7A168242AC8F841
:10E150001010E168C8F8141010D0103408F118023B
:10E16000B7E73846FCF7BAF802E7236904F118026A
:10E1700003616369436100F11803E3E6226918341F
:10E18000C8F8182054F8042CC8F81C2008F1200204
:10E190009FE732465BE7214630460093FFF78EFC4F
:10E1A000009B5AE758000020A168242AC8F81010E4
:10E1B000E168C8F8141003D0103408F1180246E7DB
:10E1C00022691834C8F8182054F8042CC8F81C2008
:10E1D00008F120023BE700BF0EB400B5074A82B049
:10E1E00003AB0146106853F8042B019300F008F8C4
:10E1F00002B05DF804EB03B0704700BFC00600201A
:10E200002DE9F04F8346C3B012AF92460291082227
:10E21000002138461C460993FDF78EFBBBF1000F29
:10E2200004D0DBF83430002B00F01587029B5A6EC7
:10E23000B3F90C30D60740F145819D0400F1BF854C
:10E24000029943F4005322F400528B814A669104F0
:10E2500001F18B80029BB3F90C301E0740F1BE80A8
:10E26000029A1269002A00F0B98003F01A020A2A01
:10E2700000F0C380002319AA9146CDE91733CDE9F8
:10E280000B3316920D9305935546944BD3F8CC411E
:10E29000FDF742FC2A46034610A958460097A047BE
:10E2A000002800F0C980C0F2BF80109B252B01D050
:10E2B0000544EAE7B5EB0A06044640F0C1800022B7
:10E2C0004FF0FF33904603936B7805F1010A8DF808
:10E2D0003B20069219460AF1010AA1F120035A2BAC
:10E2E00000F2FE80DFE813F0FB03FC00FC00F50306
:10E2F000FC00FC00FC00D703FC00FC006A00570295
:10E30000FC001A021204FC000C045B005B005B00C2
:10E310005B005B005B005B005B005B00FC00FC00E3
:10E32000FC00FC00FC00FC00FC00FC00FC00E80120
:10E33000B903FC00FC00FC00FC00FC00FC00FC003D
:10E34000FC00FC00FC001F02FC00FC00FC00BB0108
:10E35000FC006E03FC00FC00BB05FC00FC00FC00A4
:10E36000FC00FC00FC00FC00FC00FC00FC00E801E0
:10E370007C01FC00FC00FC00AC037C017500FC008F
:10E380006103FC0053033F03F7027500FC00BB016F
:10E3900072005D02FC00FC00F705FC007200002228
:10E3A000A1F130031AF8011B02EB820203EB4202D7
:10E3B000A1F13003092BF5D906928EE7099B53F89A
:10E3C000042B002A06920993C0F2A5819AF8003026
:10E3D00080E79AF8003048F020087BE7029D584615
:10E3E0002946FFF7FDFA002840F0D287B5F90C3036
:10E3F00003F01A020A2A7FF43DAF0299B1F90E2008
:10E40000002AFFF637AF4A6ED00702D49A0540F1D2
:10E410006A87234652465846029900F0F9FF059054
:10E42000059843B0BDE8F08F082200213846FDF77B
:10E4300083FA0120054428E7B5EB0A06044611D00B
:10E44000189BC9E900A633441893179B0133072B87
:10E45000179311DC09F10809059B33440593002C3F
:10E460007FF42DAF189B002B40F04B870022029BBE
:10E470001792B3F90C3019E05846029916AA01F028
:10E4800007F880B90DF16409E6E75846029916AA23
:10E4900000F0FEFF002800F08E80079B1BB158465D
:10E4A0000799FDF793FC029BB3F90C30029A526E68
:10E4B000D00740F18B805B0600F13F87059843B0A1
:10E4C000BDE8F08F990540F11B819E047FF5B8AE41
:10E4D00095047FF5C2AE00F04ABF00BF6C04002077
:10E4E0000029BFD000230122CDE903328DF8A4100A
:10E4F000089229AD8DF83B30079318F08406DDE9CA
:10E5000017C0014662462BD1069B049C1C1B002CA5
:10E5100000F3FD839DF83B302BB300260A960123C0
:10E5200001320131C9F80430072A0DF13B03CDE96E
:10E530001721C9F8003000F3948309F108090A9BF8
:10E5400073B1022301320231C9F80430072A0FAB3C
:10E55000CDE91721C9F8003000F3768309F10809E5
:10E56000802E00F0F082039B08981C1A002C00F308
:10E570002D83089B01321944072ACDE91721C9F8D8
:10E580000050C9F8043000F3538309F1080918F06A
:10E59000040F05D0069B049A9C1A002C00F36E838E
:10E5A000DDE9053204988242ACBF9B181B18059325
:10E5B00000297FF46AAF00231793079B1BB15846CD
:10E5C0000799FDF703FC0DF164095DE69A053FF537
:10E5D00072AF029CA06DFDF755FBB4F90C306AE7F1
:10E5E00018F0200F00F00884099B073323F007027E
:10E5F000536852F8084B1E460992002BC0F23E8227
:10E60000039A002A05DB54EA060328F0800800F08C
:10E6100075840A2C76F1000380F0E5803034039A8B
:10E620009DF83B30012AB8BF01228DF807410492C2
:10E63000002B00F0BD83049B0024013304930123CD
:10E64000CDE907430DF2071518F08406DDE917211F
:10E65000084694463FF458AF00230A935FE700232F
:10E66000099E8DF83B3056F8043B0793002B00F0D1
:10E670002985532900F0488418F0100440F04484A0
:10E68000039A002AC0F2EC8421460798FFF71AFB90
:10E690009DF83B30079D002800F05D86421B0892E4
:10E6A00022EAE2720492002B00F0E784531C0394E8
:10E6B000099604930794C7E7432903D018F0100F75
:10E6C00000F012840822002114A8FDF735F9099AF8
:10E6D00029AD29465846126814AB00F0EDFE0890AB
:10E6E000013000F02186089B23EAE3730493099B21
:10E6F0000433099300238DF83B3007930393FCE622
:10E70000029DA86DFDF7BCFAB5F90C306A6E98044D
:10E710003FF59DAD94E5069B5B4206939AF8003069
:10E7200048F00408D6E518F0200F48F0100000F07B
:10E730007583099B073323F007031A46596852F87B
:10E74000083B099200228DF83B20039A002AC0F270
:10E750002C8353EA010220F4906800F0348342AD28
:10E7600003F00702DB0843EA4173C908303253EA79
:10E770000104284605F8012DF2D118F0010340F0FC
:10E78000B582039A079342AB5B1B9A42B8BF1A4605
:10E7900008930492B1E62B238DF83B309AF80030B1
:10E7A00098E518F0200F40F02C81099A18F010001D
:10E7B00052F8043B40F0288618F0400100F0A6848F
:10E7C0008DF83B009BB2002603991C46B14204DB46
:10E7D00028F08008002B00F063850A2C76F10003F6
:10E7E0000992FFF41BAFCDE9078A0020DDF82CA0C9
:10E7F00042A908F48065CDF8109025E0A319BE4A1F
:10E8000043F10003A2FB032C2CF0030202EB9C0259
:10E810004FF0CC3CA146B6469B1AE31A0CFB03F220
:10E82000B54C66F1000604FB0622A3FB0443B9F1D4
:10E830000A0F13444FEA54047EF1000E414644EAA5
:10E84000C3744FEA53062CD3DFF8ACE2A31943F1AB
:10E850000003AEFB032C2CF0030202EB9C029B1A7C
:10E86000E31AA3FB0E3266F1000C0EFB0C225B08D0
:10E8700043EAC27303EB8303A4EB43033033013059
:10E8800001F1FF3801F8013C002DB7D09AF80030B3
:10E890008342B3D1FF28B1D00A2C76F1000380F077
:10E8A00056844546039942AA521B9142B8BF11466D
:10E8B0009DF83B30DDF81090CDF82CA00491DDE9F7
:10E8C000078A0892002B00F0DB83049B013304933A
:10E8D00000230793B8E6002147F63003039C099A0A
:10E8E0008C42ADF83C308DF83B1052F8043BC0F23E
:10E8F000F88228F0800040F00208002B00F0EE8340
:10E900007E4803F00F04045D1B098DF8074109924E
:10E9100000F06285022204920DF2071503F00F0247
:10E92000825C1B0943EA0173090905F8012D53EACA
:10E930000102F3D1039A42AB5B1B9A42B8BF1A465D
:10E9400008931346049A002A00F05085DDE9172148
:10E95000023318F0840608469446049300F0FD82C2
:10E9600000230793EDE518F0200F40F07682099A16
:10E9700018F0100F52F8043B40F03A8518F0400FA1
:10E980004046099200F0CB8300219BB2DAE6099A57
:10E9900018F0200F02F1040300F04E82126805996E
:10E9A0001160C917516009936EE49AF800306C2B1E
:10E9B00003BF9AF8013048F020080AF1010A48F034
:10E9C000100887E418F0200F48F010011AD1099BB5
:10E9D0001A1D0026099B03981B68B0421C468DF83F
:10E9E0003B60C0F27A8221F08008002B7FF4F5AE04
:10E9F0000992002840F0598408900490079042AD95
:10EA00007BE54146099B073323F0070200238DF87D
:10EA10003B30039B566852F8084B002B0992C0F21A
:10EA20005D8254EA060321F080087FF4F2AD039B77
:10EA3000002B40F03A8408930493079342AD5CE5C1
:10EA40009AF80030682B03BF9AF8013048F4007838
:10EA50000AF1010A48F040083CE418F0200F48F0A1
:10EA6000100340F0E281099A0432099998460C6833
:10EA70000992E6173346002BBFF6C2AD2D238DF861
:10EA80003B30039B644266EB4606002BFFF6C1ADAC
:10EA900028F08008BDE5584600F00AFD4368184696
:10EAA0000D93FDF7FFF80C900446584600F000FD6A
:10EAB00081689AF800300B91002C3FF40BAC0029D0
:10EAC0003FF408AC0A78002A3FF404AC48F48068AC
:10EAD00000E49AF8003048F00108FFF7FBBB9DF80E
:10EAE0003B209AF80030002A7FF4F4AB20228DF806
:10EAF0003B20FFF7EFBB00BFCDCCCCCC80010108A1
:10EB00009AF8003048F08008FFF7E4BB504610F850
:10EB1000011B2A2900F04784A1F13003092B98BF7B
:10EB2000002200F2E78310F8011B02EB820203EBE4
:10EB30004202A1F13003092BF5D942EAE273824681
:10EB40000393FFF7CABB069B04981C1A002C7FF79F
:10EB50000AAD102C40F3F68348460A95C1461026AC
:10EB6000B34DDDF8088004E0103C102C00F10800E3
:10EB700015DD01321031072AC0E90056CDE9172111
:10EB8000F2DD4146584616AA00F082FC00287FF4C8
:10EB900084ACDDE91721103C102C19A8E9DCC8462B
:10EBA00081462B460A9D01322144072ACDE91721CF
:10EBB000C9F80030C9F8044000F37182039B08983B
:10EBC00009F108091C1A002C7FF7D3AC102C40F374
:10EBD000B7821026484604E0103C102C00F10800D3
:10EBE00016DD0132924B1031072AC0E90036CDE91B
:10EBF0001721F1DD5846029916AA00F049FC0028B9
:10EC00007FF44BACDDE91721103C102C19A8E8DC8F
:10EC10008146874B01322144072ACDE91721C9F8E3
:10EC20000030C9F8044000F3B28009F10809A0E4FB
:10EC30005846029916AA00F02BFC00287FF42DAC50
:10EC400018990DF16409A2E45846029916AA00F039
:10EC50001FFC00287FF421ACDDE917210DF16409C8
:10EC60007EE45846029916AA00F012FC00287FF4B0
:10EC700014ACDDE917210DF1640960E4102C179B39
:10EC800040F33D8310256B4EDDF8088004E0103C16
:10EC9000102C09F1080916DD01331031072BC9E9E1
:10ECA0000065CDE91731F2DD4146584616AA00F05D
:10ECB000EFFB00287FF4F1ABDDE91731103C102C9D
:10ECC0000DF16409E8DC01332144072BC9E9006434
:10ECD000CDE917317FF764AC5846029916AA00F0C7
:10ECE000D7FB00287FF4D9AB189959E4302A00F0FB
:10ECF000CA813023039A023805F8013C42AB1B1A43
:10ED00009A42B8BF1A46054608930492D1E0002300
:10ED10000A93102C624640F3EB8249461023C14609
:10ED2000444EA846029D04E0103C102C01F108015D
:10ED300017DD01321030072AC1E90063CDE9172041
:10ED4000F2DD2946584616AA00F0A2FB00287FF4FF
:10ED5000A4ABDDE91720103C102C4FF0100319A9CB
:10ED6000E7DC4546C846894601322118072ACDE925
:10ED70001721C9F80060C9F8044000F33F819DF8ED
:10ED80003B6009F108098EB30026FFF7C8BB58465F
:10ED9000029916AA00F07CFB00287FF47EABDDE927
:10EDA00017210DF16409FFF7E4BB20F48068D6E475
:10EDB000079301230DF207150893FFF79EBB9004FC
:10EDC0007FF54BAAB9E2039A002A7FF4C8AC10F091
:10EDD0000102049200F00C8130238DF80731039B6F
:10EDE000089207930DF20715FFF787BB0A9B002BCC
:10EDF0007FF4A7ABFFF7B7BB099A18F0100F52F8D2
:10EE0000044B40F0F78218F0400F099200F0738134
:10EE100044F3C036334624B2FFF7EFBB099B1A1DFB
:10EE2000099B00211B6809928CE49846FFF7DCBB24
:10EE30005C0701086C07010818F0100F40F03D81D5
:10EE400018F0400F40F0458218F4007F00F0358143
:10EE5000099A059912681170A5E5404669E4B5481C
:10EE600018F0200F00F09B80099B073323F0070365
:10EE70001C465A6854F8083B099418F0010404949D
:10EE800075D103998DF83B400029C0F29F8053EA69
:10EE9000020128F4906840F0DA80039A002A00F01A
:10EEA0005181037804928DF8073101230DF2071583
:10EEB000089318F08406DDE917210846944600F00F
:10EEC00085829DF83B30002B00F08382002307935E
:10EED0000A93FFF724BB9848C2E709928846FFF7D8
:10EEE00098BB48F002080BE50122099B04921B68BD
:10EEF00029AD8DF8A4300892FFF7F9BB002A00F085
:10EF0000C1813024FFF78BBB079B0822002114A886
:10EF10001193FCF711FD039B002BC0F261810024CB
:10EF2000CDF81090254699460FE014AB584629A914
:10EF300000F0C2FA431C04F10404284400F0F481F8
:10EF4000484506DC00F000820546119B1A59002A4C
:10EF5000EBD1DDF81090039550E1069C049B0796D9
:10EF6000E41A002C7FF7EDAA02230A93D1E653EAB4
:10EF700002045BD100238DF83B30039B002BC0F2D1
:10EF80006C8128F4906800F0888103780DF20715F1
:10EF90008DF80731049B0893039B049389E7099A32
:10EFA00018F0100F52F8043B099209D118F0400FE5
:10EFB00002D000229BB260E718F4007F40F07D8110
:10EFC00000225AE7022148F00208049103F00F01E1
:10EFD000415C28F480681B0943EA02738DF807112D
:10EFE000110953EA12127FF497AC0DF20715A1E450
:10EFF000039B42ADCDE90733FFF77FBA584602992C
:10F0000016AA00F045FA064600287FF446AADDE974
:10F0100017219DF83B30002B40F088800A9B0DF1B2
:10F020006409002B7FF48DAAFFF79DBA8DF83D107F
:10F0300030218DF83C1000218DF83B1003990029F8
:10F04000C0DB28F4906141F002080221049103F032
:10F050000F01415CBFE75846FCF7AAFAFFF7E6B894
:10F06000079D2846FCF71EFE9DF83B3020EAE07223
:10F0700008900492002B7FF419AB079D0393099627
:10F080000793FFF73ABA039A42AB5B1B9A42B8BFA9
:10F090001A460893002304920793FFF72EBA5846A6
:10F0A000029916AA00F0F4F900287FF4F6A9DDE928
:10F0B00017210DF16409FFF756BA099A05991268EC
:10F0C000116070E4039B079A062B28BF06231B4D93
:10F0D0000493099603920893FFF70FBA0992002C44
:10F0E00000F0E680302301228DF807310892234694
:10F0F0000DF207152AE418F4007F14BF44F3C0167C
:10F10000E617334618BF64B2FFF777BA18F40076F3
:10F1100000F0D6808DF83B10DBB2FFF754BB18F43B
:10F1200000711CBF0021DBB2FFF70CBB0DF16409BD
:10F13000FFF7F5B96C01010880010108940101088D
:10F14000AE4B67E5039B42A805460893B1E60C9ACF
:10F150000D99A8EB02094846FEF742FD9AF80130E6
:10F160000BB10AF1010A4FF0CC310120A44AA319D6
:10F1700043F10003A2FB03CE2EF0030C0CEB9E0C1C
:10F18000A3EB0C03E31A03FB01F166F10006A3FBFA
:10F19000023402FB0611C340214443EAC17421FA40
:10F1A00000F6A31943F10003A2FB031C2CF003019A
:10F1B00001EB9C015B1AE31AA3FB023166F1000C20
:10F1C00002FB0C12C34043EAC27303EB8303A4EBBC
:10F1D0004303303309F1FF3809F8013CFFF756BB10
:10F1E00014AB009300235846194611AA00F08CF97D
:10F1F0000390013000F09880079B1193039B002B34
:10F2000035D0632B6BDD5846591CFAF79FFD054638
:10F21000002800F0898007900822002114A8FCF73C
:10F220008BFB039C14AB009329462346584611AA36
:10F2300000F06AF9844240F0C2800023039A22EA77
:10F24000E271AB54049111469DF83B20002A62D133
:10F25000CDE908160392FFF750B9037828F48068C7
:10F260008DF80731049B0DF20715089321E69DF8F0
:10F270003B30079D003B18BF01230493039B099675
:10F28000089316E69DF83B303BB1039B42ADCDE9B8
:10F29000073301230493FFF7D7B9039BFFF7CBBBD9
:10F2A000039B0992002B3FF4C6AB0024FFF7B6B9CD
:10F2B000039B42AD0893FFF749BB0022DBB2DCE5BC
:10F2C00003991C4600298DF83B60BFF681AAFFF721
:10F2D00084BA099A059912681180FFF764BB00236C
:10F2E00029AD079398E7886DFCF7CCFCFFF791B840
:10F2F000444E39E5002382460393FEF7EEBF414EAC
:10F30000E1E45846029916AA00F0C2F800283FF43A
:10F31000ADA8FFF7C8B8039A0393049BCDE908266C
:10F3200001330493FFF790B90298B0F90C30426EA4
:10F3300043F04001D507818109D54FF0FF33059394
:10F34000FFF7BCB82D4B2EE4DDF8109056E7990579
:10F35000F3D4FFF73EB99BB1039B099608930133A1
:10F36000CDE903030790FFF76FB9D307E5D4029BFC
:10F370009B899F05E1D4029B986DFCF783FCDCE739
:10F38000039A0793CDE9033209960892FFF7B5B8BF
:10F39000029A536EDD07D0D493899C05CDD4906D2D
:10F3A000FCF770FCC9E7099A9AF8013052F8041B7F
:10F3B0008246099241EAE1720392FEF78BBF029AFC
:10F3C000938943F040039381FFF767B80796FFF7EF
:10F3D0009BB80793FFF7C4B80122039B0892012B47
:10F3E000B8BF01230DF20715FFF7B0BA049360E52B
:10F3F000404615E54346FFF738BB00BF5C070108F0
:10F40000CDCCCCCC6C0701084146FFF7E2BA00BF77
:10F41000F0B50D4616464FF4806100220746ADF266
:10F42000744DCDE907126A6E04911B92EA89A9898D
:10F43000ADF81620EA691CA809926A6A21F0020157
:10F440000290069018A80193ADF814100B92FCF7E7
:10F4500013FC32463846019B02A9FEF7D1FE061E78
:10F4600007DB384602A9FEF76DF8002818BF4FF0F9
:10F47000FF36BDF814305B0603D5AB8943F040037B
:10F48000AB811898FCF7FAFB30460DF2744DF0BDD5
:10F49000936810B514461BB918460023636010BD6D
:10F4A000FEF788F80023A3600023636010BD00BF4F
:10F4B000004870474406002030B5044687B05BB171
:10F4C00010480193D0F8C85171B12046A847421C9A
:10F4D000019B10D007B030BD00F58273094801933D
:10F4E000D0F8C8510029F0D10A46204603A9A84700
:10F4F000421C019BEED100218A221960226007B0D4
:10F5000030BD00BF6C0400209C4600B583B0049B56
:10F51000CDF800C001934FF0FF3300F079F803B04D
:10F5200000BD00BF2DE9F04F89B01C46DDE912781F
:10F53000DDF850900090B8F1000F4FD00029C3467D
:10F5400008BF4FF0FF3700258846924616680191A4
:10F5500004E056F8040B002832D06546AF4239D992
:10F56000002C37D0DBF8003000980293DBF8043031
:10F5700032680393D9F8C8C15B4604A9E047431C2D
:10F580002FD000EB050CBC4536D8019B013C002B6D
:10F59000DFD000280BDD08F1FF3204A900EB020EDA
:10F5A00011F8013B02F8013F7245F9D18044DAF8C5
:10F5B000002056F8040B0432CAF800200028CCD1F1
:10F5C0000199D84609B1CAF8000000220CF1FF35B4
:10F5D000C8F80020284609B0BDE8F08F00F586780D
:10F5E000ACE705468A2100222846009B1960CBF82B
:10F5F000002009B0BDE8F08FD8462846DDF808A005
:10F60000DDF80CB0C8E900AB09B0BDE8F08F00BF71
:10F6100000B585B00698DFF818C0009007980190F3
:10F6200004480068CDF808C0FFF77CFF05B000BDB6
:10F630006C040020C006002038B5002200230446D8
:10F640000D46F1F793F928B920462946BDE8384020
:10F6500000F00AB8204605F1004100F005F84042EC
:10F6600061EB410138BD00BF70B500220B4B044671
:10F670000D46F0F709FFF1F737FF0646F0F78AFE6F
:10F680000022074BF0F700FF02460B4620462946B2
:10F69000F0F742FDF1F728FF314670BD0000F03D64
:10F6A0000000F041F8B500BFF8BC08BC9E467047AA
:0CF6B000F8B500BFF8BC08BC9E467047CF
:10F6C0000000000001020304000000000000000030
:10F6D0000102030406070809313044726976657235
:10F6E000426173650000000064030108D8F6000859
:10F6F0003132544236374834353042617365000048
:10F70000C4030108F0F60008E8F600080000000055
:10F7100000F70008272300083D2300081F240008E5
:10F720004D240008152400081D2300081F2300088D
:10F7300021230008232300082523000800001900C6
:10F7400032004B0065007E009700B000C900E20067
:10F75000FB0014012D0146015F0178019101AA010E
:10F76000C301DC01F5010E022702400259027202B8
:10F770008B02A302BC02D502EE0206031F0338036C
:10F780005003690381039A03B203CB03E303FC0331
:10F7900014042C0444045D0475048D04A504BD0404
:10F7A000D504ED0405051D0534054C0564057C05EF
:10F7B0009305AB05C205DA05F10508061F063706F5
:10F7C0004E0665067C069306AA06C106D706EE0617
:10F7D00005071B07320748075E0775078B07A10758
:10F7E000B707CD07E307F9070E0824083A084F08C2
:10F7F00065087A088F08A508BA08CF08E408F80851
:10F800000D09220937094B095F09740988099C0908
:10F81000B009C409D809EC09FF09130A260A3A0AF3
:10F820004D0A600A730A860A990AAC0ABF0AD10A0D
:10F83000E40AF60A080B1B0B2D0B3E0B500B620B58
:10F84000740B850B970BA80BB90BCA0BDB0BEC0BDE
:10F85000FC0B0D0C1E0C2E0C3E0C4E0C5E0C6E0C9C
:10F860007E0C8E0C9D0CAC0CBC0CCB0CDA0CE90C99
:10F87000F80C060D150D230D320D400D4E0D5C0DCF
:10F88000690D770D850D920D9F0DAC0DB90DC60D4F
:10F89000D30DDF0DEC0DF80D040E100E1C0E280E0E
:10F8A000340E3F0E4B0E560E610E6C0E770E810E0F
:10F8B0008C0E960EA10EAB0EB50EBF0EC80ED20E5C
:10F8C000DB0EE40EEE0EF70EFF0E080F110F190FF0
:10F8D000210F290F310F390F410F480F500F570FCC
:10F8E0005E0F650F6C0F720F790F7F0F850F8B0FF7
:10F8F000910F970F9C0FA20FA70FAC0FB10FB60F70
:10F90000BB0FBF0FC40FC80FCC0FD00FD40FD70F32
:10F91000DB0FDE0FE10FE40FE70FEA0FEC0FEF0F45
:10F92000F10FF30FF50FF70FF80FFA0FFB0FFC0FA6
:10F93000FD0FFE0FFF0FFF0F001000100010001052
:10F940000010FF0FFF0FFE0FFD0FFC0FFB0FFA0F54
:10F95000F80FF70FF50FF30FF10FEF0FEC0FEA0FA2
:10F96000E70FE40FE10FDE0FDB0FD70FD40FD00F3F
:10F97000CC0FC80FC40FBF0FBB0FB60FB10FAC0F2A
:10F98000A70FA20F9C0F970F910F8B0F850F7F0F63
:10F99000790F720F6C0F650F5E0F570F500F480FE6
:10F9A000410F390F310F290F210F190F110F080FB8
:10F9B000FF0EF70EEE0EE40EDB0ED20EC80EBF0EDB
:10F9C000B50EAB0EA10E960E8C0E810E770E6C0E40
:10F9D000610E560E4B0E3F0E340E280E1C0E100EEE
:10F9E000040EF80DEC0DDF0DD30DC60DB90DAC0DE9
:10F9F0009F0D920D850D770D690D5C0D4E0D400D1F
:10FA0000320D230D150D060DF80CE90CDA0CCB0C9C
:10FA1000BC0CAC0C9D0C8E0C7E0C6E0C5E0C4E0C5B
:10FA20003E0C2E0C1E0C0D0CFC0BEC0BDB0BCA0B56
:10FA3000B90BA80B970B850B740B620B500B3E0B8D
:10FA40002D0B1B0B080BF60AE40AD10ABF0AAC0AFD
:10FA5000990A860A730A600A4D0A3A0A260A130AA4
:10FA6000FF09EC09D809C409B0099C09880974097F
:10FA70005F094B09370922090D09F808E408CF0886
:10FA8000BA08A5088F087A0865084F083A082408BC
:10FA90000E08F907E307CD07B707A1078B0775071E
:10FAA0005E07480732071B070507EE06D706C106A3
:10FAB000AA0693067C0665064E0637061F0608064C
:10FAC000F105DA05C205AB0593057C0564054C0517
:10FAD00034051D050505ED04D504BD04A5048D04FC
:10FAE00075045D0444042C041404FC03E303CB03F9
:10FAF000B2039A0381036903500338031F0306030B
:10FB0000EE02D502BC02A3028B027202590240022D
:10FB100027020E02F501DC01C301AA01910178015F
:10FB20005F0146012D011401FB00E200C900B00095
:10FB300097007E0065004B00320019000000E7FFCF
:10FB4000CEFFB5FF9BFF82FF69FF50FF37FF1EFF0F
:10FB500005FFECFED3FEBAFEA1FE88FE6FFE56FE48
:10FB60003DFE24FE0BFEF2FDD9FDC0FDA7FD8EFD7E
:10FB700075FD5DFD44FD2BFD12FDFAFCE1FCC8FCAA
:10FB8000B0FC97FC7FFC66FC4EFC35FC1DFC04FCC5
:10FB9000ECFBD4FBBCFBA3FB8BFB73FB5BFB43FBD2
:10FBA0002BFB13FBFBFAE3FACCFAB4FA9CFA84FAC7
:10FBB0006DFA55FA3EFA26FA0FFAF8F9E1F9C9F9A1
:10FBC000B2F99BF984F96DF956F93FF929F912F95F
:10FBD000FBF8E5F8CEF8B8F8A2F88BF875F85FF8FE
:10FBE00049F833F81DF807F8F2F7DCF7C6F7B1F774
:10FBF0009BF786F771F75BF746F731F71CF708F7C5
:10FC0000F3F6DEF6C9F6B5F6A1F68CF678F664F6EC
:10FC100050F63CF628F614F601F6EDF5DAF5C6F5E1
:10FC2000B3F5A0F58DF57AF567F554F541F52FF5A7
:10FC30001CF50AF5F8F4E5F4D3F4C2F4B0F49EF43C
:10FC40008CF47BF469F458F447F436F425F414F496
:10FC500004F4F3F3E2F3D2F3C2F3B2F3A2F392F3B8
:10FC600082F372F363F354F344F335F326F317F39B
:10FC700008F3FAF2EBF2DDF2CEF2C0F2B2F2A4F245
:10FC800097F289F27BF26EF261F254F247F23AF2A5
:10FC90002DF221F214F208F2FCF1F0F1E4F1D8F1C6
:10FCA000CCF1C1F1B5F1AAF19FF194F189F17FF1A5
:10FCB00074F16AF15FF155F14BF141F138F12EF138
:10FCC00025F11CF112F109F101F1F8F0EFF0E7F084
:10FCD000DFF0D7F0CFF0C7F0BFF0B8F0B0F0A9F088
:10FCE000A2F09BF094F08EF087F081F07BF075F03D
:10FCF0006FF069F064F05EF059F054F04FF04AF0A4
:10FD000045F041F03CF038F034F030F02CF029F0C0
:10FD100025F022F01FF01CF019F016F014F011F08D
:10FD20000FF00DF00BF009F008F006F005F004F00C
:10FD300003F002F001F001F000F000F000F000F03C
:10FD400000F001F001F002F003F004F005F006F01D
:10FD500008F009F00BF00DF00FF011F014F016F0B0
:10FD600019F01CF01FF022F025F029F02CF030F0F3
:10FD700034F038F03CF041F045F04AF04FF054F0E8
:10FD800059F05EF064F069F06FF075F07BF081F08F
:10FD900087F08EF094F09BF0A2F0A9F0B0F0B8F0EC
:10FDA000BFF0C7F0CFF0D7F0DFF0E7F0EFF0F8F0FA
:10FDB00001F109F112F11CF125F12EF138F141F1B7
:10FDC0004BF155F15FF16AF174F17FF189F194F132
:10FDD0009FF1AAF1B5F1C1F1CCF1D8F1E4F1F0F164
:10FDE000FCF108F214F221F22DF23AF247F254F249
:10FDF00061F26EF27BF289F297F2A4F2B2F2C0F2F3
:10FE0000CEF2DDF2EBF2FAF208F317F326F335F354
:10FE100044F354F363F372F382F392F3A2F3B2F375
:10FE2000C2F3D2F3E2F3F3F304F414F425F436F45A
:10FE300047F458F469F47BF48CF49EF4B0F4C2F403
:10FE4000D3F4E5F4F8F40AF51CF52FF541F554F573
:10FE500067F57AF58DF5A0F5B3F5C6F5DAF5EDF5AC
:10FE600001F614F628F63CF650F664F678F68CF6B1
:10FE7000A1F6B5F6C9F6DEF6F3F608F71CF731F78A
:10FE800046F75BF771F786F79BF7B1F7C6F7DCF734
:10FE9000F2F707F81DF833F849F85FF875F88BF8B2
:10FEA000A2F8B8F8CEF8E5F8FBF812F929F93FF90D
:10FEB00056F96DF984F99BF9B2F9C9F9E1F9F8F944
:10FEC0000FFA26FA3EFA55FA6DFA84FA9CFAB4FA59
:10FED000CCFAE3FAFBFA13FB2BFB43FB5BFB73FB54
:10FEE0008BFBA3FBBCFBD4FBECFB04FC1DFC35FC37
:10FEF0004EFC66FC7FFC97FCB0FCC8FCE1FCFAFC05
:10FF000012FD2BFD44FD5DFD75FD8EFDA7FDC0FDC1
:10FF1000D9FDF2FD0BFE24FE3DFE56FE6FFE88FE6F
:10FF2000A1FEBAFED3FEECFE05FF1EFF37FF50FF19
:10FF300069FF82FF9BFFB5FFCEFFE7FF00000000D7
:10FF40003131456E636F6465724261736500000014
:10FF50006403010840FF000831304D543638313613
:10FF60004261736500000000C403010858FF0008E7
:10FF700050FF00080000000068FF0008D53B0008A3
:10FF80000F3C0008A53C0008D33B0008A93C000832
:10FF900002030405060708090A0B0C0D0E0F1010CA
:10FFA000000000004B4559310D0000004B4559320F
:10FFB0000D000000534554204D4F544F525B307894
:10FFC00030355D20504F534954494F4E5B5D0D0015
:10FFD00076000000700000004F6E6C792073757021
:10FFE000706F7274205B635D205B765D205B705D7B
:10FFF00020636F6D6D616E6473210D002E00000033
:020000040801F1
:100000006E660000696E697479000000616E000020
:100010000A0000004C435F434F4C4C4154450000E4
:100020004C435F4354595045000000004C435F4D22
:100030004F4E4554415259004C435F4E554D455229
:10004000494300004C435F54494D45004C435F4DCC
:10005000455353414745530042616C6C6F632073B5
:100060007563636565646564000000002F646174F6
:10007000612F6A656E6B696E732F776F726B737029
:100080006163652F474E552D746F6F6C63686169AE
:100090006E2F61726D2D31352F7372632F6E657700
:1000A0006C69622D63796777696E2F6E65776C690D
:1000B000622F6C6962632F7374646C69622F67646A
:1000C000746F612D6765746865782E6300000000A9
:1000D0002F646174612F6A656E6B696E732F776F21
:1000E000726B73706163652F474E552D746F6F6C23
:1000F000636861696E2F61726D2D31352F73726384
:100100002F6E65776C69622D63796777696E2F6EE4
:1001100065776C69622F6C6962632F7374646C69B4
:10012000622F6D707265632E630000002C2066756F
:100130006E6374696F6E3A2000000000617373652E
:100140007274696F6E2022257322206661696C6566
:10015000643A2066696C6520222573222C206C6924
:100160006E65202564257325730A00003031323313
:1001700034353637383941424344454600000000A3
:10018000303132333435363738396162636465660D
:1001900000000000286E756C6C290000313042753B
:1001A00074746F6E4261736500000000640301089F
:1001B0009C01010836427574746F6E00C403010817
:1001C000B4010108AC01010800000000BC010108F5
:1001D000C17700083231456E636F64657243616CAC
:1001E00069627261746F7242617365006403010831
:1001F000D40101083137456E636F64657243616CE9
:1002000069627261746F7200C4030108F40101082D
:10021000EC01010800000000080201080D78000848
:100220001D7800082D7800083D780008374C65647B
:100230004261736500000000640301082C0201089C
:10024000334C656400000000C4030108400201084B
:10025000380201080000000048020108597800082F
:10026000364D543638313600C403010860020108A7
:1002700068FF00080000000068020108D53B000884
:100280000F3C0008A53C0008897800089178000818
:10029000385442363748343530000000C403010872
:1002A0009002010800F70008000000009C0201080D
:1002B000272300083D2300081F2400084D240008C0
:1002C000152400082D79000891790008C9780008E4
:1002D000DD780008057900080000000050FF0008E4
:1002E000000000000000000000000000000000000E
:1002F000E8F6000800000000000000000000000018
:10030000000000000000000000000000EC010108F7
:1003100000000000000000000000000000000000DD
:1003200000000000AC010108000000004E31305F09
:100330005F637878616269763131375F5F636C61E2
:1003400073735F747970655F696E666F4500000056
:10035000C40301082C030108F80301080000000091
:1003600050030108D5870008E9870008BD89000807
:10037000BD89000869880008958700084988000839
:1003800005880008C98700084E31305F5F637878C0
:10039000616269763132305F5F73695F636C61738C
:1003A000735F747970655F696E666F450000000069
:1003B000C40301088803010850030108000000007D
:1003C000B003010899880008AD880008BD890008BD
:1003D000BD89000869880008958700088989000898
:1003E00009890008C9880008537439747970655FF9
:1003F000696E666F0000000064030108E8030108ED
:100400006042A20D0000803F34000000CEFBFFFFE1
:10041000CB030000010000000000000035000000D8
:10042000CEFBFFFFCB030000010000000000000036
:10043000BC89D897B2D29C3C33A7A8D523F64939BA
:100440003DA7F444FD0FA5329D978CCF08BA5B25DC
:10045000436FAC6428066811000000000000000033
:10046000000000000000000000000000000000008C
:10047000000000000000000000000000000000007C
:1004800000000000000000001011121314151617D0
:100490001819000000000000001A1B1C1D1E1F0080
:1004A000000000000000000000000000000000004C
:1004B0000000000000000000001A1B1C1D1E1F0091
:1004C000000000000000000000000000000000002C
:1004D000000000000000000000000000000000001C
:1004E000000000000000000000000000000000000C
:1004F00000000000000000000000000000000000FC
:1005000000000000000000000000000000000000EB
:1005100000000000000000000000000000000000DB
:1005200000000000000000000000000000000000CB
:1005300000000000000000000000000000000000BB
:1005400000000000000000000000000000000000AB
:10055000000000000000000005000000190000007D
:100560007D000000000000000080E03779C34143B7
:10057000176E05B5B5B89346F5F93FE9034F384D09
:10058000321D30F94877825A3CBF737FDD4F1575B5
:10059000000000000000F03F0000000000002440C8
:1005A00000000000000059400000000000408F40A3
:1005B000000000000088C34000000000006AF8400E
:1005C0000000000080842E4100000000D012634132
:1005D0000000000084D797410000000065CDCD41A8
:1005E000000000205FA00242000000E87648374289
:1005F000000000A2941A6D42000040E59C30A24227
:100600000000901EC4BCD64200003426F56B0C439B
:100610000080E03779C3414300A0D8855734764342
:1006200000C84E676DC1AB43003D9160E458E143A3
:10063000408CB5781DAF154450EFE2D6E41A4B4418
:1006400092D54D06CFF08044F64AE1C7022DB5445D
:10065000B49DD9794378EA4400202020202020202E
:100660002020282828282820202020202020202062
:100670002020202020202020208810101010101072
:1006800010101010101010101004040404040404BE
:100690000404041010101010101041414141414158
:1006A000010101010101010101010101010101013A
:1006B000010101011010101010104242424242424A
:1006C000020202020202020202020202020202020A
:1006D00002020202101010102000000000000000B2
:1006E000000000000000000000000000000000000A
:1006F00000000000000000000000000000000000FA
:1007000000000000000000000000000000000000E9
:1007100000000000000000000000000000000000D9
:1007200000000000000000000000000000000000C9
:1007300000000000000000000000000000000000B9
:1007400000000000000000000000000000000000A9
:1007500000000000000000000000000030303030D9
:1007600030303030303030303030303020202020C9
:0C077000202020202020202020202020FD
:10077C0008B10181B0B000840000000008B1018113
:10078C00B0B000840000000008B10181B0B000845A
:10079C000000000008B10181B0B00084000000002E
:1007AC0008B10181B0B000840000000008B10181E3
:1007BC00B0B000840000000008B10181B0B000842A
:1007CC000000000008B10181B0B0008400000000FE
:1007DC0008B10181B0B000840000000008B10181B3
:1007EC00B0B000840000000008B10181B0B00084FA
:1007FC000000000008B10181B0B0008400000000CE
:10080C0008B10181B0B000840000000008B1018182
:08081C00B0B0008400000000F0
:100824001C0AFF7F01000000FA1AFF7FB0B0A88005
:10083400E01BFF7F44FFFF7FE21BFF7FA908B1801D
:10084400081CFF7FB0B0A8802C1CFF7F01000000B3
:10085400F421FF7FB0B0A880EC23FF7F01000000EB
:100864000827FF7FA908B1807C2CFF7FB0B0A88047
:100874008A2CFF7F01000000D22CFF7FB0B0AA8039
:10088400C02EFF7F01000000B430FF7FAF08B180AD
:100894003E33FF7F010000003833FF7FB0B0A880F3
:1008A4006A33FF7FA908B180F833FF7F010000009D
:1008B400F633FF7FA908B1804E34FF7FC8FEFF7F67
:1008C4005034FF7FB0B0A8800436FF7F01000000E1
:1008D400F06CFF7FB0A90680506DFF7F010000001F
:1008E400DC6EFF7FACFEFF7F0C6FFF7FB0FEFF7FEF
:1008F400186FFF7FB4FEFF7F206FFF7FB8FEFF7F7E
:10090400286FFF7FBCFEFF7F306FFF7F0084028073
:10091400446FFF7FB8FEFF7F6C6FFF7FBCFEFF7FDD
:100924006C6FFF7FB0A906809C6FFF7F0100000001
:10093400F86FFF7FB0AA05805470FF7FA8FEFF7F89
:100944005470FF7FACFEFF7F9C70FF7FB0FEFF7F83
:10095400F470FF7F01000000C071FF7FB0B0AE8073
:100964008472FF7F01000000BC73FF7F9CFEFF7F49
:100974004074FF7FA0FEFF7F6874FF7FAB08B180E7
:100984009C74FF7FB0B0AC80E474FF7FB0AB028096
:10099400AC76FF7F01000000AC76FF7FB0AC018035
:1009A400A47CFF7FA908B1809C7DFF7F010000002B
:1009B400E07DFF7FB0AA03800C7EFF7F0100000072
:1009C400C47FFF7FB0B0AC80EC7FFF7F01000000EC
:1009D4003086FF7FB0A80380C486FF7FB0B0A880B4
:1009E4001487FF7F010000001C87FF7FB0B0AA803E
:1009F4005487FF7FAF76B2802488FF7FAB3F3A8075
:100A04008C88FF7F010000009C88FF7FB0B0AA8023
:100A1400D888FF7F010000008489FF7FAC0FB2807B
:100A2400048AFF7FB0AF0880948CFF7F0100000030
:100A3400A48CFF7FAD3F0480988FFF7F01000000EE
:100A4400C88FFF7FB0AC0580C892FF7F0100000013
:0C0A540001BD0008911500084180000859
:040A6000691500080C
:100A64000024F4000101000010000000007C0108D3
:100A74000080000020000000000000005C0201086B
:100A84000000000000000000000001000000000061
:100A94000000000001000000000000000000000051
:100AA400000000000000000008000000000000003A
:100AB400FFFFFFFF00000200000000000000000034
:100AC4005800002058000020600000206000002032
:100AD40068000020680000207000002070000020E2
:100AE4007800002078000020800000208000002092
:100AF4008800002088000020900000209000002042
:100B04009800002098000020A0000020A0000020F1
:100B1400A8000020A8000020B0000020B0000020A1
:100B2400B8000020B8000020C0000020C000002051
:100B3400C8000020C8000020D0000020D000002001
:100B4400D8000020D8000020E0000020E0000020B1
:100B5400E8000020E8000020F0000020F000002061
:100B6400F8000020F800002000010020000100200F
:100B740008010020080100201001002010010020BD
:100B8400180100201801002020010020200100206D
:100B9400280100202801002030010020300100201D
:100BA40038010020380100204001002040010020CD
:100BB400480100204801002050010020500100207D
:100BC400580100205801002060010020600100202D
:100BD40068010020680100207001002070010020DD
:100BE400780100207801002080010020800100208D
:100BF400880100208801002090010020900100203D
:100C04009801002098010020A0010020A0010020EC
:100C1400A8010020A8010020B0010020B00100209C
:100C2400B8010020B8010020C0010020C00100204C
:100C3400C8010020C8010020D0010020D0010020FC
:100C4400D8010020D8010020E0010020E0010020AC
:100C5400E8010020E8010020F0010020F00100205C
:100C6400F8010020F801002000020020000200200A
:100C740008020020080200201002002010020020B8
:100C84001802002018020020200200202002002068
:100C94002802002028020020300200203002002018
:100CA40038020020380200204002002040020020C8
:100CB4004802002048020020500200205002002078
:100CC4005802002058020020600200206002002028
:100CD40068020020680200207002002070020020D8
:100CE4007802002078020020800200208002002088
:100CF4008802002088020020900200209002002038
:100D04009802002098020020A0020020A0020020E7
:100D1400A8020020A8020020B0020020B002002097
:100D2400B8020020B8020020C0020020C002002047
:100D3400C8020020C8020020D0020020D0020020F7
:100D4400D8020020D8020020E0020020E0020020A7
:100D5400E8020020E8020020F0020020F002002057
:100D6400F8020020F8020020000300200003002005
:100D740008030020080300201003002010030020B3
:100D84001803002018030020200300202003002063
:100D94002803002028030020300300203003002013
:100DA40038030020380300204003002040030020C3
:100DB4004803002048030020500300205003002073
:100DC4005803002058030020600300206003002023
:100DD40068030020680300207003002070030020D3
:100DE4007803002078030020800300208003002083
:100DF4008803002088030020900300209003002033
:100E04009803002098030020A0030020A0030020E2
:100E1400A8030020A8030020B0030020B003002092
:100E2400B8030020B8030020C0030020C003002042
:100E3400C8030020C8030020D0030020D0030020F2
:100E4400D8030020D8030020E0030020E0030020A2
:100E5400E8030020E8030020F0030020F003002052
:100E6400F8030020F8030020000400200004002000
:100E740008040020080400201004002010040020AE
:100E8400180400201804002020040020200400205E
:100E9400280400202804002030040020300400200E
:100EA40038040020380400204004002040040020BE
:100EB400480400204804002050040020500400206E
:100EC4000000000003000000E416002043000000BE
:100ED400000000000000000000000000000000000E
:100EE40000000000000000000000000043000000BB
:100EF40000000000000000000000000000000000EE
:100F0400000000000000000000000000430000009A
:100F140000000000000000000000000000000000CD
:100F2400000000000000000000000000430000007A
:100F340000000000000000000000000000000000AD
:100F4400000000000000000000000000430000005A
:100F5400000000000000000000000000000000008D
:100F6400000000000000000000000000430000003A
:100F7400000000000000000000000000000000006D
:100F8400000000000000000000000000430000001A
:100F9400000000000000000000000000000000004D
:100FA40000000000000000000000000043000000FA
:100FB400000000000000000000000000000000002D
:100FC400000000000000000000000000000000001D
:100FD400000000000000000000000000000000000D
:100FE40000000000000000000000000000000000FD
:100FF40000000000000000000000000000000000ED
:1010040000000000000000000000000000000000DC
:1010140000000000000000000000000000000000CC
:1010240000000000000000000000000000000000BC
:1010340000000000000000000000000000000000AC
:10104400000000000000000000000000000000009C
:10105400000000000000000000000000000000008C
:10106400000000000000000000000000000000007C
:10107400000000000000000000000000000000006C
:10108400000000000000000000000000000000005C
:101094000000000041D30008A9C8000800000000B7
:1010A40058060108FCFF0008A0FF0008A0FF000884
:1010B400A0FF0008A0FF0008A0FF0008A0FF000890
:1010C400A0FF0008A0FF0008A0FF0008FFFFFFFF2B
:1010D400FFFFFFFFFFFFFFFFFFFF00000100415381
:1010E4004349490000000000000000000000000027
:1010F4000000000000000000000000000000415358
:101104004349490000000000000000000000000006
:1011140000000000000000000000000000000000CB
:10112400C80600200000000000000000E4160020B3
:101134004C170020B417002000000000000000003D
:10114400000000000000000000000000000000009B
:10115400000000000000000000000000000000008B
:10116400000000000000000000000000000000007B
:10117400000000000000000000000000000000006B
:10118400000000000000000000000000000000005B
:10119400000000000000000000000000000000004B
:1011A400000000000000000000000000000000003B
:1011B400000000000000000000000000000000002B
:1011C40001000000000000000E33CDAB34126DE6C8
:1011D400ECDE05000B000000000000000000000031
:1011E40000000000000000000000000000000000FB
:1011F40000000000000000000000000000000000EB
:1012040000000000000000000000000000000000DA
:1012140000000000000000000000000000000000CA
:1012240000000000000000000000000000000000BA
:1012340000000000000000000000000000000000AA
:10124400000000000000000000000000000000009A
:10125400000000000000000000000000000000008A
:10126400000000000000000000000000000000007A
:10127400000000000000000000000000000000006A
:10128400000000000000000000000000000000005A
:10129400000000000000000000000000000000004A
:1012A400000000000000000000000000000000003A
:1012B400000000000000000000000000000000002A
:1012C400000000000000000000000000000000001A
:1012D400000000000000000000000000000000000A
:1012E40000000000000000000000000000000000FA
:1012F40000000000000000000000000000000000EA
:1013040000000000000000000000000000000000D9
:1013140000000000000000000000000000000000C9
:0C1324000000000000000000281800205D
:04000005080087491F
:00000001FF
