:020000040800F2
:1000000000500020298C0008051D0008091D00086B
:100010000D1D0008111D0008151D0008000000003E
:10002000000000000000000000000000191D000892
:100030001D1D000800000000211D0008251D0008EE
:10004000718C0008718C0008718C0008718C00089C
:10005000718C0008718C0008718C0008718C00088C
:10006000718C0008718C0008718C0008291D000833
:10007000718C0008718C0008351D0008411D0008B6
:10008000718C0008718C0008718C00084D1D0008EF
:10009000591D0008651D0008711D00087D1D000820
:1000A000718C0008811D0008718C0008718C00089B
:1000B000718C0008851D0008891D0008718C0008DE
:1000C000718C0008718C0008718C0008718C00081C
:1000D000718C00088D1D0008718C0008718C00085F
:1000E000718C0008718C0008718C00080000000001
:1000F0000000000000000000000000000000000000
:0C01000000000000000000005FF808F1A3
:1001100081F0004102E000BF83F0004330B54FEAB8
:1001200041044FEA430594EA050F08BF90EA020F25
:100130001FBF54EA000C55EA020C7FEA645C7FEAB8
:10014000655C00F0E2804FEA5454D4EB5555B8BFDB
:100150006D420CDD2C4480EA020281EA030382EA4C
:10016000000083EA010180EA020281EA0303362DDE
:1001700088BF30BD11F0004F4FEA01314FF4801CB1
:100180004CEA113102D0404261EB410113F0004FC3
:100190004FEA03334CEA133302D0524263EB43037A
:1001A00094EA050F00F0A780A4F10104D5F1200E18
:1001B0000DDB02FA0EFC22FA05F2801841F1000173
:1001C00003FA0EF2801843FA05F359410EE0A5F147
:1001D00020050EF1200E012A03FA0EFC28BF4CF078
:1001E000020C43FA05F3C01851EBE37101F000452E
:1001F00007D54FF0000EDCF1000C7EEB00006EEB3B
:100200000101B1F5801F1BD3B1F5001F0CD34908C4
:100210005FEA30004FEA3C0C04F101044FEA44521B
:1002200012F5800F80F09A80BCF1004F08BF5FEAA2
:10023000500C50F1000041EB045141EA050130BD82
:100240005FEA4C0C404141EB0101013C28BFB1F594
:10025000801FE9D291F0000F04BF01460020B1FADF
:1002600081F308BF2033A3F10B03B3F120020CDAB2
:100270000C3208DD02F1140CC2F10C0201FA0CF090
:1002800021FA02F10CE002F11402D8BFC2F1200CF5
:1002900001FA02F120FA0CFCDCBF41EA0C019040AB
:1002A000E41AA2BF01EB0451294330BD6FEA0404F4
:1002B0001F3C1CDA0C340EDC04F11404C4F12002DF
:1002C00020FA04F001FA02F340EA030021FA04F3F1
:1002D00045EA030130BDC4F10C04C4F1200220FA48
:1002E00002F001FA04F340EA0300294630BD21FA86
:1002F00004F0294630BD94F0000F83F4801306BF4C
:1003000081F480110134013D4EE77FEA645C18BF3F
:100310007FEA655C29D094EA050F08BF90EA020FD6
:1003200005D054EA000C04BF1946104630BD91EACE
:10033000030F1EBF0021002030BD5FEA545C05D1D1
:100340004000494128BF41F0004130BD14F5800410
:100350003CBF01F5801130BD01F0004545F0FE4184
:1003600041F470014FF0000030BD7FEA645C1ABFB9
:10037000194610467FEA655C1CBF0B46024650EAF0
:10038000013406BF52EA033591EA030F41F400211C
:1003900030BD00BF90F0000F04BF0021704730B5A2
:1003A0004FF4806404F132044FF000054FF0000177
:1003B00050E700BF90F0000F04BF0021704730B538
:1003C0004FF4806404F1320410F0004548BF40420D
:1003D0004FF000013EE700BF42004FEAE2014FEA62
:1003E00031014FEA02701FBF12F07F4393F07F4F3D
:1003F00081F06051704732F07F4208BF704793F040
:100400007F4F04BF41F40021704730B54FF4607452
:1004100001F0004521F000411CE700BF50EA010255
:1004200008BF704730B54FF000050AE050EA0102FE
:1004300008BF704730B511F0004502D5404261EB6E
:1004400041014FF4806404F132045FEA915C3FF4AF
:10045000D8AE4FF003025FEADC0C18BF03325FEA4C
:10046000DC0C18BF033202EBDC02C2F1200300FAFD
:1004700003FC20FA02F001FA03FE40EA0E0021FA22
:1004800002F11444BDE600BF70B54FF0FF0C4CF410
:10049000E06C1CEA11541DBF1CEA135594EA0C0FC2
:1004A00095EA0C0F00F0DEF82C4481EA030621EAFD
:1004B0004C5123EA4C5350EA013518BF52EA033538
:1004C00041F4801143F4801338D0A0FB02CE4FF0EA
:1004D0000005E1FB02E506F00042E0FB03E54FF01A
:1004E0000006E1FB03569CF0000F18BF4EF0010E12
:1004F000A4F1FF04B6F5007F64F5407404D25FEA0E
:100500004E0E6D4146EB060642EAC62141EA5551C0
:100510004FEAC52040EA5E504FEACE2EB4F1FD0C02
:1005200088BFBCF5E06F1ED8BEF1004F08BF5FEA80
:10053000500E50F1000041EB045170BD06F0004632
:1005400046EA010140EA020081EA0301B4EB5C04DF
:10055000C2BFD4EB0C0541EA045170BD41F48011D7
:100560004FF0000E013C00F3AB8014F1360FDEBFFC
:10057000002001F0004170BDC4F10004203C35DAD8
:100580000C341BDC04F11404C4F1200500FA05F35B
:1005900020FA04F001FA05F240EA020001F00042FC
:1005A00021F0004110EBD37021FA04F642EB060172
:1005B0005EEA430E08BF20EAD37070BDC4F10C049C
:1005C000C4F1200500FA04F320FA05F001FA04F260
:1005D00040EA020001F0004110EBD37041F100014C
:1005E0005EEA430E08BF20EAD37070BDC4F1200557
:1005F00000FA05F24EEA020E20FA04F301FA05F2BF
:1006000043EA020321FA04F001F0004121FA04F266
:1006100020EA020000EBD3705EEA430E08BF20EA36
:10062000D37070BD94F0000F0FD101F00046400070
:1006300041EB010111F4801F08BF013CF7D041EAF2
:10064000060195F0000F18BF704703F000465200F6
:1006500043EB030313F4801F08BF013DF7D043EAC7
:100660000603704794EA0C0F0CEA135518BF95EA7D
:100670000C0F0CD050EA410618BF52EA4306D1D104
:1006800081EA030101F000414FF0000070BD50EA23
:10069000410606BF1046194652EA430619D094EAAD
:1006A0000C0F02D150EA013613D195EA0C0F05D197
:1006B00052EA03361CBF104619460AD181EA0301EB
:1006C00001F0004141F0FE4141F470014FF00000A3
:1006D00070BD41F0FE4141F4780170BD70B54FF03E
:1006E000FF0C4CF4E06C1CEA11541DBF1CEA1355BE
:1006F00094EA0C0F95EA0C0F00F0A7F8A4EB0504A0
:1007000081EA030E52EA03354FEA013100F0888096
:100710004FEA03334FF0805545EA131343EA12635F
:100720004FEA022245EA111545EA10654FEA002614
:100730000EF000419D4208BF964244F1FD0404F5CD
:10074000407402D25B084FEA3202B61A65EB030529
:100750005B084FEA32024FF480104FF4002CB6EBE6
:10076000020E75EB030E22BFB61A754640EA0C0066
:100770005B084FEA3202B6EB020E75EB030E22BFA6
:10078000B61A754640EA5C005B084FEA3202B6EBE7
:10079000020E75EB030E22BFB61A754640EA9C00A6
:1007A0005B084FEA3202B6EB020E75EB030E22BF76
:1007B000B61A754640EADC0055EA060E18D04FEA34
:1007C000051545EA16754FEA06164FEAC30343EAD4
:1007D00052734FEAC2025FEA1C1CC0D111F4801FA1
:1007E0000BD141EA00014FF000004FF0004CB6E79A
:1007F00011F4801F04BF01430020B4F1FD0C88BF39
:10080000BCF5E06F3FF6AFAEB5EB030C04BFB6EB43
:10081000020C5FEA500C50F1000041EB045170BD36
:100820000EF0004E4EEA113114EB5C04C2BFD4EB63
:100830000C0541EA045170BD41F480114FF0000EE7
:10084000013C90E645EA060E8DE60CEA135594EA63
:100850000C0F08BF95EA0C0F3FF43BAF94EA0C0F66
:100860000AD150EA01347FF434AF95EA0C0F7FF4DB
:1008700025AF104619462CE795EA0C0F06D152EA2F
:1008800003353FF4FDAE1046194622E750EA410613
:1008900018BF52EA43067FF4C5AE50EA41047FF424
:1008A0000DAF52EA43057FF4EBAE12E74FF0FF3C89
:1008B00006E000BF4FF0010C02E000BF4FF0010C5A
:1008C0004DF804CD4FEA410C7FEA6C5C4FEA430CD3
:1008D00018BF7FEA6C5C1BD001B050EA410C0CBF22
:1008E00052EA430C91EA030F02BF90EA020F002084
:1008F000704710F1000F91EA030F58BF994208BFEB
:1009000090422CBFD8176FEAE37040F001007047A7
:100910004FEA410C7FEA6C5C02D150EA013C07D1FE
:100920004FEA430C7FEA6C5CD6D152EA033CD3D049
:100930005DF8040B704700BF8446104662468C4643
:100940001946634600E000BF01B5FFF7B7FF002876
:1009500048BF10F1000F01BD4DF808EDFFF7F4FF9F
:100960000CBF012000205DF808FB00BF4DF808ED2A
:10097000FFF7EAFF34BF012000205DF808FB00BF4D
:100980004DF808EDFFF7E0FF94BF012000205DF86F
:1009900008FB00BF4DF808EDFFF7CEFF94BF012024
:1009A00000205DF808FB00BF4DF808EDFFF7C4FF1D
:1009B00034BF012000205DF808FB00BF4FEA410C66
:1009C0007FEA6C5C02D150EA013C0AD14FEA430C49
:1009D0007FEA6C5C02D152EA033C02D14FF0000086
:1009E00070474FF0010070474FEA4102B2F1E04317
:1009F00024BFB3F5001CDCF1FE5C0DD901F0004C06
:100A00004FEAC0024CEA5070B2F1004F40EB830055
:100A100008BF20F00100704711F0804F21D113F181
:100A20003872BCBF01F00040704741F480114FEABA
:100A30005252C2F11802C2F1200C10FA0CF320FA43
:100A400002F018BF40F001004FEAC1234FEAD32360
:100A500003FA0CFC40EA0C0023FA02F34FEA4303CA
:100A6000CCE77FEA625307D150EA01331EBF4FF053
:100A7000FE4040F44000704701F0004040F0FE406E
:100A800040F40000704700BF80F0004002E000BF6B
:100A900081F0004142001FBF5FEA410392EA030F69
:100AA0007FEA226C7FEA236C6AD04FEA1262D2EBB3
:100AB0001363C1BFD218414048404140B8BF5B42B8
:100AC000192B88BF704710F0004F40F4000020F051
:100AD0007F4018BF404211F0004F41F4000121F067
:100AE0007F4118BF494292EA030F3FD0A2F10102B1
:100AF00041FA03FC10EB0C00C3F1200301FA03F1EF
:100B000000F0004302D5494260EB4000B0F5000F11
:100B100013D3B0F1807F06D340084FEA310102F1D0
:100B20000102FE2A51D2B1F1004F40EBC25008BF82
:100B300020F0010040EA03007047490040EB00004C
:100B4000013A28BFB0F5000FEDD2B0FA80FCACF14D
:100B5000080CB2EB0C0200FA0CF0AABF00EBC2507A
:100B600052421843BCBFD0401843704792F0000F68
:100B700081F4000106BF80F400000132013BB5E7BB
:100B80004FEA41037FEA226C18BF7FEA236C21D031
:100B900092EA030F04D092F0000F08BF0846704796
:100BA00090EA010F1CBF0020704712F07F4F04D164
:100BB000400028BF40F00040704712F100723CBF77
:100BC00000F50000704700F0004343F0FE4040F4A1
:100BD000000070477FEA226216BF08467FEA23635F
:100BE0000146420206BF5FEA412390EA010F40F44A
:100BF000800070474FF0000304E000BF10F0004396
:100C000048BF40425FEA000C08BF704743F096437C
:100C100001464FF000001CE050EA010208BF704797
:100C20004FF000030AE000BF50EA010208BF70471E
:100C300011F0004302D5404261EB41015FEA010C33
:100C400002BF84460146002043F0B64308BFA3F12B
:100C50008053A3F50003BCFA8CF2083AA3EBC2530D
:100C600010DB01FA02FC634400FA02FCC2F120022C
:100C7000BCF1004F20FA02F243EB020008BF20F063
:100C80000100704702F1200201FA02FCC2F12002C9
:100C900050EA4C0021FA02F243EB020008BF20EABE
:100CA000DC7070474FF0FF0C1CEAD0521EBF1CEAEC
:100CB000D15392EA0C0F93EA0C0F6FD01A4480EADA
:100CC000010C400218BF5FEA41211ED04FF00063C3
:100CD00043EA501043EA5111A0FB01310CF00040EF
:100CE000B1F5000F3EBF490041EAD3715B0040EA15
:100CF000010062F17F02FD2A1DD8B3F1004F40EBE5
:100D0000C25008BF20F00100704790F0000F0CF0B7
:100D1000004C08BF49024CEA502040EA51207F3A7B
:100D2000C2BFD2F1FF0340EAC250704740F4000056
:100D30004FF00003013A5DDC12F1190FDCBF00F047
:100D400000407047C2F10002410021FA02F1C2F1F5
:100D5000200200FA02FC5FEA310040F1000053EA91
:100D60004C0308BF20EADC70704792F0000F00F0DF
:100D7000004C02BF400010F4000F013AF9D040EAE5
:100D80000C0093F0000F01F0004C02BF490011F479
:100D9000000F013BF9D041EA0C018FE70CEAD15377
:100DA00092EA0C0F18BF93EA0C0F0AD030F0004CF7
:100DB00018BF31F0004CD8D180EA010000F00040AB
:100DC000704790F0000F17BF90F0004F084691F069
:100DD000000F91F0004F14D092EA0C0F01D14202A3
:100DE0000FD193EA0C0F03D14B0218BF084608D16C
:100DF00080EA010000F0004040F0FE4040F40000B6
:100E0000704740F0FE4040F4400070474FF0FF0C48
:100E10001CEAD0521EBF1CEAD15392EA0C0F93EA8F
:100E20000C0F69D0A2EB030280EA010C49024FEAE1
:100E3000402037D04FF0805343EA111143EA10139A
:100E40000CF000408B4238BF5B0042F17D024FF452
:100E5000000C8B4224BF5B1A40EA0C00B3EB510F2D
:100E600024BFA3EB510340EA5C00B3EB910F24BF16
:100E7000A3EB910340EA9C00B3EBD10F24BFA3EB9B
:100E8000D10340EADC001B0118BF5FEA1C1CE0D163
:100E9000FD2A3FF650AF8B4240EBC25008BF20F016
:100EA000010070470CF0004C4CEA50207F32C2BF6A
:100EB000D2F1FF0340EAC250704740F400004FF007
:100EC0000003013A37E792F0000F00F0004C02BF38
:100ED000400010F4000F013AF9D040EA0C0093F002
:100EE000000F01F0004C02BF490011F4000F013B5C
:100EF000F9D041EA0C0195E70CEAD15392EA0C0FC4
:100F000008D142027FF47DAF93EA0C0F7FF470AFFB
:100F1000084676E793EA0C0F04D14B023FF44CAF3E
:100F200008466EE730F0004C18BF31F0004CCAD1D3
:100F300030F000427FF45CAF31F000437FF43CAF0F
:100F40005FE700BF4FF0FF3C06E000BF4FF0010C31
:100F500002E000BF4FF0010C4DF804CD4FEA400213
:100F60004FEA41037FEA226C18BF7FEA236C11D05D
:100F700001B052EA530C18BF90EA010F58BFB2EB10
:100F8000030088BFC81738BF6FEAE17018BF40F090
:100F9000010070477FEA226C02D15FEA402C05D144
:100FA0007FEA236CE4D15FEA412CE1D05DF8040BC9
:100FB000704700BF844608466146FFE70FB5FFF75C
:100FC000C9FF002848BF10F1000F0FBD4DF808ED14
:100FD000FFF7F4FF0CBF012000205DF808FB00BF05
:100FE0004DF808EDFFF7EAFF34BF012000205DF85F
:100FF00008FB00BF4DF808EDFFF7E0FF94BF0120AC
:1010000000205DF808FB00BF4DF808EDFFF7D2FFA8
:1010100094BF012000205DF808FB00BF4DF808EDEB
:10102000FFF7C8FF34BF012000205DF808FB00BFB8
:101030004FEA40024FEA41037FEA226C02D15FEAA5
:10104000402C08D17FEA236C02D15FEA412C02D107
:101050004FF0000070474FF0010070474FEA400228
:10106000B2F1FE4F0FD34FF09E03B3EB12620DD9D6
:101070004FEA002343F0004310F0004F23FA02F040
:1010800018BF404270474FF00000704712F1610FE7
:1010900001D1420205D110F0004008BF6FF00040BE
:1010A00070474FF00000704700F1340191E83800BC
:1010B0009C46A6464CF8045D90E8FF0FE54600BD4F
:1010C00090EC210B704700BF80EC210B704700BFF4
:1010D00090EC200B704700BF80EC200B704700BFE6
:1010E000D0EC200B704700BFC0EC200B704700BF56
:1010F000F0EC0201F0EC0211F0EC0221F0EC023114
:10110000F0EC0241F0EC0251F0EC0261F0EC027103
:10111000F0EC0281F0EC0291F0EC02A1F0EC02B1F3
:10112000F0EC02C1F0EC02D1F0EC02E1F0EC02F1E3
:10113000704700BFE0EC0201E0EC0211E0EC02219C
:10114000E0EC0231E0EC0241E0EC0251E0EC026143
:10115000E0EC0271E0EC0281E0EC0291E0EC02A133
:10116000E0EC02B1E0EC02C1E0EC02D1E0EC02E123
:10117000E0EC02F1704700BFB0FC0181B0FC0191CE
:10118000B0FC01A1B0FC01B1704700BFA0FC01811F
:10119000A0FC0191A0FC01A1A0FC01B1704700BF1F
:1011A000EC4600B52DE900502DE9FF1F4FF000037C
:1011B0000CB401A908F0A4FADDF840E012B07047C1
:1011C000EC4600B52DE900502DE9FF1F4FF000035C
:1011D0000CB401A908F0D8FADDF840E012B070476D
:1011E000EC4600B52DE900502DE9FF1F4FF000033C
:1011F0000CB401A908F0EAFADDF840E012B070473B
:10120000EC4600B52DE900502DE9FF1F4FF000031B
:101210000CB401AB08F0ACFADDF840E012B0704756
:10122000EC4600B52DE900502DE9FF1F4FF00003FB
:101230000CB401AA08F024FBDDF840E012B07047BE
:1012400080EA010C1CF0030F37D110F0030C20F0E2
:10125000030021F0030150F8042B08BF51F8043BB0
:101260000ED08CF0030C6FF07F434FEACC0C23FAC6
:101270000CFC51F8043B42EA0C0243EA0C0300BFA9
:10128000A2F1013C9A4201BF2CEA020C1CF0803F03
:1012900050F8042B51F8043BF2D04FEA02604FEAB9
:1012A0001222012828BFB0EB036F08BF1B0AF4D03D
:1012B00003F0FF03000EC01A704710F0030F0AD0AE
:1012C00010F8012B11F8013B012A28BF9A42F4D0F3
:1012D000A2EB0300704720B450F8042B01F0030583
:1012E00021F0030151F8043B022D27D04ED800BF56
:1012F00022F07F45B5EB132FA2F1013C2CEA020C42
:101300000DD11CF0803C08BF51F8043B0AD185EA9E
:101310000205B5EB036F0CD150F8042BE8E74FEA58
:1013200013235BE03CF07F4C54D10B784FEA1265FD
:1013300054E04FEA126503F0FF034FE04FEA024525
:10134000A2F1013C4FEA15452CEA020CB5EB134F14
:1013500018D11CF0803C08BF51F8043B07D185EA46
:101360000205B5EB034F09D150F8042BE6E75FEA1D
:101370000C4C2FD10B884FEA12452FE04FEA034364
:101380004FEA12454FEA134328E000BF02F0FF0581
:10139000B5EB136FA2F1013C2CEA020C0DD11CF04D
:1013A000803C08BF51F8043B0AD185EA0205B5EB41
:1013B000032F0AD150F8042BE8E74FEA13630DE03E
:1013C00012F0FF0F06D051F8043B4FEA122523F02C
:1013D0007F4303E04FF0000020BC704705F0FF02A0
:1013E00003F0FF00012828BF904204BF2D0A1B0A0A
:1013F000F4D0A2EB000020BC704700BF844641EA55
:10140000000313F0030349D1403A23D30B68036070
:101410004B6843608B688360CB68C3600B69036172
:101420004B6943618B698361CB69C3610B6A03625A
:101430004B6A43628B6A8362CB6AC3620B6B036342
:101440004B6B43638B6B8363CB6BC3634030403127
:10145000403ADBD230320BD30B6803604B684360F9
:101460008B688360CB68C36010301031103AF3D2C0
:101470000C3205D351F8043B40F8043B043AF9D24E
:10148000043208D0D2071CBF11F8013B00F8013B21
:1014900001D30B8803806046704700BF082A13D32E
:1014A0008B07B1D010F00303AED0C3F10403D21AFE
:1014B000DB071CBF11F8013B00F8013BA4D331F856
:1014C000023B20F8023B9FE7043AD9D3013A11F8D6
:1014D000013B00F8013BF9D20B7803704B78437065
:1014E0008B788370604670474A0011D212F5001263
:1014F00011D20DD56FF47873B3EB62520ED44FEA6C
:10150000C12343F0004343EA505323FA02F07047EB
:101510004FF00000704750EA013002D14FF0FF3029
:1015200070474FF0000070470348044B834202D0DD
:10153000034B03B118477047CC080020CC080020AB
:10154000000000000548064B1B1AD90F01EBA30150
:10155000491002D0034B03B118477047CC08002054
:10156000CC0800200000000010B5064C237843B9D9
:10157000FFF7DAFF044B13B10448AFF300800123F7
:10158000237010BDD00800200000000084FB00087C
:1015900008B5054B1BB105490548AFF30080BDE810
:1015A0000840FFF7CFBF00BF00000000D4080020B4
:1015B00084FB000800234FF480714FF460204FF04B
:1015C000010C02222DE90048DFF888E084B0CDE963
:1015D0000133CEE9013100938EF814301E4BCEF862
:1015E0001C0070468EF80CC0CEF81020CEF80030EB
:1015F00002F084FE20BB4FF0000B4FF0010C0723DC
:1016000069461448CDE900BC029302F077FFE8B9BF
:101610004FF0010B4FF0020C072369460D48CDE94E
:1016200000BC029302F06AFF68B90A4803F00CF9A3
:1016300002220A49074803F04BF804B0BDE80088CD
:1016400000F0CCFAD7E700F0C9FAEEE700F0C6FAEE
:10165000DEE700BF380900200024014068090020AF
:10166000002300B50168294A89B09142CDE90433CD
:10167000CDE9063301D009B000BD03220323019058
:10168000234804A9D0F818C04CF4007CC0F818C056
:10169000D0F818C00CF4007CCDF808C0DDF808C004
:1016A000D0F818C04CF0040CC0F818C08069CDE91F
:1016B000042300F0040003900398164804F0AAF8ED
:1016C0004FF4807C00234FF4806013494FF0800E6C
:1016D000C1E90133C1F810C04FF440534FF0200C62
:1016E00048610E48C1E906C308600846C1F80CE02D
:1016F00003F044FD0849019A18B911624A6209B021
:1017000000BD00F06BFA019A0349F6E7002401409E
:101710000010024000080140F008002008000240CC
:1017200008B5214B5888FFF765FA01461F48FFF7B7
:101730006DFB4FF07E51FFF7ABF91D49FFF7B2FA91
:10174000FEF74AFE07F0C4FB0FA3D3E90023FEF720
:101750009BFE0FA3D3E90023FEF7E0FC02460B46F5
:101760000DA1D1E90001FEF7B9FFFFF73DF9FEF742
:1017700033FE0BA3D3E90023FEF7CEFCFFF734F9C9
:1017800008BD00BFAFF300800000006066A2724099
:101790000000000000FEAA4000000080B86F2F414A
:1017A00066666666661271406809002000F07F4533
:1017B000C2F5A83E00234FF480204FF0040C4FF4F4
:1017C00000114FF4803200B5DFF87CE08BB0CEE939
:1017D0000330CEE901C3AEF81C301C4B7046CEE995
:1017E0000512CEF8003003F0ABF830BB0023012225
:1017F0004FF00E0C69461448CDE90533CDE90033AE
:10180000CDE90233CDE9082C0792049303F01AF9CD
:10181000B0B90D4803F098F90D490B4803F0AEFA42
:10182000002208210B480C4B4068C3E90222C3E99F
:10183000000219611A750BB000BD00F0CFF9D5E7B1
:1018400000F0CCF9E5E700BF9809002000640040F3
:101850007F8F030088160020E8090020002200B5D1
:1018600001682E4B87B09942CDE90222CDE90422CE
:1018700001D007B000BD4FF4807C03F5D633D969A1
:10188000274841F00071D961D96901F000710091D8
:101890000099996941F0080199619B6902A903F0D7
:1018A00008030193CDF808C0019B03F0B3FF4FF488
:1018B00000720223CDE90223032302A918480593ED
:1018C00003F0A8FF174900224B68132023F4C043FC
:1018D00043F0E06343F480434B60032103F0E6FBF5
:1018E000132003F015FC00220321142003F0DEFB7B
:1018F000142003F00DFC00220321152003F0D6FB79
:10190000152003F005FC00220321162003F0CEFB76
:10191000162003F0FDFB07B000BD00BF00640040CF
:10192000000C01400000014008B50A46054B014685
:10193000054803F037F900B908BDBDE8084000F0DC
:101940004DB900BFC00900209809002008B500214A
:101950000C4B0D4A03F086F940B90B4B0B4A186843
:101960005268C0F3C711914203D008BD00F036F9A8
:10197000F3E71A69034900F07F00BDE8084006F06C
:10198000CDBD00BFC4090020CC090020881600206E
:10199000002200B5124B83B059690B2041F00101C0
:1019A00059615B69114603F001030193019B03F048
:1019B0007DFB0B2003F0ACFB002203210E2003F083
:1019C00075FB0E2003F0A4FB002203210F2003F07F
:1019D0006DFB0F2003B05DF804EB03F099BB00BF73
:1019E0000010024070B5002488B0CDE90444CDE970
:1019F0000644454B4FF4C0419A69444842F01002F6
:101A00009A619A69012502F010020092009A9A697F
:101A1000022642F020029A619A6902F020020192A5
:101A2000019A9A6942F004029A619A6902F00402EA
:101A30000292029A9A6942F008029A619B692246D0
:101A400003F008030393039B04F0FCF822463C21B7
:101A50002F4804F0F7F8224602212E4804F0F2F84D
:101A600001224FF400412A4804F0ECF84FF4C0433F
:101A700004A92648049306940595079603F0CAFE28
:101A80003C23CDE90435032304A921480793069498
:101A900003F0C0FE8022204B04A91D48CDE9042399
:101AA000069403F0B7FE0122002304A91948CDE9EA
:101AB0000423069403F0AEFE04A91648CDE904659C
:101AC000CDE9064603F0A6FE41F20402002304A974
:101AD0001048CDE90423069503F09CFE4FF4004323
:101AE00004A90B48049306940595079603F092FE0B
:101AF0004FF4E0620023064804A9CDE904230695CB
:101B000003F088FE08B070BD0010024000100140D4
:101B100000080140000C01400000311000232DE9B5
:101B2000104895B04FF0010B4FF4803C0121022486
:101B30004FF48032CDE90C33CDE90F33CDE90633D4
:101B4000CDE90833CDE902330593019304934FF4B3
:101B500080130AA8CDE90ABC0E9111941292139336
:101B600004F074F808B172B6FEE703460F22CDE91F
:101B7000064309934FF48063214605A80893059214
:101B800004F05AFA08B172B6FEE74FF4004301A818
:101B90000194039304F042FB08B172B6FEE715B05E
:101BA000BDE8108808B502F073FBFFF7B7FFFFF739
:101BB00019FFFFF7EDFEFFF7FDFC00F03DFBFFF71F
:101BC000F9FD00F00DF800F08FF900F013FA00F0C5
:101BD00079FA00F049F906F035FAFEE772B6FEE749
:101BE00008B54FF4827C002302210122DFF840E097
:101BF0004FF40060CEE901C3CEE904124FF4007C3B
:101C000010210A22CEE90833CEF82830094BCEF84D
:101C10000C007046CEE906C1CEF80030CEF82C207C
:101C200004F04CFC00B908BDBDE80840FFF7D6BF82
:101C3000000A002000300140002310B501681D4A51
:101C400086B09142CDE90233CDE9043301D006B02C
:101C500010BD02F560429169282341F480519161E1
:101C60009169022401F48051009100999169124810
:101C700041F0080191619269CDE9023402F0080255
:101C800001920322019902A90592002403F0C2FDEA
:101C90001023CDE902340023074802A9049303F07E
:101CA000B9FD064A536843F0E06343F00103536013
:101CB00006B010BD00300140000C014000000140A2
:101CC0000E4B82B09A690E4942F001029A619A69FC
:101CD00002F001020092009ADA6942F08052DA6161
:101CE000DB6903F080530193019B4B6823F0E063B1
:101CF00043F000734B6002B0704700BF0010024019
:101D000000000140FEE700BFFEE700BFFEE700BFA6
:101D1000FEE700BFFEE700BF704700BF704700BF8F
:101D2000704700BF02F0C6BA014803F00FBB00BF06
:101D3000F0080020014803F009BB00BF800B002021
:101D4000014803F003BB00BFC80B0020014803F0AB
:101D50003FB800BF98090020014803F039B800BF20
:101D600098090020014803F033B800BF980900200B
:101D7000014803F02DB800BF98090020704700BF4C
:101D800006F06ABA704700BF06F0ACBA194B1A6881
:101D90001168C90602D4174805F052BD1846002341
:101DA00010B582B001931168134C019152680192F1
:101DB000019A05F01DFC6FF07F0210491048096878
:101DC000036849680F48521A227021789847227890
:101DD00000210C480AF020F84FF000038022094946
:101DE0000448237005F0B0FB024802B0BDE8104083
:101DF00005F026BD100C0020D80C0020C80B0020D8
:101E0000540C0020580C00200120704708B50AF03F
:101E100075F9162203464FF0FF301A6008BD00BF67
:101E200008B50AF06BF916230360FEE708B50B4A04
:101E30000B491368002B08BF0B46694618448842BB
:101E4000136002D81060184608BD0AF057F90C223A
:101E50004FF0FF330260184608BD00BF580A00204B
:101E6000D8190020704700BF002342F20F714720AD
:101E7000802200B5DFF868C087B0CDE90333CCE934
:101E80000231CCE904330293009305930193154B7F
:101E9000CCF804006046CCF81820CCF8003004F0F0
:101EA000C1FC90B94FF480530D4802A9029305F08C
:101EB0004BF888B90022002369460948CDE9002380
:101EC00005F070F920B907B000BDFFF787FEE9E71C
:101ED000FFF784FE07B000BDFFF780FEEAE700BF12
:101EE000380B0020002C014000234FF0804140F2CD
:101EF000FF322DE910483C4C91B02046C4E9013333
:101F0000CDE90933CDE90B33CDE90D3321600293DF
:101F10000893E2602361A361039304F01BFD002892
:101F200031D100220023304802A9CDE9022305F077
:101F300039F988BB00234FF0600B4FF0000C0822EA
:101F4000294808A9CDE908BC0A930C9304F0E6FEE1
:101F5000F8B90C22244808A904F0E0FEB0B9082121
:101F6000214804F065FD0C211F4804F061FD0023A9
:101F70002268CDE90433B2F1804FCDE906330ED0AB
:101F800011B0BDE81088FFF729FECAE7FFF726FE6B
:101F9000E5E7FFF723FEDCE7FFF720FECAE74FF097
:101FA000020C4FF4406B032403F1804303F5043328
:101FB0009A690E4842F008029A619B6904A903F0ED
:101FC00008030193019BCDE904BC079403F022FCB4
:101FD000074A536823F4407343F0E06343F400730B
:101FE000536011B0BDE81088EC0A0020000C0140DD
:101FF00000000140002347214FF6FF722DE9004801
:10200000DFF8B8C02E488CB0CCF800006046CDE9AF
:102010000733CDE90933CDE90333CCF80410CCF80C
:102020000C20069300930293CCF80830CCF81030C3
:10203000CCF818300193059304F0F4FB40BB1F4823
:1020400004F04CFD58BB00234FF0040B4FF0500C34
:102050001A4806A9CDE906BC08930A9305F026F8AC
:1020600040BB0022002369461448CDE9002305F057
:1020700099F8E0B900220123104802A9CDE9022312
:10208000CDE9042204F098FD60B90CB0BDE80088E9
:10209000FFF7A4FD094804F021FD0028D3D0FFF785
:1020A0009DFDD0E7FFF79AFD0CB0BDE80088FFF773
:1020B00095FDDFE7FFF792FDD3E700BFA40A0020FC
:1020C00000040040002331214720802200B5DFF8C2
:1020D00068C087B0CDE90333CCE9023102930093A5
:1020E000CCF8103005930193144BCCF804006046F3
:1020F000CCF81820CCF8003004F094FB90B94FF4E1
:1021000080530D4802A9029304F01EFF88B90022F3
:10211000002369460848CDE9002305F043F820B9BB
:1021200007B000BDFFF75AFDE9E7FFF757FD07B01D
:1021300000BDFFF753FDEAE75C0A002000080040FD
:10214000002200B503682D4989B08B42CDE90422F5
:10215000CDE9062207D02A498B4217D029498B4264
:1021600039D009B000BD284B0521986940F40060C2
:1021700098619B69192003F400630093009B02F0AF
:1021800095FF192002F0C4FF09B000BD4FF0400CCC
:102190001D4B04A9D86940F00200D861D86900F04D
:1021A000020001900198986940F0040098619B69D1
:1021B000164803F004030293029BCDF810C003F00D
:1021C00029FB00221D20114602F070FF1D2002F0A5
:1021D0009FFF09B000BD0C4B1146D86940F00400C8
:1021E000D861DB691E2003F004030393039B02F014
:1021F0005DFF1E2002F08CFF09B000BD002C0140E5
:1022000000040040000800400010024000080140A7
:102210000368B3F1804F00D0704703F50433DA69E7
:1022200082B042F00102DA61DB6903F0010301933D
:10223000019B02B0704700BF00234FF4E1310C2234
:1022400010B51148114C20602046C4E90113C4E9BF
:102250000333C4E90523E36104F0D8FF88B9226899
:102260000A48D3680A4C43F01003D36005F01EFD02
:10227000084B80221C6008490448BDE8104005F066
:1022800063B9FFF7ABFCEAE700380140100C00200F
:10229000118B0008540C0020580C0020002310B5AE
:1022A00001683E4A86B09142CDE90233CDE904335C
:1022B00001D006B010BD02F558429169044641F4C0
:1022C000804191619169402001F480410091009921
:1022D000916941F0080191619269022102F00802BE
:1022E0000192019A0322CDE902012D4802A905922B
:1022F00003F090FA80220023CDE90223002328482E
:1023000002A9049303F086FA2648002341684FF09F
:10231000800C41F0E06141F0040141604FF48051D4
:10232000214A00F58030583010601046C2E9013370
:10233000C2E904339361C2F80CC0D16102F01EFF00
:10234000194A18BB002180204FF0100CA263546280
:102350004FF48052154BC3E90210C3E9041199618F
:1023600013491846C3F804C01960DA6102F006FF89
:102370000E4B78B900220321636325205C6202F0D2
:1023800095FE252002F0C4FE06B010BDFFF726FC26
:10239000054AD7E7FFF722FC044BEBE70038014082
:1023A000000C014000000140C80B0020800B002001
:1023B00044000240704700BF704700BF704700BF35
:1023C000704700BF704700BF0368DFF80CC0DB69CF
:1023D000634500D170471847BD2300080368DFF844
:1023E00038C05969614504D19B690C498B420CD1B5
:1023F000704700B583B001908847019A0749136878
:102400009B698B4202D103B000BD1847104603B050
:102410005DF804EB184700BFB5230008B923000896
:102420000022036870B515491D6904468D42C281BA
:1024300002810CD1DD6912498D4208D11D6A114A11
:1024400095420BD15B6A104A934210D170BD114680
:10245000A84723680B4A1D6A9542F3D00122204603
:102460001146A8472368084A5B6A9342EED00122CE
:102470002046BDE870401146184700BFC923000838
:10248000BD230008C1230008C523000800220368FB
:1024900070B515491D6904468D42C28102810CD177
:1024A000DD6912498D4208D11D6A114A95420BD14E
:1024B0005B6A104A934210D170BD1146A847236849
:1024C0000B4A1D6A9542F3D0002220461146A847C8
:1024D0002368084A5B6A9342EED000222046BDE89A
:1024E00070401146184700BFC9230008BD230008EB
:1024F000C1230008C523000870B541F2DB36434D07
:10250000C1F3090182EAE27C35F91130ACEBE27CDF
:1025100001F58072C2F3090235F91250428183EA53
:10252000E372A2EBE372C38006FB0CF3818085EAC1
:10253000E571A1EBE571C3F30B3392B289B203FBF2
:1025400002F203FB01F1D0F800C0DFF8C4E0DCF8D0
:102550001060C2F30F32C1F30F3176450446858116
:102560000281C18139D1DCF81C302A4EB34247D1F7
:10257000002DDCF82030284A14DD934239D1B4F91B
:102580000620DCF82430002A244A02DD93422AD1B6
:1025900070BD11D09342FBD02046BDE870400122AF
:1025A0000021184710D09342E9D001220021204693
:1025B0009847D4F800C0E2E79342E9D001222046D0
:1025C000BDE87040114618479342D8D001222046FA
:1025D00011469847D4F800C0D1E7B047B4F90C5081
:1025E000D4F800C0C4E72046BDE8704000220121B5
:1025F00018470022012120469847D4F800C0BEE7C2
:102600009847B4F90C50D4F800C0B1E7ECFB0008CF
:10261000C9230008BD230008C1230008C523000802
:102620000023C0E903317047D0F810C0A1EB0C03C0
:10263000002B02D101610160704700B5D0E9023280
:10264000D0F804E0DEF800E011DD134493FBFEF265
:102650000EFB1233BCF1000F6244C0E9033215DBFC
:1026600091421BDC00230160C0E9033100BDD21A96
:1026700092FBFEF30EFB1322BCF1000F6344C0E992
:1026800003230DDD002B03DD194605E0002A05DBE1
:1026900000231946C0E90333016000BD1146FBE782
:1026A0009942DFDAF0E700BF816070470023C0E99C
:1026B00003317047D0F810C0A1EB0C03002B02D1FE
:1026C00001610160704700B5D0E90232D0F804E042
:1026D000DEF800E011DD134493FBFEF20EFB123333
:1026E000BCF1000F6244C0E9033215DB91421BDCF0
:1026F00000230160C0E9033100BDD21A92FBFEF352
:102700000EFB1322BCF1000F6344C0E903230DDD6F
:10271000002B03DD194605E0002A05DB00231946DE
:10272000C0E90333016000BD1146FBE79942DFDADF
:10273000F0E700BF10B504460846C4E90311FEF7F0
:102740005DFA01464FF07C50FEF760FB606110BD02
:1027500000238162C0E90823C36170472DE9F0437B
:10276000866A03468A1B056A876883B016D1816929
:102770004842A8422DDD002D5C6A7DDD1969D869CB
:10278000401A396890FBF1FC6544002D1D627EDD26
:1027900001FB1C002A46D8612C440EE005BB002A30
:1027A000C0683968DD695C6A4BDD284490FBF1F252
:1027B00001FB1200C3E9070214445A6094FBF1F2D2
:1027C00001FB124432449A621A605C6203B0BDE8B5
:1027D000F083A942CFDBC3E9072214463968ECE74E
:1027E000002A37DD002D57DDD7F8B410D1F80C8062
:1027F000A84564DB009028460192FEF7FFF9009B94
:1028000001465C6AFEF74EFA009B5969FEF74AFAE8
:10281000FEF724FC019A009B824240F39480A84575
:1028200039687ADDDA69D868104490FBF1F77A19D3
:1028300090451A6240F3978001FB17001444D86159
:10284000BBE72D1A95FBF1F201FB12551444C3E9C5
:102850000752B2E7002D42DBC0691A693968801A55
:1028600090FBF1F201FB12002A44002AC3E907029F
:102870005C6A1FDD1444A0E71FD0D96918690844B9
:10288000396890FBF1FC6544002D1D6280DB00215E
:10289000C3E90711396890E7DA69186939681044A3
:1028A00090FBF1F201FB12002A44002AC3E907025F
:1028B0005C6ADFDB0022C3E9072239687DE7C06973
:1028C0001A693968801A90FBF1F201FB12002A4460
:1028D000002AC3E9070230DD5C6A14446DE7D7F8CB
:1028E000B420D268C2F10008A8459146D4DC00901B
:1028F00028460C46FEF782F90146FEF7D3F9009B05
:10290000341B5969FEF7CEF9FEF7A8FBA042009BE5
:1029100006DAA8452EDB5C6A39682A462C444CE767
:10292000DA6918693968104490FBF1F201FB120072
:102930002A44002AC3E90702CEDB0022C3E90722AA
:102940005C6A396839E71A69D8693968801A90FB76
:10295000F1FC0CEB0502002A1A62ABDD01FB1C0046
:102960001444D86129E700204246C3F8208044443B
:10297000D86122E7D869DA683968801A90FBF1F2E9
:1029800001FB12002A449045C3E907025C6AFFF686
:1029900071AF00204246A4EB0904C3F82080D8613F
:1029A0000BE700BFC0E903114161C261704700BF7E
:1029B000D0F808C0C268C369DCF800C0C3EB831359
:1029C00002618A1A0CFB02338269C16013449A11B6
:1029D00003F03F03C0E90632C0E9001241617047CD
:1029E0000023C0E90A32C0E90C3143610377704724
:1029F0002DE9F0430E46016A03469142456B876814
:102A0000C46A83B03AD04FF00008C3E90826C3F87F
:102A10001480101900930192FEF7F0F8019A814694
:102A2000101BFEF7EBF801464846FEF73BF98146DE
:102A3000701B4000FEF7E2F801464846FEF7E6F953
:102A4000FEF70CFB009B83F81C8018619A6A3968BA
:102A5000104490FBF1F201FB12001444C3E90A0494
:102A60001A6B5C60144494FBF1F201FB12442A449B
:102A70005A631A601C6303B0BDE8F083416AB14237
:102A8000C1D141694FF47A709A6900FB02F2914218
:102A900007DB01221A77002C0BD19C6200243968D5
:102AA000DEE77A680A445A611A7F002AF3D118696E
:102AB000CCE7D8689A6A39680DDD121A92FBF1F0FA
:102AC00001FB10220444002CC3E90A24C8DC0022C4
:102AD000C3E90A22E2E7104490FBF1F201FB120085
:102AE0001444002CC3E90A04F1DAB9E738B5044606
:102AF000C268036A806BC4F8B410D0F8B410D2F87E
:102B0000B420D3F8B4300D6952691B69284622619C
:102B10006362C4E90F55FEF771F801464FF07C502F
:102B2000FEF774F9C822094B606483FB0513ED17A7
:102B3000C5EBA315D4F88430D3F8B430A5641B6971
:102B4000C4F89420C4F8883038BD00BFD34D62105B
:102B5000C0F84411704700BFC0F84811704700BF6B
:102B60000368C26970B5891A1E69B1F5801F844671
:102B70005E6146DC284A9142B8BF11465A6A9C6899
:102B8000196104FB012E5868DCF808404FEAAE25B5
:102B9000CEF3090E626901FB00F0C3F824E0D3F81C
:102BA0001CE09D62AE44BEEB822F9861C3F81CE02E
:102BB0004FEA822502DC6D42AE4527DADD6128440A
:102BC000DD68891B05FB01F10844B2EBA02F4FEA39
:102BD000A02502DB5242954216DA1546002A1962F8
:102BE000DD62DCF82810CCF8302011DD6368194470
:102BF000D4F84801BDE8704003685B68CCF8541015
:102C000018474FF48011B9E72A46E7E77546D6E73B
:102C10001CBF6368C91AEBE70000F0FF8446084652
:102C2000DCF8281070B5401AB0F5486FDCF800E009
:102C300062DC3A4B9842B8BF1846CEF84000DCF848
:102C40001C30D21AD211B2F57A6F52DC344B9A4250
:102C5000B8BF1A46DEF83430DEF8384002FB03F322
:102C600004FB0033DEF83040CEF8442004FB00F0D3
:102C7000DEF85440DCF808502344DEF84C40DE1106
:102C800003F07F03CEF8543033196C69CEF85860E6
:102C9000B3EB842FCEF84800CEF84C304FEA8426B0
:102CA00002DC7642B34237DACEF84C60DEF83C30D4
:102CB000304402FB03F31844B4EBA02F4FEAA022E8
:102CC00002DB6442A2421ADA2246002CCEF85030CF
:102CD000CEF85C20CCF830401ADD6B681944D5F88A
:102CE00048012246BDE8704003685B68CCF8541088
:102CF00018474FF47A62ADE74FF448609DE71446F9
:102D0000002CCEF85030CEF85C20CCF83040E4DC1B
:102D10001CBF6B68C91AE2E71E46C7E780F3FFFFD6
:102D200060F0FFFF017170478368DB680B44436309
:102D3000704700BF2DE9F84FD0F8089016460546B9
:102D4000D9F81C000C46FDF759FF31468346FDF7C4
:102D5000A9FF80466869D9F80C70201A3844002809
:102D6000B8BF4042FDF74AFF4FF07A5182463046E5
:102D7000FDF798FF4146FDF795FF014650463C445C
:102D8000FEF74CF938B1184B00205B69C9F81830D0
:102D90006C63BDE8F88F31463046FDF783FF4FF096
:102DA000814106465046FDF77DFF5946FEF72EF855
:102DB00001463046FDF76CFE06F0C0F80146584665
:102DC000FDF770FF01464046FDF762FE4FF07C5173
:102DD000FDF768FFFEF742F903460120C9F81830F5
:102DE0006C63BDE8F88F00BF8816002083689B697C
:102DF0005A428A4202DC8B42A8BF8163704700BFFF
:102E000070B5836882B00446D3E902050191FDF7ED
:102E1000F5FE0199064641B1E068401BFDF7EEFE64
:102E20003146FDF7F3FF02B070BD6069401BFDF74E
:102E3000E5FE3146FDF7EAFF02B070BD38B5044645
:102E4000C069FDF7DBFEA36805469868FDF7D6FE6E
:102E500001462846FDF7DAFF38BD00BF08B5006B14
:102E6000FDF7CCFE0149FDF71DFF08BD6F12833A47
:102E700083685B695A428A42B8BF0A468B42A8BF40
:102E80001346C363704700BF00238365C371704757
:102E900000281BDB344B984201DC00207047334B89
:102EA00098422FDB324B984247DAA0F59E10A0F5EE
:102EB000B150C0EBC000C0EB0010001500F59670DB
:102EC000B0F5D77FA8BF4FF4D7707047294B984211
:102ED000E3DAA3F59213A3F57863984220DA264B40
:102EE000984235DB00F59E1000F5B150C0EBC000F4
:102EF000C0EB00100015A0F59670204B9842B8BFAB
:102F0000184670474FF48373A0F5C330A03803FB15
:102F100000F00015B0F5D77FA8BF4FF4D770704709
:102F20004FF4837300F5C330A03003FB00F0134B64
:102F300000159842B8BF184670473423A0F5061014
:102F4000A0F58E5003FB00F0001500F5C370B7E745
:102F5000342300F5061000F58E5003FB00F0001539
:102F6000A0F5C370C9E700BF9F86010020D61300FB
:102F7000C09121006179FEFF416EDEFF52FEFFFF2E
:102F800070B5D0E95046F388E1688AB02161E3600A
:102F9000591A83680546B1EB630F40F3F080C91AF4
:102FA000E369D5F88800C3EB431300FB0133626982
:102FB000A2610A44216A62610B44581103F01F03A5
:102FC000C4E90703FFF764FF636C02449B1AA26223
:102FD000E2796062E36222B994F85030002B00F08D
:102FE000D4800023D5F84801226801688968C2E9C5
:102FF0000933C2E91533D361D3646365236388471A
:10300000D5F84041637922799A4203D00123627155
:1030100084F85230A16BAB6999423FDC5B42994224
:103020003CDBE16B6B6999423DDDE36394F8501042
:10303000D9B194F84010C1B90021206884F8521029
:10304000C0E90911C0E91511C161C164A165E1714F
:10305000511E072938D8DFE811F026011D010601AD
:10306000500126011D010601440194F8511019B1C7
:1030700094F841100029DFD094F852100029DBD1D8
:10308000531E072B00F20481DFE813F0B400C200E6
:1030900012001701B400C2001200F600E16BA36336
:1030A0006B699942C1DC58428142B8BFE063BDE719
:1030B000E16B05F19000FFF7B7FAD5F84041D5F87C
:1030C000901062796B69E164B4F8401003EB430639
:1030D000A4F85010AD49C3EB461381FB0361DB1725
:1030E000C3EB61132168206B91F8601080EAE076F1
:1030F00002F0FB02A6EBE076E1B1032A00F0958036
:103100009E4224DBE169DFF888C281EAE170A0EB2E
:10311000E170A9688CFB01ECC917C1EB6C01884216
:1031200008DAA06D9B49884200F2F180D5F88C1036
:103130000144A165032A0CD09E420ADBE36D954A47
:10314000934240F2C980012384F8603005E00023F7
:10315000A3650023E36584F86030D5F84401036873
:103160009B689847D5F8403128B15A79002A2ED16A
:103170009A710AB070BD05229A710AB070BD5A42A8
:10318000B1EB620FB8BFC9180AE732680193304645
:1031900092689047D5F84041019B00283FF421AF49
:1031A00094F85120002A00F0DC80D5F8480122680C
:1031B000C2E90933C2E91533D361D3640268D26826
:1031C000636523639047D5F8404163791BE7D9795C
:1031D000002944D193F86010002940F0C080012AF2
:1031E00000F0DC80022A00F00281032A00F0058151
:1031F0000122BDE7616B05F1B800FFF7AFFAD5E931
:103200002E23D5F84041C4E9112362796B695BE74D
:10321000A16B05F1A400FFF74DFAD5F84041D5F8B0
:10322000A4106B696279A1644EE700283FF468AF8F
:10323000E269574882EAE271A1EBE271AA6880FB79
:1032400002C0D217C2EB6002914282DAA26D5149EC
:103250008A425CD8D5F88C301344A36579E7042200
:103260009A710AB070BD216B05F19000FFF7D8F993
:10327000D5F84041627903E7616B05F1E400FFF79F
:1032800097FBD5E93923D5F84041C4E91123627988
:103290006B6919E7E16905F1A400FFF707FAD5F8B2
:1032A00040416279ECE6E269A16A05F1B800FFF7F6
:1032B0004FFAD5F840416279E2E6D4E90D1205F5FE
:1032C0008270FFF795FBD5E94123D5F84041C4E969
:1032D000112362796B69F7E6D5F88C201A44E26510
:1032E0003BE7E269A16A05F1E400FFF75BFBD5F873
:1032F0004041A36A62796363C2E6E269A16A05F5A7
:103300008270FFF76DFBD5F840416279B8E64FF067
:10331000010C4FF0080E00221F4904A8496884F8E8
:1033200007C08DF80810C90141F07C0104910DEB34
:103330000E01CDE90522019307920992CDF80A20EA
:10334000ADF80E208DF809C0CDF820E0FEF7ECFABC
:10335000D5F84041019B627902F0FB02EAE60322C4
:1033600006E76379082B3FF64EAEDFE803F037053A
:103370001D2505051D2505002046D4E91112FFF77E
:103380004DFCD5F8404163793DE600BF1F85EB5108
:10339000676666663F420F0088160020586C596BBE
:1033A000884231D00222E3E62046A16CFFF7D8FB29
:1033B000D5F84041637926E6E26CA368002AA16A49
:1033C000226326DD58680144D3F84801616503682B
:1033D0005B689847D5F84041637914E6D5F8480111
:1033E00003689B689847D5F8404163790BE6986C71
:1033F000996B884208BF0122BAE6DA6CD96B8A421F
:103400000CBF01220222B3E6996C002918BF0222E8
:10341000AEE61CBF5868091AD6E700BF10B50446CF
:10342000D0F8440103685B689847134A137823B9BE
:103430002046BDE81040FFF7A3BDA068E168D4F8BE
:10344000443100EBD07CB1EB6C0FDB8805DA01EB8B
:103450006C01994206DA1B1A04E0A1EB6C01994257
:10346000C8BF1B180020D4F840111070C1E9033305
:10347000C1E9053310BD00BF040000201D4A92F8C9
:10348000341001B1D1680023D0F808C00268DCF81C
:103490000CC0C0E90333C0E90533C0E90733C0E914
:1034A0000933C0E90E33C0E91133C0F834C00171EB
:1034B000C362A0F84030C364A0F8503080F85230A6
:1034C0004365036383654371C380C36580F86030DF
:1034D000C2E90433C2E90633C2E90833C2E90A3358
:1034E000C2E91033C2E91233C2E91433C2E9163318
:1034F000704700BF8816002082684369916893FB7B
:10350000F1F001FB1033D360704700BF01607047DA
:1035100083682DE9F043D3F844310446DD6800F1B7
:1035200036024FEA650E00F5E47032F8023FB2F859
:1035300092C1A3EB0C010029B8BF494263448E45F8
:103540004FEA630304DA9E45D4BFA3EB0E03734432
:1035500082421380E9D1228FB4F8C6316942D31A6E
:103560009E45B8BF5B1BB3EB610FB8BF5B19002B67
:103570004FEA610833D0CCBF012300232375494BA8
:103580004FEAE57983FB0513C9EBA31606EB460664
:1035900006EBD676C9EBE3194FEA660664DD114601
:1035A00004F1380004F5E37705E0CC4513DB002B8C
:1035B00015DD874217D00B4630F8021FCB1A9E4507
:1035C000B8BF5B1B9845C8BF5B1983EAE37CACEBD3
:1035D000E37CB445E9DD02232373BDE8F0830123D6
:1035E0002373BDE8F0834FF0000CC82761462D4ED1
:1035F000013D104601F1C903A6FB03E2920907FB56
:1036000012331C3334F81320824204DA281AC4E936
:10361000D7100CF1010C0131C829EAD1BCF1010F1E
:1036200020D00323DCE700264FF0C80C31461D4FA5
:10363000013D104601F1C903A7FB03E292090CFB0F
:1036400012331C3334F813208242A5EB0203C8BFA7
:10365000C4E9D71301F10101C8BF0136C829E8D177
:10366000012EDED10023BBE7104604F1380104F53A
:10367000E37C05E0B945AEDC002BB0DA8C45D2D056
:10368000034631F8020FC31A9E45B8BF5B1B98452D
:10369000C8BF5B1983EAE377A7EBE377BE42E9DAB9
:1036A00099E700BF1F85EB512DE9F04F0446836871
:1036B00081B0D3F8440103685B689847637B062BAD
:1036C00017D8DFE803F02404385E778B1900A3686D
:1036D0002169D3F8480102310268526815461A6917
:1036E0002161A847A36822699B68B2EB430F00F0F1
:1036F000A18001B0BDE8F08F00221146A368D3F885
:10370000480103685B6801B0BDE8F04F18472379B2
:10371000002BEED0A3682169D3F848011A69036829
:103720005B68984700214FF48073A2689268E18239
:103730002261A381DDE7A2682169D2F804E0B1FB30
:10374000FEF30EFB1313002B71D1E08AD2F844C1B3
:10375000431CBCF804509BB20C30102BE38224F8BD
:1037600010506BD0D2F84801126903685B68984723
:10377000A26823699268B3EB420FBAD9032363733B
:10378000B7E7A3682169D3F848010131026852689C
:1037900015461A692161A847A2682169D2E9013258
:1037A00003EB830302EB4303B1EB430FA1D10423EB
:1037B00063739EE7A3682169D3F848010139026861
:1037C000526815461A692161A847A2682369926860
:1037D000B3EB420F8DD1052363738AE7A268216999
:1037E000D2F804E0B1FBFEF30EFB1313E3B9E08A59
:1037F000D2F844C1431CBCF804509BB20C30102BCF
:10380000E38224F8105000F0F580D2F848011269E4
:1038100003685B689847A36822699B689A42BFF473
:1038200068AF0623637364E701392161EDE7013175
:10383000216197E70222236162735AE7DCF80CC02A
:10384000208B658BCCF100035F102B1AB3EB6C0F50
:10385000D4BF2E46A5EB0C069F42A38BA9464FEA88
:103860006C08C8BF05EB0C061D1AA845ACBF9946ED
:10387000A3EB0C09AF42C8BF0CEB0309E38B06EBCB
:10388000000A1D1AA845CA44ACBF9946A3EB0C090F
:10389000AF42C8BF0CEB0309238CCA441D1AA845CC
:1038A000ACBF9946A3EB0C09AF42C8BF0CEB0309B0
:1038B000638CCA441D1AA845ACBF9946A3EB0C09FA
:1038C000AF42C8BF0CEB0309A38CCA441D1AA8451C
:1038D000ACBF9946A3EB0C09AF42C8BF0CEB030980
:1038E000E38CCA441D1AA845ACBF9946A3EB0C094A
:1038F000AF42C8BF0CEB0309238DCA441D1AA8456B
:10390000ACBF9946A3EB0C09AF42C8BF0CEB03094F
:10391000638DCA441D1AA845ACBF9946A3EB0C0998
:10392000AF42C8BF0CEB0309A38DCA441D1AA845BA
:10393000ACBF9946A3EB0C09AF42C8BF0CEB03091F
:10394000E38DCA441D1AA845ACBF9946A3EB0C09E8
:10395000AF42C8BF0CEB0309238ECA441D1AA84509
:10396000ACBF9946A3EB0C09AF42C8BF0CEB0309EF
:10397000638ECA441D1AA845ACBF9946A3EB0C0937
:10398000AF42C8BF0CEB0309A38ECA441D1AA84559
:10399000ACBF9946A3EB0C09AF42C8BF0CEB0309BF
:1039A000E38ED144181A8045ACBF1E46A3EB0C062B
:1039B0008742C8BF0CEB030606EB09031846002B31
:1039C000B8BF03F10F000F334FEA2010C0F2EE80B2
:1039D0008445B8BFA0EB0C0093684FF0000CCB1AE5
:1039E000B3FBFEF301311C3324F81300A4F816C016
:1039F0002161B7E6DCF80CC0208B658BCCF10003AD
:103A00005F102B1AB3EB6C0FD4BF2E46A5EB0C0640
:103A10009F42A38BA9464FEA6C08C8BF05EB0C0672
:103A20001D1AA845ACBF9946A3EB0C09AF42C8BF0D
:103A30000CEB0309E38B06EB000A1D1AA845CA44E8
:103A4000ACBF9946A3EB0C09AF42C8BF0CEB03090E
:103A5000238CCA441D1AA845ACBF9946A3EB0C0998
:103A6000AF42C8BF0CEB0309638CCA441D1AA845BA
:103A7000ACBF9946A3EB0C09AF42C8BF0CEB0309DE
:103A8000A38CCA441D1AA845ACBF9946A3EB0C09E8
:103A9000AF42C8BF0CEB0309E38CCA441D1AA8450A
:103AA000ACBF9946A3EB0C09AF42C8BF0CEB0309AE
:103AB000238DCA441D1AA845ACBF9946A3EB0C0937
:103AC000AF42C8BF0CEB0309638DCA441D1AA84559
:103AD000ACBF9946A3EB0C09AF42C8BF0CEB03097E
:103AE000A38DCA441D1AA845ACBF9946A3EB0C0987
:103AF000AF42C8BF0CEB0309E38DCA441D1AA845A9
:103B0000ACBF9946A3EB0C09AF42C8BF0CEB03094D
:103B1000238ECA441D1AA845ACBF9946A3EB0C09D5
:103B2000AF42C8BF0CEB0309638ECA441D1AA845F7
:103B3000ACBF9946A3EB0C09AF42C8BF0CEB03091D
:103B4000A38ECA441D1AA845ACBF9946A3EB0C0925
:103B5000AF42C8BF0CEB0309E38ED144181A80456D
:103B6000ACBF1E46A3EB0C068742C8BF0CEB030696
:103B700006EB09031846002BB8BF03F10F000F3303
:103B80004FEA201014DB8445B8BFA0EB0C0093680B
:103B90004FF0000CCB1AB3FBFEF3013904EB4303E7
:103BA000A3F8CA01A4F816C021612EE6604413E709
:103BB0006044ECE7437B062B00D070472DE9F041D1
:103BC00004468368D3F8480103689B6898472046F9
:103BD000FFF79EFC237BABB1A368D3F844310025EB
:103BE0002268204692681D7290470121A268237BBB
:103BF000D2F84021D17165732571002B00F01A8134
:103C0000BDE8F081226820469268C4F8643390478A
:103C1000236820461B689847A368D4F85C131A6889
:103C2000207D01EB0208474600285FD041454DDC6E
:103C30000E46354601369019B0FBF2F702FB17002D
:103C40001C3034F810705019B0FBF2FC02FB1C0061
:103C50001C3034F81020BF1AD3F84421D268B7EBD7
:103C6000620FC8BFBF1A5042B7EB600FB8BFBF1892
:103C7000A94200F00581A84500F0AD80002FC8BF23
:103C80004FF000081DDDD3E901C208FB0CF191FBE8
:103C9000F7F105FB0C111144B1FBF2FC02FB1C1106
:103CA00023682046DB6889B29847D4F8643308F16A
:103CB00001080133B845C4F86433A368E3D1D4F8EC
:103CC0005C131A6801EB0208B045B2DA236820469B
:103CD0005B689847A068D4F86413D0F84431DA6878
:103CE000914200F09C800422227378E78242EDDB4F
:103CF00002EB0806B6FBF2FC08F10105501902FBC5
:103D00001C66B0FBF2FC02FB1C001C361C3034F8B5
:103D1000102034F81660B61AD3F84421D268B6EBF6
:103D2000620FC8BFB61A5042B6EB600FB8BFB618E4
:103D3000474500F0838041452AD0002EC8BF0027A8
:103D400001DC1DE0A368D3E9011207FB01FC9CFB29
:103D5000F6FC01FB0521A1EB0C01B1FBF2FC02FB1F
:103D60001C1123682046DB6889B29847D4F8643375
:103D700001370133B742C4F86433E3D1D4F85C139C
:103D800008F1FF384145A1DCA3681A688F18AFE736
:103D9000D4F86023002AF3DD002700E0A368D3E90C
:103DA000011207FB01FC9CFBF6FC01FB0521A1EBCA
:103DB0000C01B1FBF2FC02FB1C1123682046DB68FE
:103DC00089B201379847D4E9D8230133BA42C4F8FD
:103DD0006433E3DCD2E7D4F86023002A7FF771AFC5
:103DE0004FF00008D3E901C208FB0CF191FBF7F199
:103DF00005FB0C111144B1FBF2FC02FB1C11236802
:103E00002046DB6889B208F101089847D4E9D82335
:103E100001334245C4F86433A368E3DC4FE7227BF7
:103E2000002A7FF4DCAE0121D0F840011972C17183
:103E300062732271BDE8F04101F078B9D4F8607383
:103E4000B74201DB9CE7A368D3E9011307FB01FC40
:103E50009CFBF6FC01FB0531A1EB0C01B1FBF3FC73
:103E600003FB1C1122682046D26889B29047D4F81F
:103E7000643301370133B742C4F86433E3D17DE7DB
:103E8000D4F8608347457FF71CAFD3E9012308FBD3
:103E900002F191FBF7F105FB02111944B1FBF3F2BA
:103EA00003FB121123682046DB6889B29847D4F8D7
:103EB000643308F1010801334745C4F86433A3684B
:103EC000E3D1FCE6704700BF70B54FF403410446F0
:103ED000032600253C4BC361236820461B69984795
:103EE00002462368E18B1B69204622849847238C75
:103EF000C2B242EA032292B202F0010312F00201BE
:103F000018BF01336084500784F8243044BF013364
:103F100084F82430100744BF013384F82430D006DD
:103F200044BF013384F82430900644BF013384F841
:103F30002430500644BF013384F82430100644BFB7
:103F4000013384F82430D00544BF013384F8243091
:103F5000900544BF013384F82430500544BF013339
:103F600084F82430100544BF013384F82430D00491
:103F700044BF013384F82430900444BF013384F8F3
:103F80002430500444BF013384F82430D00B1CBFCC
:103F9000013384F82430DB07228206D5731E13F028
:103FA000FF0665750ED0A18B96E701239208C1F339
:103FB0004001628221756375A369A28033F8120003
:103FC000E08070BD628AF7E700830084007A704762
:103FD00003681149DA6810B58A42044618D12046B0
:103FE0005B6898470120E168207281B14FF6FF704D
:103FF0004FF0000CA369023B03EB410133F8022FA1
:10400000824208BF84F808C08B42F7D1207A10BDE5
:1040100090472368E3E700BFC53E000838B58368D2
:1040200002680B4404461268017983609047637903
:1040300083420FD00546636968B100209847D4E9F0
:10404000023221699B1A8B428CBF022003206269D5
:104050009047657138BD01209847A3686571E3609A
:10406000F8E700BF38B503680D461B6801790446C0
:1040700098476561607138BD03681B68184700BFC9
:1040800010B5436882B019444160052A00F2CE8021
:10409000DFE802F0586103105C3640F201120023A1
:1040A00082810374837B013B032B10D8DFE803F08C
:1040B000798969580122032382810374036801907E
:1040C0001B68012200219847012301988373017E18
:1040D000022923D0032900F0848001290ED14368EE
:1040E00042699B1A642B09D9036800221B6801905E
:1040F00098470222019843680276436102B010BDDE
:10410000002201238281037400220368114601907A
:104110001B6898470198017E0229DBD143684269F8
:104120009B1A642BEAD9C37B027C0133DBB20168A2
:10413000C3739A42D1F800C06ED901220190114692
:10414000E04762E0002383810374DDE7002202235D
:1041500082810374D8E70122002382810374ADE7D2
:104160008368CB1AB3F52F7FB1D9036801221B688E
:10417000019000219847012201984368827383606F
:10418000A5E78368CB1A642BA1D9002203681146E6
:104190001B680190984704220198436882738360EA
:1041A00095E78368CB1A642B91D9002203681146E6
:1041B0001B680190984702220198436882738360CC
:1041C00085E78368CB1A642B81D9036801221B68B9
:1041D000019000219847032201984368827383600D
:1041E00075E7436842699B1AB3F57A7F86D94FF029
:1041F000000C027C0368B2EB0C0280F80FC018BF01
:10420000012201211B68019098470122019843680F
:104210000276436102B010BD002201900121E04707
:104220000322019843680276436167E7037B002B12
:104230003FF46AAF437B002B7FF434AF3EE700BF0F
:104240004FF47A7310B50F49044609780E4AB3FB50
:10425000F1F0126882B0B2FBF0F000F079FF08B91B
:104260000F2C02D9012002B010BD02460190214658
:104270004FF0FF3000F01AFF044B01981C6002B0B1
:1042800010BD00BF05000020000000200800002035
:10429000074A08B51368032043F01003136000F0C9
:1042A000F3FE0320FFF7CCFFFDF70AFD002008BD59
:1042B00000200240034A044B11681B780B44136032
:1042C000704700BFDC0C002005000020014B18687F
:1042D000704700BFDC0C002038B50446FFF7F6FF3E
:1042E000631C054602D0044B1B781C44FFF7EEFF0D
:1042F000401BA042FAD338BD05000020002800F082
:10430000AD8038B5836A0446002B6BD023689A6869
:10431000D50749D4A26AD20605D5A36A43F0100393
:10432000A362012038BDA26A6168E06922F4885264
:10433000257B22F00202014342F00202A26241EA1E
:104340004502A16894F814C0B1F5807F50D0A1F166
:104350000100B0FA80F0BCF1010F4FEA50104FEAB3
:10436000002058D05D6825F46945284358609D6851
:104370003F48284010439860012947D00020D96A5F
:1043800021F470010143D96299683A4B0B409A427B
:104390005BD0A36A23F0120343F01003A362E36A25
:1043A00043F00103E362BCE79A6822F001029A60DD
:1043B000FFF78CFF054623689A68D007AAD5FFF758
:1043C00085FF401B02282368F6D99A68D107F3D5E8
:1043D000A36A43F01003A362E36A43F00103E362BC
:1043E000A36A9AE7C36280F82430FDF739F98DE7B4
:1043F000BCF1010F0ED058681D4920F4694040F40B
:1044000080705860986801401143996020690138B4
:104410000005B4E708461DB3A56A45F02005A5626E
:10442000E56A45F00105E5625D68B1F5807F25F438
:10443000694540EA050058609D680D4805EA00009E
:1044400040EA0200986097D1E0E70020E062A36AAA
:1044500023F0030343F00103A36238BD012070473A
:10446000A569013D40EA453040F40060DCE700BF4B
:10447000FDF7E1FFFE0E1FFF704700BF436A9A6A17
:1044800012F0500F0FD19A6A196842F4007210B5F9
:104490009A628A6802F46022B2F5602F06D018464C
:1044A000FFF7EAFF10BD1B6A1B6B18471A7B002A37
:1044B000F5D19A6A22F480729A629A6AD204EED492
:1044C0009A6A42F001029A62E9E700BF704700BFB2
:1044D00008B5406AFFF7FAFF08BD00BF704700BF8C
:1044E000406A08B5836A43F040038362C36A43F0BD
:1044F0000403C362FFF7F2FF08BD00BF002330B51D
:1045000083B0019390F82430012B73D0012380F8FD
:1045100024300246D0F800C0D1E90003062B35D97B
:104520000C2B56D81F25073BDCF8304003EB8303E8
:1045300000FA03FE05FA03F324EA030343EA0E0339
:10454000CCF8303009288B6833D90724A0F10A0E43
:10455000DCF80C100EEB4E0E03FA0EF304FA0EFE0E
:1045600021EA0E010B43CCF80C30A0F11003012B13
:104570002DD8324B9C4540D00120936A43F0200354
:104580009362002382F8243003B030BD1F25013B25
:10459000DCF8344003EB830300FA03FE05FA03F36F
:1045A00024EA030343EA0E030928CCF834308B686D
:1045B000CBD84FF0070EDCF8101000EB4000834022
:1045C0000EFA00F021EA00010B43CCF81030002075
:1045D000D7E71F250D3BDCF82C4003EB830300FAE3
:1045E00003FE05FA03F324EA030343EA0E03CCF8BF
:1045F0002C30A7E7022003B030BDDCF808301B02E6
:10460000E5D4DCF80830102843F40003CCF8083077
:10461000DDD10B4B0B491B68A1FB03139B0C03EB78
:1046200083035B000193019B002BD0D0019B013BD6
:104630000193019B002BF9D1C9E700BF0024014081
:104640000000002083DE1B43002330B5026883B0E6
:1046500001939368D90727D41B4B04461B681B485A
:104660009168A0FB030341F001019B0C9160019351
:10467000019B2BB1019B013B0193019B002BF9D1C5
:10468000FFF724FE236805469B68DA070CD4FFF782
:104690001DFE401B0228236803D99A6812F001020C
:1046A00005D09B68DB07F2D5002003B030BD0120A8
:1046B000A36A84F8242043F01003A362E36A03434F
:1046C000E36203B030BD00BF0000002083DE1B4367
:1046D000F8B50446424D0068A84216D0414B9842B6
:1046E00013D094F82430012B18D00123204684F8ED
:1046F000243017460E46FFF7A7FF054688B1002372
:1047000084F8243001252846F8BD354B5B6813F446
:10471000702FF7D194F82430012BE6D102252846DA
:10472000F8BDA06A21682F4B20F4706020F00100D2
:1047300040F480709942A06243D0A36A23F48013AE
:10474000A3624B685A0505D5A36A23F4405343F48A
:104750008053A36200206FF0020CA36A84F8240047
:1047600013F4805318BFE36A206ADFF87CE018BFB7
:1047700023F00603E362C0F828E0DFF870E03B4670
:10478000C0F82CE0DFF868E03246C0F830E0C1F84D
:1047900000C0D1F808C04C314CF4807C41F844CCC6
:1047A00000F01EFD236828469A6802F46022B2F5E4
:1047B000602F9A680CBF42F4A00242F480129A6003
:1047C000F8BDA3F580635A6812F4702FB5D0A26AC1
:1047D00042F48012A2625B685B05BBD5B4E700BF00
:1047E00000240140002801407D440008D144000815
:1047F000E144000838B503689A68D40701D4002062
:1048000038BD9A68044622F001029A60FFF75EFD07
:10481000236805469B68D807F1D502E09368DB075B
:10482000EDD5FFF753FD431B022B2268F6D99368A1
:10483000D907F3D50120A36A43F01003A362E36A0A
:104840000343E36238BD00BF002370B582B001931B
:1048500090F82430012B5FD0012380F824300446E7
:10486000FFF7C8FF054628B10023284684F8243006
:1048700002B070BDA36A314A23F4885323F00203C7
:1048800043F00203A3620220166801F045FDB6FB67
:10489000F0F676000196019B2BB1019B013B019341
:1048A000019B002BF9D12046FFF7CEFE22689368CA
:1048B00043F008039360FFF709FD226806469368FA
:1048C00018070BD5FFF702FD831B0A2B226802D9BC
:1048D0009368190724D493681B07F3D4936843F0B3
:1048E00004039360FFF7F2FC236806469B685807B1
:1048F0000BD5FFF7EBFC831B0A2B226802D99368C8
:1049000059070DD493685B07F3D4A36A23F003031C
:1049100043F00103A362A7E70225284602B070BD59
:104920000125A36A284623F0120343F01003A36273
:10493000002384F8243002B070BD00BF00000020C6
:1049400000287DD038B590F820300446002B74D074
:104950002268136843F001031360FFF7B7FC0546B4
:1049600004E0FFF7B3FC401B0A285DD823685A68AF
:10497000D107F6D51A6822F002021A60FFF7A6FCEA
:10498000054604E0FFF7A2FC401B0A284CD8236828
:104990005A689207F6D4227E0025012A1A684FF041
:1049A000010C0CBF42F0800222F080021A60627E8D
:1049B0002846012A1A680CBF42F0400222F0400249
:1049C0001A60A27E012A1A680CBF42F0200222F06F
:1049D00020021A60E27E012A1A680CBF22F010023F
:1049E00042F010021A60227F012A1A680CBF42F0BE
:1049F000080222F008021A60627F012A1A680CBFBE
:104A000042F0040222F004021A60D4E902210A43AF
:104A100021690A4361690A43616801390A43DA611D
:104A2000656284F820C038BD0522636A012043F422
:104A30000033636284F8202038BDFCF70FFF87E75E
:104A40000120704790F820200346013A012A05D939
:104A50005A6A012042F480225A6270474FF0010CDA
:104A600003684869D3F8002210B542EA0C02C3F883
:104A70000022D3F81C4200F01F02D1F81CE00CFA0F
:104A800002F224EA020CC3F81CC2BEF1000F41D1AD
:104A9000D3F80CC2CC682CEA020CC3F80CC2B1F8F3
:104AA00004C003EBC0004CEA044CC0F840C28C6860
:104AB000B1F800C04CEA044CC0F844C2886918BB85
:104AC000D3F8040220EA0200C3F804020869A8B976
:104AD000D3F8140220EA0200C3F81402096A01297B
:104AE00004D1D3F81C120A43C3F81C22D3F80022C5
:104AF000002022F00102C3F8002210BDD3F81402F6
:104B00001043C3F81402E9E7D3F804021043C3F8D2
:104B10000402DBE7BEF1010FD0D1D3F80CC20C6860
:104B20004CEA020CC3F80CC2B1F804C003EBC0009D
:104B30004CEA044CC0F840C28C68B1F80CC04CEA96
:104B4000044CC0F844C2B9E738B590F820300446A8
:104B5000012B05D0436A43F400234362012038BD92
:104B60000223026880F82030136823F001031360E9
:104B7000FFF7ACFB054604E0FFF7A8FB431B0A2B3D
:104B800007D823685B6813F00103F5D11846636208
:104B900038BD0522636A43F40033636284F8202041
:104BA000DCE700BF10B590F820C01C460CF1FF3CBC
:104BB0000368BCF1010FD3F808E038D81EF0E05FBD
:104BC0004AD0CEF3016EBEF1030F36D0012000FAB9
:104BD0000EF02060D1E9020CA0B340EA0C00D1F83D
:104BE00004C040EACC000EF1180C4FEA0C1C43F84C
:104BF0000C00086903EB0E1CCCF88401097D012927
:104C000005D1DCF8841141F48071CCF8841151682D
:104C100003EB0E13C3F88C1112680020C3F888212F
:104C2000DCF8803143F00103CCF8803110BD436AD9
:104C300043F480234362012010BD436A43F4000320
:104C40004362F8E708684CEA40500EF1180C4FEA4E
:104C50000C1C43F80C00CCE7436A43F40013436296
:104C6000E9E700BF90F820C00CF1FF3CBCF1010F58
:104C700073D830B5D0F800C051B9DCF80CE01EF0A4
:104C8000030F0AD1436A43F400134362012030BD8D
:104C9000DCF810E01EF0030FF4D00CEB011EDEF880
:104CA000B04104F004049460002C5CD0DEF8B04104
:104CB000E4085460DEF8B0410CEB011C04F002047F
:104CC000D460DEF8B44104F00F041461DEF8B4419E
:104CD000DEF8B4E1DCF8B8514FEA1E4EC4F3072CFD
:104CE000C2F818C0C2F814E01D70026802EB01128D
:104CF000D2F8B821120A5A70026802EB0112D2F8F7
:104D0000B821120C9A70026802EB0112D2F8B82195
:104D1000120EDA70026802EB0112D2F8BC211A718D
:104D2000026802EB0112D2F8BC21120A5A71026821
:104D300002EB0112D2F8BC21120C9A71026802EB4C
:104D40000112D2F8BC21120EDA71036881B9DA6857
:104D500042F02002DA60002030BD436A43F4802331
:104D6000436201207047DEF8B041640D1460A1E792
:104D70001A6942F020021A61EDE700BF90F8202086
:104D80000346013A012A05D95A6A012042F48022D9
:104D90005A6270470268002053690B4353617047A1
:104DA000704700BF704700BF704700BF704700BF2B
:104DB000704700BF704700BF704700BF704700BF1B
:104DC000704700BF704700BF704700BF704700BF0B
:104DD00003682DE9F0435C695F689A68D9681E69C9
:104DE0000546B0469E6983B0B14614F0010625D051
:104DF000D60700F188804FF4005C4FF4804E002607
:104E0000D0050DD54FF480702B689860930500F1A4
:104E1000C180500500F1DF80130540F1F780764630
:104E2000D0030BD54FF480302B689860930300F1CA
:104E3000A480500340F1D18046F40046230701D5F9
:104E4000C8065AD4620701D50B0776D4A00703D54C
:104E50002B68DB68990777D1620602D518F0100F2E
:104E600061D1A30602D518F0080F78D1E00603D56A
:104E70002B681B6999075CD1A20301D5FB0667D497
:104E8000E00301D5390771D4220431D57B072A68A4
:104E90002CD509F0010314F4807F43EA060318BF00
:104EA0001E46A70517D519F0020F14D0600546F06D
:104EB000020604F4006377D519F0040F72D193B998
:104EC000042353606B6A284633436B62FFF77EFF0F
:104ED00003B0BDE8F083610504F4006302D519F066
:104EE000040F5FD113B119F0700362D10423536032
:104EF000002EE7D103B0BDE8F08310222B6846F402
:104F00000076DA609EE701269E6096073BD4530741
:104F100068D4160740F182804FF4405C4FF4A04EF5
:104F20004FF480566CE710222B6846F480661A61B5
:104F300097E72846FFF742FF9EE708222B6828469E
:104F4000DA60FFF739FF81E72846FCF7FFFC83E7CB
:104F500010222B6828465A60FFF734FF90E708229A
:104F60002B6828461A61FFF72BFF7FE708222B6882
:104F700028465A60FFF728FF86E728460091FFF78A
:104F800013FF00995AE7CDE90021FFF709FFDDE99A
:104F9000002130E72846CDE90021FFF703FFDDE9D6
:104FA00000213DE746F00406002B89D019F070037C
:104FB00086D0402B44D01CD8202B5CD0302B51D035
:104FC000102B38D10421936946F0080623F07003B2
:104FD0009361516076E7664622E7120325D546F4D1
:104FE00080362BE74FF4205C4FF4904E4FF4006670
:104FF00006E7502B2DD0602B1DD10421936946F478
:10500000807623F07003936151605BE72846CDE919
:105010000021FFF7CDFEDDE9002101E7CDE9002108
:10502000FFF7C4FEDDE90021E5E628460091FFF721
:10503000C1FE009902E7936923F07003936155E77D
:105040000421936946F0400623F070039361516098
:1050500038E70421936946F0800623F070039361DA
:1050600051602FE70421936946F0200623F0700376
:105070009361516026E70421936946F0100623F0FE
:105080007003936151601DE74FF6FF0C0649030260
:10509000CA6803F4E06302EA0C02134343F0BF63FF
:1050A00043F40033CB60704700ED00E0164B00B5D1
:1050B000DB68C3F30223A3F1030CBCF1040F19D87E
:1050C0004FF0FF3EC3F107030EFA03F3DB430EFA82
:1050D0000CFE22EA0E02194001FA0CF111430028DD
:1050E0004FEA01110ADB00F1604000F5614080F8F1
:1050F000001300BD00220F239446ECE7034B00F0A1
:105100000F00C318197600BD00ED00E0FCEC00E0D4
:10511000002807DB012300F01F01034A40098B40F0
:1051200042F82030704700BF00E100E0BFF34F8F2E
:105130000549064BCA6802F4E0621343CB60BFF333
:105140004F8F00BFFDE700BF00ED00E00400FA054F
:105150000138B0F1807F01D3012070474FF0E02388
:1051600000224FF0F00C07215861034880F823C05B
:105170009A6110461961704700ED00E038B30346AC
:1051800005C810B54FF4807E4FF0000C9968DC68BC
:105190000A4310492243104C4118A4FB014109095C
:1051A000890019641969DC690A4359690A439969D4
:1051B0000A43016822436FF30D110A430749D9637B
:1051C0000260A3F820E06046C3F838C010BD01209B
:1051D000704700BFF8FFFDBFCDCCCCCC0000024033
:1051E00090F820C0BCF1010F40D010B596461A4689
:1051F000012390F821C080F820309C4504D0002382
:1052000080F82030022010BD022380F821300023D6
:10521000046C836303680CFA04F4D3F800C02CF028
:10522000010CC3F800C0D0F83CC0CCF804405A6070
:105230004268102AC26A0BBFC3F808E09960D960BF
:10524000C3F80CE04AB11A6842F00E021A601A68FC
:10525000002042F001021A6010BD1A6822F0040218
:105260001A601A6842F00A021A60F0E702207047DA
:1052700090F821200346022A06D004229A630022D5
:10528000012083F8202070474FF0010C1A6800209D
:10529000116821F00E011160116821F00101116007
:1052A000D3E90F120CFA02F24A60002283F821C0FF
:1052B00083F82020704700BF08B590F821200346EE
:1052C000022A03D0042201209A6308BD02681C4808
:1052D0001168824221F00E011160116821F0010174
:1052E000116021D017498A421CD014318A421DD046
:1052F00014318A421DD014318A421DD014318A42A1
:1053000014BF4FF080724FF480124FF48070DFF8BA
:1053100038C0596BCCF80420188409B11846884766
:10532000002008BD1022F0E70122EEE74FF4807262
:10533000EBE74FF48052E8E74FF48032E5E700BF37
:10534000080002401C00024000000240042210B588
:10535000C46B016CD4F800C003688A4012EA0C0FD9
:10536000D3F800E020D01EF0040F1DD01A6891067B
:1053700003D41A6822F004021A60414A93425FD0B3
:105380001432934265D0143293426CD0143293425B
:105390006FD01432934261D01432934214BF4FF055
:1053A00080624FF480024CE002228A4012EA0C0F25
:1053B00023D01EF0020F20D01A68920606D40121D5
:1053C0001A6822F00A021A6080F821102C4A9342CF
:1053D0002DD01432934244D01432934246D014322A
:1053E000934238D01432934246D01432934214BFC1
:1053F0004FF000724FF400121AE008228A4012EABD
:105400000C0F1CD01EF0080F19D01A684FF4807CC6
:1054100022F00E021A600123026B03FA01F16160AF
:105420008363A0F820C052B1BDE8104010470222AB
:105430000021144C836A626080F8201033B910BDDB
:1054400004221049C36A4A60002BF8D0BDE810401E
:1054500018474022F5E74FF40052E9E74FF4802265
:10546000EFE72022E4E74FF48062EAE74FF40072AE
:10547000DEE74FF48042E4E74FF40032D8E700BFA4
:1054800008000240000002402DE9F04FDFF8BC9117
:1054900083B099F81840012C00F0CA809A46012385
:1054A00088469346064689F81830FEF70FFF4CF2FF
:1054B00050350746664C04E0FEF708FFC01BA842C3
:1054C0005DD8E368DA07F7D4E3689B0644BF20237E
:1054D000E3605F4BDA68D70658D4DA69D50755D44C
:1054E000DF6817F0040751D1012E03D0022E14BF3C
:1054F0000426022608EB46034CF25036544C019326
:10550000C7F120010AFA01F12BFA07F30B4300213E
:10551000A7F12002C9F81C102AFA02F213432269EB
:1055200042F001022261A8F80030FEF7CFFE0546E6
:1055300004E0FEF7CBFE401BB0421CD8E368D9075D
:10554000F7D4E3689A0644BF2023E360E368DB06F0
:105550003ED4E369DD073BD4E06810F0040037D1A6
:10556000236908F1020823F001032361019B10372E
:105570009845C5D104E0236923F00103236103208A
:10558000002389F8183003B0BDE8F08F304BDB689A
:1055900013F0100350D104212D4AD268540706D5C8
:1055A0000B46D9F81C2042F00102C9F81C20284AF9
:1055B000D169C80709D5D9F81C1041F00401C9F810
:1055C0001C10D16921F00101D161214AD3602BE087
:1055D0001F4BDA6812F0100228D014211022D9F8DB
:1055E0001C3043F00203C9F81C30194BDB68580724
:1055F00006D50A46D9F81C3043F00103C9F81C301F
:10560000134BD969C90709D5D9F81C1041F0040119
:10561000C9F81C10D96921F00101D9610C4BDA607D
:105620001A6922F001021A610120A9E70421DCE7CE
:10563000022003B0BDE8F08FD9F81C20142142F0FD
:1056400002021023C9F81C20A6E700BFE00C0020CE
:1056500000200240064B186910F0800006D0054972
:10566000054A59605A601869C0F3C010704700BFFE
:105670000020024023016745AB89EFCD034A00209B
:10568000136943F080031361704700BF002002409C
:1056900010B5044682B0FEF719FE621C10D0002C33
:1056A0004FD00146294AD368DB070DD50191FEF79B
:1056B0000DFE0199254A401A8442F4D2032014E0D9
:1056C000224AD368DC07FCD4204BDA68910644BF39
:1056D0002022DA601D4BDA68D20608D4DA69D407D2
:1056E00005D4D86810F0040001D102B010BD174BEA
:1056F000DB6813F010031CD10421144AD268500750
:1057000005D50B461249CA6942F00102CA610F4A27
:10571000D169C90708D50E48C16941F00401C161CA
:10572000D16921F00101D1610120084AD36002B0A2
:1057300010BD07481421C269102342F00202C26161
:10574000DBE7024BDB68D807B8D4BDE70020024096
:10575000E00C00202DE9F8432C4E337E012B52D073
:105760000123337603688046022B89464CF2503081
:105770002ED0FFF78DFF074668BB4FF0FF33C9F807
:105780000030D8E9025305EB83239D4223D2204CFD
:1057900007E005F58065D8E9023203EB8223AB42CE
:1057A0001AD9F76123694CF2503043F002032361A8
:1057B0006561236943F040032361FFF769FF2369B3
:1057C00023F0020323610028E3D0C9F8005003E06E
:1057D000FFF75EFF20B1012000233376BDE8F88398
:1057E0000B4CF06123694CF2503043F00403236109
:1057F000236943F040032361FFF74AFF236923F045
:1058000004032361E8E70220BDE8F883E00C0020F0
:10581000002002402DE9F04F0C6883B0002C00F00E
:10582000B980B94B984200F0E380002201250F2790
:1058300092461346DFF8D48206E0013334FA03F6C9
:1058400002F1040200F0A68005FA03F636EA040E1F
:1058500006EA040CF1D14C68122C00F2AF80122C35
:1058600016D8DFE814F0BE001300A700A40115004D
:105870001500150015001500150015001500150080
:105880001500150015001500A3009F00D1F80CA00D
:10589000BCF1FF0F99BF8646164600F1040EA2F137
:1058A0002006DEF8004007FA06F924EA09040AFA9D
:1058B00006F63443CEF800404C68E60070D5D8F8C0
:1058C000186003F0030946F00106C8F81860D8F81C
:1058D00018604FEA890906F001060196019E23F03F
:1058E000030606F1804606F58036D6F808E007FA8A
:1058F00009FB2EEA0B0EDFF818B2584500F037818D
:10590000DFF810B2584500F04481DFF80CB258457A
:105910000CBF4FF0030B4FF0040B0BFA09F949EAE7
:105920000E0EC6F808E0DFF8F4E114F4803FDEF86C
:10593000006014BF46EA0C0626EA0C06CEF80060AA
:10594000DFF8D8E114F4003FDEF8046014BF46EA43
:105950000C0626EA0C06CEF80460DFF8C0E114F469
:10596000801FDEF8086014BF46EA0C0626EA0C0623
:10597000CEF80860694E14F4001FF4680DD044EAB4
:105980000C04F4600C68013334FA03F602F10402EB
:105990007FF45AAF03B0BDE8F08F24EA0C04F46042
:1059A0000C684AE7CC6804F10C0A71E7CC6804F192
:1059B000040A6DE7CC6804F1080A69E7DFF860E1E2
:1059C00074450ED000F2DA80AEF5801E744508D022
:1059D0000EF5702E744504D0AEF5801E74457FF42C
:1059E00057AF8C68002C40F0DB804FF0040A4FE783
:1059F0004FF000096FF01F054FF0010C4FF00F083A
:105A00004B46DFF808E1474F05E0013334FA03F273
:105A100005F10405BED00CFA03F232EA040A04EAE6
:105A20000206F2D14C68122C00F2C480122C16D857
:105A3000DFE814F0D2001300DF00F40015001500B9
:105A400015001500150015001500150015001500AE
:105A5000150015001500E300DB00D1F80C90FF2EB7
:105A600062D9AA463C46226808FA0AFB22EA0B02DF
:105A700009FA0AFA42EA0A0222604A68D40057D5B3
:105A8000DEF8184003F0030A44F00104CEF8184091
:105A9000DEF818404FEA8A0A04F001040194019CE0
:105AA00023F0030404F1804404F58034D4F808B0F2
:105AB00008FA0AFA2BEA0A0AC4F808A0D40339D56E
:105AC000DFF858A0DAF800403443CAF800409403E5
:105AD0003AD5DFF848A0DAF804403443CAF8044065
:105AE000D4023BD5DFF834A0DAF808403443CAF8D2
:105AF00008400A4C12F4001FE2680CBFB243324364
:105B0000E2600C6881E700BF00080140001002401D
:105B1000000C01400010014000140140000401404D
:105B2000000022100408014004464FEA830A9AE765
:105B30000C686AE7DFF8F0A0DAF8004024EA06040F
:105B4000CAF800409403C4D4DFF8DCA0DAF80440BB
:105B500024EA0604CAF80440D402C3D4DFF8C8A07B
:105B6000DAF8084024EA0604CAF80840C1E74FF012
:105B7000010B0BFA09F949EA0E0ED2E6DFF8ACE0A8
:105B800074453FF42EAF0EF5803E74457FF480AE31
:105B900027E74FF0020B0BFA09F949EA0E0EC0E6AF
:105BA000012C4FF0080A0CBF0661466170E64FF009
:105BB000000A6DE6DFF878A054450DD021D8AAF58B
:105BC000801A544508D00AF5702A544504D0AAF525
:105BD000801A54457FF443AF8C68E4B1012C154C16
:105BE0001FD062614FF0080939E7CA6802F10C0959
:105BF00035E7CA6802F1080931E7CA6802F1040909
:105C00002DE7DFF828A05445E6D00AF5803A544540
:105C10007FF425AFE0E74FF0040920E74FF00009DB
:105C20001DE72261DEE700BF0004014000003110E3
:105C300000002210000801408368194214BF0120AF
:105C40000020704702B9090401617047002800F084
:105C5000BA8170B503680446DA0782B035D59C492D
:105C60004A6802F00C02042A00F0EF804A6802F051
:105C70000C02082A00F0E5806368B3F5803F10D07D
:105C8000002B00F00D81B3F5A02F00F08781904B21
:105C90001A6822F480321A601A6822F480221A608C
:105CA00004E08B4A136843F480331360FEF70EFB65
:105CB000054605E0FEF70AFB401B642800F2ED8074
:105CC000834B1B689803F5D523689A0729D5804A2A
:105CD000516811F00C0F00F08E80516801F00C013A
:105CE000082900F084802369002B00F01C81012228
:105CF000784B1A60FEF7EAFA054605E0FEF7E6FA89
:105D0000401B022800F2C980714B1B689807F5D52B
:105D10006F4962690B6823F0F80343EAC2030B6022
:105D200023681A071FD45D0742D5694BDA69D00092
:105D30007CD50026684B1B68D90540F19C80E36840
:105D4000012B00F00181002B00F0CC80052B604B73
:105D50001A6A00F0308122F001021A621A6A22F0F7
:105D600004021A62F5E0A369002B4ED00122594BC0
:105D7000C3F88024FEF7AAFA054605E0FEF7A6FA66
:105D8000401B022800F28980514B5B6A9B07F5D5C6
:105D9000524B534A1B68A2FB03235B0A019300BFCB
:105DA000019B5A1E0192002BF9D123685D07BCD4D8
:105DB000E369CBB1464A526802F00C02082A00F0AF
:105DC000DB800022022B434B1A6600F0FE80FEF7B8
:105DD0007DFA044604E0FEF779FA001B02285CD83D
:105DE0003B4B1B689B01F6D4002002B070BD52688B
:105DF000D6033FF578AF364A126895072FD522694A
:105E0000012A2CD0012002B070BD324AC2F8803481
:105E1000FEF75CFA054604E0FEF758FA401B02283C
:105E20003BD82B4B5B6A9E07F6D4BEE7DA690126A6
:105E300042F08052DA61DB6903F080530093009BEB
:105E400078E74A68D6037FF517AF214A12689503B1
:105E50007FF53BAF6268002A7FF437AFD2E71C4979
:105E600060690A6822F0F80242EAC0020A601A0772
:105E70007FF559AF77E7184A136843F480731360CE
:105E8000FEF724FA0546144B1B68DA053FF557AFB9
:105E9000FEF71CFA401B6428F5D9032002B070BD40
:105EA0000B4A136823F480331360136823F48023B0
:105EB0001360FEF70BFA054604E0FEF707FA401BF5
:105EC0006428EAD8024B1B689903F6D4FCE600BFAD
:105ED000001002400000424200700040000000201C
:105EE000D34D6210524A136A23F001031362136AFE
:105EF00023F004031362FEF7E9F9054606E0FEF716
:105F0000E5F941F28833401B9842C6D8484B1B6ADA
:105F10009807F4D4002E3FF44BAF454AD36923F0E1
:105F20008053D36144E7434A1360FEF7CFF9054637
:105F300004E0FEF7CBF9401B0228AED83C4B1B68AF
:105F40009907F6D42368ECE6394A136A43F0010353
:105F50001362FEF7BBF9054606E0FEF7B7F941F21A
:105F60008833401B984298D8314B1B6A9B07F4D565
:105F7000002E3FF41DAFD0E7012B3FF443AF2C4B75
:105F8000226A5B6803F4803191427FF43BAF606A20
:105F900003F47013181A18BF012026E703F1804399
:105FA000A3F53C331A6842F480221A601A6842F45E
:105FB00080321A607AE642F004021A621A6A42F0EB
:105FC00001021A62C5E701207047FEF77FF9054616
:105FD00005E0FEF77BF9401B02283FF65EAF144B4D
:105FE0001B689901F5D4236AB3F5803F06D11048A8
:105FF000A168426822F400320A4342600120616ACB
:106000000B4C0B4362680B4922F474121343636018
:106010000866FEF75BF9044605E0FEF757F9001B3A
:1060200002283FF63AAF024B1B689A01F5D5DBE632
:10603000001002400000424278B15F4A136803F04A
:1060400007038B420BD2136823F007030B43136043
:10605000136803F007038B4201D0012070472DE93C
:10606000F041036886B09D0714D55C0704D5534CF6
:10607000626842F4E06262601A0704D54F4C6268BD
:1060800042F4605262604D4C8568626822F0F00212
:106090002A436260DB078846074620D54268474BA3
:1060A000012A1B687CD0022A77D09C0728D5434C54
:1060B00041F28835636823F0030313436360FEF7FE
:1060C00005F9064604E0FEF701F9801BA8426CD8EA
:1060D00063687A6803F00C03B3EB820FF3D1364A9E
:1060E000136803F0070343450ED9136823F0070331
:1060F00043EA08031360136803F00703434503D022
:10610000012006B0BDE8F0813B68580706D52B4951
:10611000F8684A6822F4E06202434A60190731D401
:1061200040F20124264B06AD0FCB05E90F002349B1
:10613000ADF804404A6802F00C03042B33D0082B5E
:1061400029D1C2F383436B44D2031B7A2FD54A680B
:106150001C49C2F3404201FB03F36A441279B3FBCA
:10616000F2F3164A184852681849C2F30312805CC9
:10617000174AC34008681360FEF762F8002006B0B3
:10618000BDE8F0810D4A3969536823F4605343EA4E
:10619000C1035360C4E70F4BE3E79D0187D4AFE72A
:1061A0009E0384D4ACE7074BDBE70320A9E70A4A48
:1061B00002FB03F3D5E700BF0020024000100240BD
:1061C00024040108001BB700A8FB000808000020F9
:1061D0000000002000127A0000093D00044B054A2F
:1061E0005B680549C3F30223CB5C1068D840704755
:1061F0000010024000000020A0FB0008044B054AEC
:106200005B680549C3F3C223CB5C1068D840704774
:106210000010024000000020A0FB0008F0B5036859
:106220000446D80783B02DD5384BDA69D1003FD565
:10623000374D00272B68DA0548D5344D61682B6A45
:1062400013F4407312D001F440729A420ED0002031
:106250004FF0010C2B6A2F4A23F44071C2F840C45E
:10626000C2F84004D807296242D46168274A136AF9
:1062700023F440730B4313621FB1D36923F080539F
:10628000D36123689A0706D52049A0684A6822F49A
:10629000404202434A60DB0602D4002003B0F0BD56
:1062A0001A4AE168536823F480030B435360F4E710
:1062B000DA69174D42F08052DA61DB69012703F099
:1062C00080530193019B2B68DA05B6D42B6843F405
:1062D00080732B60FDF7FAFF06462B68DB05ACD414
:1062E000FDF7F4FF801B6428F7D9032003B0F0BD4D
:1062F000FDF7ECFF06462B6A9907B6D4FDF7E6FFDB
:1063000041F28833801B9842F5D9EEE70010024035
:10631000007000400000424200B5334B87B0844615
:106320000FCB0DF1180E0EE90F0040F20123BCF166
:10633000020FADF8043028D0BCF1100F05D0BCF12D
:10634000010F2ED0002007B000BD284B5A681868F6
:1063500010F08070F7D0C2F383416944D203087A09
:106360003ED55B68224AC3F340436B441B79B2FBC2
:10637000F3F303FB00F01D4B5B685B02E3D41D4BA2
:106380004000A3FB00304008DDE7FFF737FF174B65
:106390005B68C3F3813301335B00B0FBF3F007B0FC
:1063A00000BD124A106A00F44073B3F5807F0BD031
:1063B000B3F5007F0CD0B3F5407FC3D1106810F463
:1063C0000030C0D00C48BEE7C0F34000C003BAE7BD
:1063D000536A49F6404013F0020F08BF0020B2E7AD
:1063E000064B03FB00F0C6E724040108001002403E
:1063F000001BB700ABAAAAAA366E010000093D0037
:10640000F0B585B09D1816460C460746FDF75EFFB1
:106410002D1AFDF75BFF284B01361B68C3F3CB3306
:1064200005FB03F3039315D002463B689B6834EAEF
:10643000030314D10192FDF749FF019A801AA84283
:1064400010D20399039B002903F1FF3308BF0025F5
:106450000393EAE73A68936834EA0303FBD0002029
:1064600005B0F0BDD7E900315A68B1F5827F22F05E
:10647000E0025A6013D0BA6AB2F5005F07D11A6819
:1064800022F400521A601A6842F400521A60012283
:106490000023032087F8512087F85030E0E7BA68DE
:1064A000B2F5004F02D0B2F5806FE4D11A6822F045
:1064B00040021A60DFE700BF00000020002862D021
:1064C00030B5426A034683B0002A4BD00022C0E9AF
:1064D0000422002193F85120996202F0FF0C002A57
:1064E00046D00D46D3E9012102204FF0000E01F401
:1064F000044102F482720A43D96883F85100186992
:1065000001F400610A4300F00200024358699C69EB
:1065100000F001000243D86904F4007400F0380C64
:10652000186A2243196800F0800042EA0C02024314
:106530009869D1F800C0000C2A4300F004002CF048
:10654000400CC1F800C00A604860CA69704622F475
:106550000062CA614FF00102C3F854E083F8512091
:1065600003B030BD4168B1F5827FB2D0C261B0E7FF
:10657000184683F850C00193FBF75EFB019B9A6AB3
:1065800002F40055AEE70120704700BFF0B50446A5
:1065900090F8500085B0012800F08E801646012248
:1065A00084F850200D460193FDF790FE074694F8BD
:1065B000510062680128019BC1B210D0B2F5827F00
:1065C00008D002200122002384F8512084F85030A2
:1065D00005B0F0BDA0680028F3D10429F1D1002D49
:1065E00072D0002E70D0002B6ED094F8511020681D
:1065F00004291CBF052184F8511000216165E3873F
:10660000E386C4E910110168A6634906A3872563E0
:10661000A38603D4016841F040010160E168B1F54F
:10662000006F00F08680002A7AD0012B78D00A9B78
:106630000125013326D049E02268936899070ED5D9
:10664000E38E9BB25BB155B10025236B1B781373AE
:10665000E18E236B013901332268E186236393685D
:1066600013F001030CD0E18F89B249B1D2681D4605
:10667000A36B1A70A26BE38F0132013BA263E38725
:10668000FDF724FEE38E9BB2002BD5D1E38F9BB2A6
:10669000002BD1D13B46802120460A9AFFF7B0FE5D
:1066A00068B9A368002B8DD123680390DA68039240
:1066B0009B680393039B85E7022005B0F0BD202271
:1066C000636D13436365626501207BE7E38E9BB2D4
:1066D0001BB9E38F9BB2002BDCD0226893689B0729
:1066E0000ED5E38E9BB25BB155B10025236B1B78B1
:1066F0001373226BE38E0132013B22632268E3862F
:10670000936813F0010303D0E18F89B200297ED191
:10671000FDF7DCFD0A9BC01B9842D7D3032051E74D
:106720002B780373226BE38E0132013B2263E386F5
:106730007DE7002A38D1294631F8023BC360E38E59
:106740002163013BE3860A9B0125013323D02EE020
:10675000226893689E070CD5E38E9BB24BB13DB186
:10676000216B31F8023BD360E38E2163013BE3866A
:106770000025936813F001030BD0E18F89B241B17A
:106780001D46D368A26B22F8023BE38FA263013B54
:10679000E387FDF79BFDE38E9BB2002BD8D1E38FFF
:1067A0009BB2002BD4D175E7012BCCD1C3E7E38E8C
:1067B0009BB223B9E38F9BB2002B3FF46BAF2268EF
:1067C000936898070CD5E38E9BB24BB13DB1216B1A
:1067D00031F8023BD360E38E2163013BE386002561
:1067E000936813F001030BD0E18F89B241B11D46CC
:1067F000D368A26B22F8023BE38FA263013BE387DD
:10680000FDF764FD0A9BC01B9842D0D386E7D2688F
:106810001D46A36B1A70A26BE38F0132013BA2638A
:10682000E38775E7002865D030B590F83D20034632
:1068300083B002F0FF01002A55D0D3E900100222F4
:10684000DFF8B4C0DC6883F83D2061452546D3F805
:1068500018E00A6829D0B1F1804F26D0274CA14218
:1068600038D004F58064A14234D022F0800242EA9C
:106870000E020A60CD628862012200204A6183F81C
:10688000462083F83E2083F83F2083F8402083F899
:10689000412083F8422083F8432083F8442083F882
:1068A000452083F83D2003B030BD9C6822F0700283
:1068B00022431C6922F44072224322F0800242EA01
:1068C0000E020A600C4ACD6291428862D4D15A69A4
:1068D0000A63D1E79C6822F0700222431C6922F40B
:1068E00040722243C1E780F83C100190FBF728FC7E
:1068F000019BA2E701207047002C014000040040EA
:1069000090F83D30012B1FD10222036880F83D2012
:10691000DA680E4942F001028B42DA6009D0B3F125
:10692000804F06D00A4A934203D002F58062934218
:1069300004D19A6802F00702062A03D01A6842F0CE
:1069400001021A600020704701207047002C0140AE
:1069500000040040002865D030B590F83D20034683
:1069600083B002F0FF01002A55D0D3E900100222C3
:10697000DFF8B4C0DC6883F83D2061452546D3F8D4
:1069800018E00A6829D0B1F1804F26D0274CA142E7
:1069900038D004F58064A14234D022F0800242EA6B
:1069A0000E020A60CD628862012200204A6183F8EB
:1069B000462083F83E2083F83F2083F8402083F868
:1069C000412083F8422083F8432083F8442083F851
:1069D000452083F83D2003B030BD9C6822F0700252
:1069E00022431C6922F44072224322F0800242EAD0
:1069F0000E020A600C4ACD6291428862D4D15A6973
:106A00000A63D1E79C6822F0700222431C6922F4D9
:106A100040722243C1E780F83C100190FBF7F8FB7D
:106A2000019BA2E701207047002C014000040040B8
:106A300059BB90F83E30012B33D1022380F83E3011
:106A40000122036801F01F01186A8A4020EA02004F
:106A50001862196ADFF878C00A4363451A622AD0BF
:106A6000B3F1804F06D01B4A934203D002F58062F7
:106A7000934204D19A6802F00702062A03D01A68EA
:106A800042F001021A600020704704290BD0082947
:106A900016D090F84130012B03D1022380F8413009
:106AA000CEE70120704790F83F30012BF9D1022347
:106AB00080F83F30C4E75A6C42F400425A64D9E788
:106AC00090F84030012BECD1022380F84030B7E73A
:106AD000002C014000040040704700BF002865D032
:106AE00030B590F83D20034683B002F0FF01002A44
:106AF00055D0D3E900100222DFF8B4C0DC6883F877
:106B00003D2061452546D3F818E00A6829D0B1F147
:106B1000804F26D0274CA14238D004F58064A14292
:106B200034D022F0800242EA0E020A60CD6288620E
:106B3000012200204A6183F8462083F83E2083F832
:106B40003F2083F8402083F8412083F8422083F8D7
:106B5000432083F8442083F8452083F83D2003B088
:106B600030BD9C6822F0700222431C6922F44072FE
:106B7000224322F0800242EA0E020A600C4ACD62F1
:106B800091428862D4D15A690A63D1E79C6822F0A5
:106B9000700222431C6922F440722243C1E780F84C
:106BA0003C100190FFF798FF019BA2E7012070477E
:106BB000002C01400004004090F83C30012B00F014
:106BC000A78070B5D1E900C42646CC680368254685
:106BD000D1F808E032B3042A55D0082A76D0196AD1
:106BE0004FEA0C3221F480511962D969D3F820C0E0
:106BF00021F4407141EA062164F30F31D96102F4B6
:106C000000522CF400510A431A62DA6922F44062FD
:106C1000DA61DA6942EA0E22DA61002380F83C3058
:106C2000184670BD1A6A3C4C22F001021A62A34257
:106C30009A69196A0DD0B3F1804F0AD0A4F5943443
:106C4000A34206D004F58064A34202D042F00102C0
:106C500002E022F00302324365F307129A610CF05E
:106C60000A0C21F00A024CEA02021A629A6922F026
:106C70000C029A619A6942EA0E029A61002380F836
:106C80003C30184670BD1A6A4FEA0C1C22F0100204
:106C90001A629A69196A22F4407242EA062264F37F
:106CA0000F329A610CF0A00C21F0A0024CEA020213
:106CB0001A629A6922F440629A619A6942EA0E2243
:106CC0009A61002380F83C30184670BD1A6A4FEA7A
:106CD0000C2C22F480721A62DA69196A22F003021B
:106CE000324364F30712DA610CF4007C21F4007281
:106CF0004CEA02021A62DA6922F00C02DA61DA69FD
:106D000042EA0E02DA61002380F83C30184670BD7A
:106D100002221046704700BF002C0140034690F845
:106D20003C00012800F0D98030B50C2A36D8DFE8C5
:106D300002F0073535356E353535A13535353A0034
:106D40001A680C68106A20F001001062106AD2F80C
:106D500004E0D2F818C020F002002CF0730C4CEACA
:106D6000040C8C682043774CA24200F0B880C2F833
:106D700004E0D1F804E0C2F818C0D1F810C0C2F89D
:106D800034E01062916941F008019161916921F04C
:106D900004019161916941EA0C019161002283F83B
:106DA0003C20104630BD1A680C68106A20F48050F0
:106DB0001062106AD2F804E0D2F81CC020F400502F
:106DC0002CF4E64C4CEA042C8C6840EA04305D4C10
:106DD000A24200F0A180C2F804E0D1F804E0C2F8B9
:106DE0001CC0D1F810C0C2F840E01062D16941F473
:106DF0000061D161D16921F48061D161D16941EA39
:106E00000C21D161002283F83C20104630BD1A6865
:106E10000C68106A20F010001062106AD2F804E0CA
:106E2000D2F818C020F020002CF4E64C4CEA042CD8
:106E30008C6840EA0410434CA2425ED0C2F804E0E1
:106E4000D1F804E0C2F818C0D1F810C0C2F838E098
:106E50001062916941F400619161916921F480614E
:106E60009161916941EA0C219161002283F83C20F3
:106E7000104630BD1A680C68106A20F480701062E9
:106E8000106AD2F804E0D2F81CC020F400702CF094
:106E9000730C4CEA040C8C6840EA0420294CA24292
:106EA00040D0C2F804E0D1F804E0C2F81CC0D1F828
:106EB00010C0C2F83CE01062D16941F00801D16114
:106EC000D16921F00401D161D16941EA0C01D1619C
:106ED000002283F83C20104630BD02207047CC6869
:106EE00020F0080020432EF4407ED1E905452C43D4
:106EF00020F0040044EA0E0E39E7CC6820F0800050
:106F000040EA04102EF4406ED1E905452C4320F0F0
:106F100040004EEA840E91E74C692EF4804E4EEA12
:106F2000841E58E7CC6820F4006040EA04202EF468
:106F3000405ED1E905452C4320F480604EEA041EF2
:106F4000AFE700BF002C014090F83C20012A00F080
:106F5000A780034602201A6810B583F83D009068A8
:106F6000D1F800C020F47F4020F07700BCF1600F22
:106F7000906061D01FD8BCF1400F78D03AD9BCF1F5
:106F8000500F2FD14868D1F80CC0116A21F00A01C6
:106F90000843116A21F001011162916921F0F001A9
:106FA00041EA0C1191611062916821F0700141F089
:106FB0005701916016E0BCF1700F2BD0BCF5005F5B
:106FC00010D188684C68D2F808C0C968204340EAEC
:106FD00001202CF47F4C40EA0C009060916841F451
:106FE000804191600022012183F83C2083F83D100C
:106FF000104610BDBCF1200F03D053D83CF0100157
:10700000F0D1916821F0700141EA0C0141F00701D3
:107010009160E7E788684C68D2F808C0C9682043E7
:1070200040EA01202CF47F4C40EA0C00906091680B
:1070300041F077019160D5E7D1F804C0D1F80CE0B8
:10704000116A21F0100111629069116A20F47040F8
:1070500021F0A00141EA0C1140EA0E30906111626A
:10706000916821F0700141F067019160BAE74868CA
:10707000D1F80CC0116A21F00A010843116A21F00D
:1070800001011162916921F0F00141EA0C11916155
:107090001062916821F0700141F047019160A1E711
:1070A00002207047BCF1300FABD09BE790F83C302A
:1070B000012B48D00223026810B580F83D30936858
:1070C0008446486823F07003D1F800E0034323F0BE
:1070D000070343EA0E03602893604FD025D8402869
:1070E00033D0502810D18B680869116A21F00A0149
:1070F0001943136A23F001031362936923F0F00329
:1071000043EA00139361116200214FF0010ED3682E
:10711000084623F04003D360D36823F48043D36050
:107120008CF83DE08CF83C1010BD7028ECD1CB6899
:107130008C6890680969234320F47F4043EA012367
:1071400003439360E0E702207047BEF1050F0DD0C6
:10715000106A136A096923F001031362936923F02B
:10716000F00343EA011393611062CDE7012300228B
:107170008CF83D308CF83C20184610BD136A8868A6
:1071800023F01003D1F810E013629169136A21F41F
:10719000704123F0A00341EA0E3143EA00139161EC
:1071A0001362B1E790F83C20012A29D0034602205F
:1071B0001A6810B583F83D0050680C68DFF844E0A9
:1071C00020F0700020437245D2F808C0506009D00A
:1071D000B2F1804F06D00C48824203D000F58060A7
:1071E000824205D149682CF0800C4CEA0101916083
:1071F0000022012183F83C2083F83D10104610BD89
:1072000002207047002C014000040040002867D095
:1072100038B590F83D30044603F0FF02002B57D0FC
:10722000D4E9022E2421236884F83D10D96820690E
:1072300021F40051D4F818C002436069D96019697B
:10724000024321F4405141EA0E011961D9682548F1
:1072500021F4B05121F00C010A43DA605A698342EB
:1072600022F4407242EA0C025A6136D0FEF7B6FFB1
:10727000626800EB8003920003EB8303B3FBF2F33D
:1072800019484FF0000EA0FB035264254FF0200C6C
:10729000520905FB12331B013233A0FB03032168A3
:1072A000120102EB53128A600B69704623F490437B
:1072B0000B614B6923F02A034B61CB6843F4005305
:1072C000CB60C4F840E084F83DC084F83EC038BDCF
:1072D00080F83C20FAF7E2FFA2E7FEF78FFFC7E74E
:1072E00001207047003801401F85EB512DE9F04126
:1072F000174690F83D20202A74D10D46002941D030
:10730000002F3FD090F83C200446012A6AD0212269
:1073100001211E46002380F83C10036480F83D20C4
:10732000FCF7D4FFA2688046B2F5805FA784E784AB
:107330005BD000270023E28C84F83C3092B22368B3
:10734000002A58D0711C32D0FEB11A6810061FD422
:10735000FCF7BCFFA0EB080086422368F5D2DA6890
:10736000202122F4D072DA605A69032022F001024F
:107370005A61002384F83D1084F83C3084F83E10B4
:10738000BDE8F0810120BDE8F0811A681106E6D55C
:10739000A5B12A7801355A60E28C013AE284E28C88
:1073A00092B242B3721CCFD11A681006F1D41A6897
:1073B0001206EDD41A681206F9D5E9E73A880237C1
:1073C000C2F308025A60E28C013AE284E28C92B283
:1073D0008AB1711CB8D11A681206EFD41A68120665
:1073E000E8D5D5E70220BDE8F0812269002AA0D1C6
:1073F0002F4615469EE7751C0BD09EB11B6859069B
:107400000AD4FCF763FFA0EB080296422368F5D28A
:10741000A5E71A685006FCD5202384F83D300020EB
:10742000BDE8F0811A68520699D5F5E72DE9F041DB
:107430000D4690F83E1082B0202975D1002D46D01F
:10744000002A44D090F83C10044601296CD0012059
:1074500022211E46002384F83C00236484F83E1059
:1074600023630192FCF732FF019A8046A285E285F0
:10747000A268B2F5805F5BD00027002384F83C301F
:10748000E38D9BB2002B3CD0731C24D0002E55D032
:1074900023681A68910622D4FCF718FFA0EB0800B5
:1074A0008642F5D22368202100250320DA6822F4E1
:1074B000D072DA605A6922F001025A6184F83D10F4
:1074C00084F83C5084F83E1002B0BDE8F081012001
:1074D00002B0BDE8F08123681A689006FCD5DDB1E2
:1074E000A268B2F5805F02D092B9226982B95B6866
:1074F00005F8013BE28D013AE285E28D92B2002A65
:10750000C2D12023002084F83E3002B0BDE8F081D3
:107510005B6803F07F03EBE73A465B68C3F308035D
:1075200022F8023B1746E5E7022002B0BDE8F081F1
:107530002269002AA0D12F4615469EE723681A68C3
:107540009206B0D5CBE700BF90F83E30202B44D157
:10755000002940D0002A3ED030B590F83C30044697
:10756000012B83B03BD0134600254FF0010E4FF0A6
:10757000220C81628385806B84F83CE0AE462563F3
:107580002564184D84F83EC00A4621688562164D70
:107590000431C562154DC0F834E005637546FDF74A
:1075A0001FFE4FF000012846236801951A680192DA
:1075B0005A6884F83C100192019ADA6842F48072A9
:1075C000DA605A6942F001025A615A6942F0400297
:1075D0005A6103B030BD012070470220704702207D
:1075E00003B030BD497700082D7700089D7600086C
:1075F000034600B5026883B0506993F83D10212915
:1076000007D0506993F83E1022291BD0002003B008
:1076100000BD0006F5D55169586B21F0800151611C
:1076200020B10193FDF724FE019B1A682020D16848
:1076300021F0C001D16083F83D00506993F83E10FD
:107640002229E3D14106E1D55169986B21F040012F
:10765000516120B10193FDF70BFE019B1A68D168BF
:1076600021F49071D160516921F001015161196BD0
:10767000012903D1D16821F01001D160202100221D
:10768000002083F83E101A6303B000BD704700BFAE
:10769000704700BF704700BF704700BF08B5406A21
:1076A0000368596990F83D20212A0BD0596990F858
:1076B0003E20222A16D0036C43F010030364FFF728
:1076C000EBFF08BD0906F1D500222021C284DA684B
:1076D00022F0C002DA6080F83D10596990F83E202F
:1076E000222AE8D14A06E6D50022C285DA6822F4C9
:1076F0009072DA605A6922F001025A61026B012A23
:1077000003D1DA6822F01002DA602022002380F828
:107710003E200363CFE700BF08B50023406AC3855E
:10772000C384FFF7B9FF08BD704700BF406A08B5C2
:10773000036B012B02D0FFF7ADFF08BD818D490817
:10774000FFF7F2FF08BD00BF08B50368406A1B6879
:1077500013F0200313D120210268C385D36823F4DA
:107760008073D360536923F001035361536923F09D
:107770004003536180F83E10036B012B09D0036B6B
:10778000012B02D0FFF784FF08BD818DFFF7CCFFEE
:1077900008BDD36823F01003D360F0E78368016865
:1077A000B3F5805F826A36D0002B2ED04B6803F091
:1077B0007F031370826A0132C38D8262013B9BB2E8
:1077C000C3853BBB4FF0200C026800B5D16883B085
:1077D00021F02001D160D16821F48071D16051691C
:1077E00021F00101516180F83EC0016B01291BD1DC
:1077F0000363D16821F01001D1601168C90617D464
:10780000818DFFF791FF03B000BD0369002BCDD13F
:107810004B68CEE770470369002BF9D14B68C3F37F
:10782000080322F8023BC7E7FFF732FF03B000BDB1
:1078300001931368019353680193019BE0E700BF34
:10784000026800B51168034611F00F0FD2F80CE082
:1078500085B0D2F814C017D111F0200F03D01EF05C
:10786000200F40F0B080186B012852D0080603D5D5
:107870001EF0800F40F0B180490603D51EF0400F86
:1078800040F0CA8005B000BD1CF0010040F08580CA
:107890001EF4907FE7D011F0010F0FD01EF4807F0F
:1078A00000F01C81D3F840C011F0040F4CF0010C23
:1078B000C3F840C000F0C880002873D111F0020F57
:1078C00000F0C980080700F10481186C0028D9D0A5
:1078D00088060CD51EF0200F09D093F83E102229FF
:1078E00005D118460093FFF759FF009B1A685169AC
:1078F000186C01F0400100F00800014340F0B9802D
:10790000184601910093FFF7C7FEDDE900311964C5
:10791000B8E7C806AAD51EF0100FA7D04FF0000E8A
:10792000CDF80CE0116803915168039103995169F6
:1079300011F0400C00F0D780986B0168496889B25B
:1079400000299FD0B3F82CC08C459BD9D98581697B
:1079500020291AD0D168009321F48071D160516937
:1079600021F001015161516921F040015161202153
:1079700083F83E10C3F830E0D16821F01001D160E7
:10798000FDF776FC009BB3F82CC0DA8D1846ACEB03
:10799000020189B2FFF7C8FE74E711F0010F4CD164
:1079A000480745D5186C40F002001864880741D597
:1079B000186C40F004001864080786D5186C40F075
:1079C0000800186481E790F83E30222B7FF45AAF0C
:1079D00005B05DF804EBFFF7E1BE93F83D102129F7
:1079E0007FF450AF9868196AB0F5805F00F09D8011
:1079F000481C186209785160D98C013989B2D98440
:107A000000297FF43FAFD36823F08003D360D368AD
:107A100043F04003D36035E74FF0200CD16818469F
:107A200021F04001D16083F83DC0FFF72FFE29E728
:107A30008807BDD40807C1D447E71EF4807F7FF4D0
:107A400031AF11F0040FADD111F0020F03D00028B7
:107A50003FF438AFACE711F0080F3FF436AF0EF04B
:107A6000200C5CEA000CA9D1196C00297FF43FAF0F
:107A700008E7D16821F49071D160516921F00101CA
:107A80005161196B012903D1D16821F01001D16036
:107A90000021202083F83E0019635169490614D55E
:107AA0005169986B21F04001516170B1244A0093F3
:107AB0004263FDF701FC00283FF4E4AE009B986BA5
:107AC000436B05B05DF804EB18471846FFF7E4FD7B
:107AD000D8E61EF0200F7FF471AFC5E711F0040F58
:107AE0007FF4ECAEB0E7D88DD98D89B200293FF490
:107AF000C9AE998D091A89B200293FF4C3AE4FF07F
:107B0000200ED06820F49070D060506920F0010001
:107B1000506183F83EE0C3F830C01846D36823F0C4
:107B20001003D360FFF700FEACE6186900287FF46D
:107B30005FAF31F8020BC0F30800506019625BE7D9
:107B400019770008014B185C704700BF000D00203A
:107B5000014B1954704700BF000D002008B54FF4C9
:107B6000806202490248F9F749FC08BD00FC01089F
:107B7000000D002070B50020002401210123144ACB
:107B800086B0CDE90201CDE904230194FDF762FD41
:107B900008B106B070BD34220E4B01A902A8DA600C
:107BA000FDF7D8FD78B90C4D094C0C4E01E0B442FC
:107BB00009D0D5E9002321460320FDF765FC0834F0
:107BC00008350028F3D0FDF759FD06B070BD00BFA1
:107BD00000FC010800200240000D00200000020807
:107BE0002DE9F041054686B0FDF734FDAB68E3B101
:107BF000002401272646DFF83C802B6801A903EB0F
:107C0000842302A8CDE904370296FDF7A3FD4FF0C7
:107C1000FF30FDF73DFDD8F81030013423F00203AA
:107C2000C8F81030AB68A342E7D806B0BDE8F04111
:107C3000FDF724BD0020024010B50446FDF70AFD03
:107C40002368E36010BD00BFFDF718BDF8B50E4610
:107C50000368C168994219D34468234401EB420484
:107C60009C4213D892B1174604460025023E00E01C
:107C7000E1680023012036F8022FFDF705FC0135ED
:107C800010B9E3680233E360AF42F1D1F8BD00BF41
:107C9000054BD3F8E817D3F8F027B3F8EE071144F3
:107CA00040EA0140090C704700F0FF1F84460023A2
:107CB000044A05491068C1F800C0022219468068CC
:107CC00003F09ABFC006002000110020022801D84E
:107CD0000120704708B504F011FA0922034600207C
:107CE0001A6008BD013801280AD810B51446064AA2
:107CF0004FF0FF331068A2B2FFF7F8FA204610BD2C
:107D00004FF0FF30704700BF00110020022801D85B
:107D10000020704708B504F0F1F9092203464FF03E
:107D2000FF301A6008BD00BF08B504F0E7F909226A
:107D300003464FF0FF301A6008BD00BF08B558B9C0
:107D400009484FF0FF3301220068FFF76FFB00285E
:107D500014BF0520012008BD04F0D0F90922034614
:107D60004FF0FF301A6008BD00110020022808B54E
:107D700004D84FF4005300204B6008BD04F0BEF956
:107D800009230360002008BD012908B50DD0022990
:107D900009D104210648FDF74FFFA0F10100B0FA18
:107DA00080F0400908BD002008BD4FF48051F1E784
:107DB000000C014008B50368104A1B680179934222
:107DC00016D101290BD0022901D0012008BD0421C0
:107DD0000B48FDF731FF013818BF012008BD4FF4F3
:107DE00080510748FDF728FF013818BF012008BD62
:107DF000984780F00100C0B208BD00BF897D00082F
:107E0000000C01400148FFF717BF00BF0C00002025
:107E10000148FFF719BF00BF0C0000200148FFF721
:107E2000DFBE00BF0C00002000B583B0ADF8061027
:107E3000012203480DF10601FFF708FF03B000BD62
:107E40000C00002049B1012900D070474FF4804157
:107E5000054882F00102FDF7F5BE4FF400510248DB
:107E600082F00102FDF7EEBE00100140F9F7B8BE46
:107E700030B54FF0FF3C4FF400450A4C87B0ADF8E9
:107E80000E10012365610DF116020DF10E01CDF802
:107E900000C00548FEF77AFBBDF81600256107B063
:107EA00030BD00BF00080140000A0020034B8908D4
:107EB0001B6892081964DA63704700BFEC0A00205F
:107EC00039B12021074B196142B11022054B1A61CB
:107ED00070472021034B5961002AF6D11022014B33
:107EE0005A6170470008014039B10821074B1961F8
:107EF00042B10422054B1A6170470821034B5961B6
:107F0000002AF6D10422014B5A6170470008014053
:107F1000002200B587B0CDE90222CDE90422174B3B
:107F20003C21D3F818C016484CF0040CC3F818C014
:107F3000D3F818C00CF0040CCDF800C0DDF800C078
:107F4000D3F818C04CF0080CC3F818C09B6903F0B4
:107F500008030193019BFDF775FE002003213C22DD
:107F60000123CDE9040100F1804002A900F584302D
:107F7000CDE90223FDF74EFC07B000BD0010024022
:107F800000080140F9F7B0BF022808B50FD0032858
:107F900000D008BD0D4803F027FE0D4BD3F840314B
:107FA0005A7972B100210B48C260197108BD0123D2
:107FB00009480371FBF778FBBDE808400648FBF76A
:107FC000F9BD044AD2681A7108BD00BF380401081F
:107FD000D81400208816002038110020022808B587
:107FE0000CD0032800D008BD144803F0FDFD144B4D
:107FF000D3F84001BDE80840FAF746BF104BD3F86C
:1080000040014279072AEED80123934013F022025F
:108010000ED113F0440106D113F0880FE3D0BDE870
:108020000840FAF725BF1146BDE80840FAF7DEBE62
:108030000021BDE80840FAF777BE00BF4004010800
:10804000D81400202DE9F047FFF722FE4FF480718D
:108050007348FDF7F1FD4FF4007105467048FDF7D8
:10806000EBFD4FF4806104466D48FDF7E5FDB0FA85
:1080700080F3B4FA84F25B0952094FEA830949EAB2
:108080004209FFF76BFD674F002D08BF49F001095A
:108090007C1E07F13705C7F101063019FFF752FDC5
:1080A00004F8010FAC42F8D13B78DFF87CA1012B3A
:1080B0007FD1002387F83630BB68B969CAF80C3025
:1080C0003B695A48CAF814307B69CAF81C10CAF8D0
:1080D0001830C7F80490FAF7E7FA5548B969FAF783
:1080E00029FBFB695349CAF810307B6A4E48CAF82D
:1080F0005830BB6ACAF85C30FB6ACAF860303B6A29
:10810000CAF8543097F835308AF88430FAF724FDED
:1081100049494548FAF71CFDDAF84001FBF7AEF98A
:10812000DAF8480103681B689847DAF844010368E5
:108130001B68984741494248FBF794FF4149424830
:10814000FBF790FF6420FCF7C7F84048FEF7D8FB28
:108150003F48FEF7D5FB3A48FFF72CFE002855D1E3
:108160004FF001093B48FBF725FD3B78022B13D06C
:10817000002BF7D17C1E301914F8011FFFF7E8FC23
:10818000AC42F8D1FFF7F6FCFCF7D0FF3148FBF723
:1081900011FD3B78022BEBD17C1E87F80090A019D3
:1081A00014F8011FFFF7D4FCAC42F8D1FFF7E2FC52
:1081B000D8E7382200211B48DAF8084003F02CFEEB
:1081C00064211E23012204FB03F301FB04F43A7033
:1081D000C7E90534FA604FF496734FF4FA627821D8
:1081E000C7E907234FF4167340F6C410C7E9091313
:1081F000C8233861FB627C1EA01914F8011FFFF729
:10820000A7FCAC42F8D1FFF7B5FC52E70E48FFF7E8
:10821000D1FD0028A4D001220E4B1A71A0E700BFA7
:108220000008014088160020D81400207C1500208A
:1082300090150020C8140020A0140020897F000899
:1082400020110020DD7F000808110020380B0020DD
:108250005C0A0020381100206FF0010208B51A4BAB
:108260000A211B6819481A61FBF7D8FE0A21184831
:10827000FBF7D4FE174B0A21D3F8403116489A7900
:10828000FBF7FEFE154A92F8363073B114490B68BD
:108290000133632B0B6009D8322B0ED9BDE808409F
:1082A00001220D481146FBF7E7BE08BDF9F738FA81
:1082B00000230A4A0A4910630B600022BDE8084007
:1082C00001210548FBF7D8BE380B00202011002003
:1082D00008110020D81400201C000020881600205F
:1082E000041100206FF00101054B06481A6803795C
:1082F00011610BB1FBF7D8B90348FBF78FB800BF8A
:108300005C0A002038110020D8140020F8B54FF482
:108310004843754C0025A360322344F62062C4F81C
:108320008C300023C8274FF48071C4E921524FF4E8
:108330002F624FF4FA6CC4F8CC304CF25033C4E9DD
:1083400000716A486A4904F1880604F5A67EC4F8FB
:108350009460C4F8A860C4E92655C4E92855C4E966
:108360002B55C4E92D55C4E93155C4E93455C4E948
:108370003655C4E93855C4E93C55C4F89050C4F8A2
:10838000BC50C4F8E850C4F8C060C4E94256C4E91F
:108390004657C4F8EC60C4E93E55C4E94055C4E909
:1083A0004455C4E94955C4E94B55C4E94D55C4E9A0
:1083B0005155C4E95355C4E95655C4E95855C4E963
:1083C0005A55C4E95C5584F82051C4F83C51C4E9BD
:1083D0005E55C4E9060162612946302204F1240099
:1083E000C4F840E1C4F810C02362C4E96155C4E98F
:1083F0006355C4E96555C4E96755C4E96955C4F8CE
:10840000805184F8AC51C4F85441A4F85051E5604F
:1084100084F8845003F000FD0F225023C4E90A239E
:108420000A232022294604F16400236303F0F4FCAC
:108430004FF496717823C4E915134FF41673304640
:1084400004F10C01E3652766FAF750FBD4F840010C
:1084500004F12401FBF75AF84FF480422549264BDA
:10846000C1E901550B60CD60244B2549254E99612A
:108470002549DA6019602022294606F118005D605E
:108480001D811D619D82756103F0C6FC4FF4C972A8
:10849000294606F1380003F0BFFC4FF4C9722946A3
:1084A00006F5E57003F0B8FC0123B46002244FF434
:1084B0007A7740F6B830154A154953603160154B4C
:1084C0001549B581C3E90014C6E9D755C2E902557B
:1084D000C2E90475C3E9025535713561C6F86453C4
:1084E00011605D611861F8BDD8140020007017009C
:1084F00000400D03C814002070070108A0140020DC
:10850000007C0108381100203C07010820110020E0
:10851000DC0601080811002090060108F0B50138BA
:108520000B4683B0882800F29C80DFE810F0B6028A
:10853000B202960276024D021902DF019A009A00F9
:108540009A009A009A009A009A009A009A00CA012A
:10855000B801A40184017301640159014E01430172
:10856000380189009A009A009A009A009A001B012B
:10857000FE00E000D500BD009A009A009A009A0023
:108580009A009A009A009A009A009A009A009A001B
:108590009A009A009A009A009A009A009A009A000B
:1085A0009A009A009A009A009A009A009A009A00FB
:1085B0009A009A009A009A009A009A009A009A00EB
:1085C0009A009A009A009A009A009A009A009A00DB
:1085D0009A009A009A009A009A009A009A009A00CB
:1085E0009A009A009A009A009A009A009A009A00BB
:1085F0009A009A009A009A009A009A009A009A00AB
:108600009A009A009A009A009A009A009A009A009A
:108610009A009A009A009A009A009A009A009A008A
:108620009A009A009A00B800B400AF009A009A002D
:108630009A009A009A009A009A009A009A009C0068
:10864000A44AA5481168A54AA1F10101B1FA81F136
:10865000490980F8841082F835101B790BB1022388
:10866000137003B0F0BD00219B4BD3F840010171A2
:10867000FAF7BCFB984B0021D3F84001FAF7F8FB5E
:10868000974803B0BDE8F04003F0AEBA03B0BDE8D0
:10869000F040FCF74BBD0022904B1A70E1E701223D
:1086A0008E4B83F83620DCE78C4A891A313902294F
:1086B00040F21282116B19604FF0000CC3F804C035
:1086C000194653688748DB0143F02503036003B074
:1086D000BDE8F040F9F728B97F49804AC968814868
:1086E000196052681946D30143F02403EEE77A4A31
:1086F0000091D2F840010021FAF782FB0146009B6D
:10870000754A1960DFF8D4C17648D2F840219279D1
:108710001946A2F10102B2FA82F252091A71DCF88A
:108720000430DB0143F02303D0E76B4A0091D2F819
:108730004001FAF783FB0146009B674A1960D2F8B3
:108740004021DFF898C192791946A2F10102B2FAEC
:1087500082F252091A71DCF804306248DB0143F0FE
:108760002203B3E75C4A0091D2F84001FAF776FBA6
:108770000146009B584A1960D2F84021DFF85CC1DD
:1087800092791946A2F10102B2FA82F252091A71E3
:10879000DCF804305348DB0143F0210396E74D4AEF
:1087A0004D4811684D4A0166D1621B79002B7FF458
:1087B00056AF56E7474A48481168484AC165916232
:1087C0001B79002B7FF44BAF4BE7424A42481168BC
:1087D000424A816551621B79002B7FF440AF40E72C
:1087E0003C4A3D4811683D4A416511621B79002BA6
:1087F0007FF435AF35E73749384A0968A1F10101FF
:10880000B1FA81F1490982F834101B79002B7FF409
:1088100026AF26E7304AD2F84001FAF76DFE022073
:108820002D4A2E49D3689268087093FBF2F002FB40
:1088300010338B6015E7284C0191A068F8F7DEF93A
:10884000244A1168F8F72EFAF8F708FC014604F1FB
:10885000A400E1610091F9F727FF009904F1B80045
:10886000F9F768FF1D4AE169019B91611B79002BB3
:108870007FF4F5AEF5E6184C0091A068F8F7BEF964
:10888000144A1168F8F70EFAF8F7E8FB134A009B50
:10889000A06150611B79002B7FF4E1AEE1E60D4A47
:1088A000009110681049F8F7FDF9F8F7D7FB0A496D
:1088B0000A4A009B486110611B79002B7FF4CFAE00
:1088C000CFE60449054A096851601B79002B3FF443
:1088D000C8AEC4E6C4090020D814002088160020C1
:1088E000640401083800002000007A44814A1446DC
:1088F000D2F8402117465279012A40F0D8807E4AAA
:10890000A068CDE90023F8F779F97C4D064669683F
:10891000F8F7C8F9F8F7A2FB2968A0613046F8F724
:10892000C1F9F8F79BFB01463846FAF7FDF900213B
:10893000D4F84001FAF764FA0146019B009A1960E5
:10894000D4F840116E4891F806C01946ACF1010CFC
:10895000BCFA8CFC4FEA5C1C83F804C05368E0E668
:10896000644CD4F8400142790546012A06D00091B2
:108970000121FAF7D7F9D4F84051009B5F49A0686C
:108980004A6801930092F8F739F95C490968F8F7E9
:1089900089F9F8F763FB009A01462846FAF7CAF905
:1089A000019B1A79002A3FF45CAE0021D4F8400103
:1089B0000093FAF725FA0246009BDFF83CC11A60E3
:1089C0004F48D4F84021A2E64A4CD4F840215179CE
:1089D00001290AD048480093436901211046A36148
:1089E000FAF7A0F9D4F84021009BA068CDE9002354
:1089F000F8F704F941490968F8F754F9F8F72EFB3C
:108A000001460098FAF790F93E4803F0EDF8019B13
:108A10001A79002A3FF425AEC7E7364CD4F8403126
:108A20005A79022A08D0344A184652690221A261B2
:108A3000FAF778F9D4F84031A0680093F8F7DEF837
:108A40002E4A1168F8F72EF9F8F708FB014600984E
:108A500003B0BDE8F040FAF7C9B9264AD2F8403170
:108A60005979032906D018460321FAF75BF9214A00
:108A7000D2F84031214A244910680093F8F712F9DE
:108A8000F8F7ECFA0146009803B0BDE8F040FAF7B9
:108A9000EFB901221D4B1A71E3E5184B154A1B680B
:108AA000D2F84001012B10D000230371D9E5124AFE
:108AB000019151693846A16101210092FAF732F91A
:108AC000DDE90023D4F840711AE70223037103B0F3
:108AD000BDE8F040FAF7D8B992F83010197092F862
:108AE0003110597092F83210997092F83310D97091
:108AF000E2E500BFD814002088160020C409002039
:108B0000380000204804010800007A443811002091
:108B100010B5037882B0702B3DD0762B1DD0632B1F
:108B20005AD13A4903F0F8F901F06CFBF7F75CFF12
:108B3000374A0446D2F84031597903295ED1354984
:108B400020460093F8F7AEF8F8F788FA0146009847
:108B500002B0BDE81040FAF78BB92F4903F0DCF9F9
:108B600001F050FBF7F740FF294B0446D3F84021B2
:108B70005179022936D198680092F8F73FF82146DA
:108B8000F8F790F8F8F76AFA0146009802B0BDE8E5
:108B90001040FAF72BB9214903F0BEF901F032FB7E
:108BA000F7F722FF1A4B0146D3F840215079CDE95F
:108BB000002101281CBF012010719868F8F71EF8E9
:108BC0000199F8F76FF8F8F749FA0146009802B0F2
:108BD000BDE81040FAF7A8B8114802B0BDE810404F
:108BE00003F002B80F4802214069009398611046D3
:108BF000FAF798F8009BD3F84021BCE71846032108
:108C0000FAF790F8024AD2F8403198E7E8050108EF
:108C1000D814002000007A4490040108940401084C
:108C200098040108881600200C480D490D4A0023BD
:108C300002E0D458C4500433C4188C42F9D30A4A11
:108C40000A4C002301E013600432A242FBD3F9F77F
:108C500009F903F059FAF8F7A5FF70470000002062
:108C6000CC080020F80D0108D0080020D4190020FD
:108C7000FEE70000102370B5002484B0029303685F
:108C800015469E6912686B46009401940394B047A0
:108C90009DF8043003F00603062B09BF012020468F
:108CA000009B2B6004B070BD009890420CBF062062
:108CB0000120704710B50446024B036000F0ECF849
:108CC000204610BDD007010810B50446044B0360D0
:108CD00000F0E2F82046082100F04CF8204610BDD4
:108CE000D007010830B583B015460899069A0446A6
:108CF0008A420DD01946204600F0D2F828B101234F
:108D0000099A0699157111609371002003B030BD66
:108D10000799019300F0C4F8019B0028EAD00020D5
:108D2000099A557103B030BD10B582B00193144655
:108D300000F0B6F8019B20B1082106221C60D96022
:108D40001A7102B010BD00BF2DE9F041074616466A
:108D50001D460C4600F0A4F848B9032D07D8236837
:108D6000324639462046BDE8F0415B691847BDE808
:108D7000F08100BF00F0AAB810B50446024B0360B2
:108D8000FFF798FF204610BD3008010810B50446D3
:108D9000044B0360FFF78EFF20460C21FFF7EAFF2C
:108DA000204610BD3008010870B582B0069C05460B
:108DB00094420E460BD0A8683146D0F800C0069405
:108DC000DCF82040A44602B0BDE870406047194678
:108DD0000192009300F064F8DDE900320028EAD047
:108DE000062002B070BD00BF2DE9F0430F4683B0EE
:108DF0001946DDE90A48DDE90C65019200938146D8
:108E000000F04EF8DDE9003278B9B44220D0D9F84C
:108E1000080039460768CDE90C65CDE90A48FC69C8
:108E2000A44603B0BDE8F0436047002F2C602A71D0
:108E300009DB3C44A64214BF01240624AC71002087
:108E400003B0BDE8F0830237F9D10123AB71F6E737
:108E500041464846CDE9002300F022F8DDE9002331
:108E60000028D4D06A71EAE72DE9F04104460F46A4
:108E700016461D46FFF758FF58B9A0682B46D0F894
:108E800000C03246DCF818E03946F446BDE8F0414F
:108E90006047BDE8F08100BF704700BF0020704709
:108EA000814211D008B5406803782A2B0AD049685E
:108EB0000B782A2B08BF0131F8F7C2F9B0FA80F01D
:108EC000400908BD002008BD0120704701F0A6B987
:108ED000F8B504460D4600F0C7F8224606460F4690
:108EE0002B4620462946F7F769FDA8B90022002342
:108EF00020462946F7F758FD70B900220023204686
:108F00002946F7F729FD50B103F0F8F80021094A86
:108F100022230E461746036030463946F8BD03F05B
:108F2000EDF82122034604481A60BDE8F84000F03D
:108F300023B800BF0000F0FF3404010838B505462F
:108F400000F020F8294604462846F8F771F820B9C1
:108F500028460021F8F744F808B9204638BD03F048
:108F6000CDF82122034600211A600846F7F74EFF8C
:108F70000446204638BD00BF00200149704700BFAD
:108F80000000F87F20F00042B2F1FF4F70B50446B8
:108F900051D2002A4ED00028034655DB10F0FF4284
:108FA00050D15B001802114602F10102F9D5494285
:108FB0000024C3F316024FF0190EA1F17F034FF006
:108FC000807CC907214642F4000258BF52005E105F
:108FD000520001EB0C039342CFBF134603EB0C018D
:108FE0006444D31ABEF1010E4FEA43024FEA5C0C0F
:108FF000EFD1D3B11A4B1B4A186811681A6815468D
:10900000F7F746FD01462846F7F7F4FF68B1144B21
:10901000144A186811681B681D46F7F73BFD0146A6
:109020002846F7F7DDFFB0B10234601000F17C5044
:1090300000EBC65070BD0146F7F734FE2146F7F746
:1090400029FD70BDC115B3E70146F7F721FD0146C3
:10905000F7F7DCFE70BD013424F00104E5E700BF42
:10906000700801086C0801082DE9F04FB1F5801F68
:1090700002460B460C4687B080F2878021F0004EF6
:109080005EEA000E00F026810029C0F280810022F5
:10909000D74BF7F7F9F90C460B46D6496FF0350C6C
:1090A0008C42024676DC2015C4F3130404F5152126
:1090B000A0F2FF3001F66471604401F4801100EB0E
:1090C000115581F07F5181F4401141EA04031046AB
:1090D00019460022C84BF7F71FF8A31CC3F313036C
:1090E000022BAB4681468A464FF0000259DC002332
:1090F000F7F732FC002840F0F680A9A3D3E900235B
:1091000048465146F7F7C0F902460B460020BB49D6
:10911000F7F702F84A4606460F4653464846514678
:10912000F7F7B2F902460B4630463946F7F7ACF985
:109130004C465546CDE90001BBF1000F1CD0584606
:10914000F7F738F998A3D3E9002306460F46F7F757
:109150009BF997A3D3E9002304460D4630463946D0
:10916000F7F792F902460B46DDE90001F6F7D4FF66
:109170004A465346F6F7D0FF02460B46204629469C
:10918000F6F7CAFF07B0BDE8F08F9A494FF0000C20
:109190008C4288DD10461946F6F7C0FF07B0BDE8DF
:1091A000F08F4FF08043F6F7B9FF02460B46484672
:1091B0005146F7F793FA074628468846F7F7FAF834
:1091C0003A46CDE90401434638464146F7F75CF993
:1091D00002460B46A4F5C225A5F27A45CDE9002347
:1091E0000295F7F751F974A3D3E9002305460E461B
:1091F000F7F74AF972A3D3E90023F6F78FFF2A465F
:109200003346F7F741F970A3D3E90023F6F786FF59
:109210002A463346F7F738F96DA3D3E90023F6F76A
:109220007DFFDDE90023F7F72FF96BA3D3E90023D6
:10923000CDE9000128463146F7F726F968A3D3E9BE
:109240000023F6F76BFF2A463346F7F71DF966A3AE
:10925000D3E90023F6F762FF2A463346F7F714F9FD
:109260000B460246DDE90001F6F758FFC4F5D724A6
:10927000029B51341C43002C05460E4650DD002253
:109280005E4B48465146F7F7FFF84A465346F7F714
:10929000FBF802460B4628463146CDE90023F6F797
:1092A0003DFF3A464346F7F7EFF80A460146CDE957
:1092B0000212BBF1000F40F0A58013460246DDE923
:1092C0000001F6F729FF02460B4648465146F6F7DD
:1092D00023FF63E70022002300204949F7F7FEF946
:1092E00007B0BDE8F08F2846002D00F0A280F7F708
:1092F00061F82DA3D3E9002306460F46F7F7C4F81B
:109300002BA3D3E9002304460D4630463946F7F730
:10931000BBF802460B4620462946F6F7FFFE3DE71E
:109320000B46024651464846F6F7F6FE3A46434695
:10933000F7F7AAF84C465546CDE90001BBF1000FFE
:109340003FF41AAFDDE9044517A3D3E90023204613
:109350002946F7F799F816A3D3E9002306460F46E6
:1093600020462946F7F790F802460B46DDE9000152
:10937000F6F7D2FE4A465346F6F7CEFE02460B46B5
:1093800030463946F6F7C8FE07B0BDE8F08FF6F76D
:10939000C3FE00220023F7F7A1F9FFE6AFF3008038
:1093A000555555555555D53F0000E0FE422EE63F38
:1093B000763C7935EF39EA3D44523EDF12F1C23F47
:1093C000DE03CB966446C73F599322942449D23F8B
:1093D000935555555555E53F9FC678D0099AC33FDB
:1093E000AF788E1DC571CC3F04FA97999999D93FF2
:1093F00000005043FFFFEF7F0000F03F0000E03F20
:10940000000050C3DDE904450BA3D3E90023204647
:109410002946F7F739F80AA3D3E9002306460F4691
:1094200020462946F7F730F8DDE90223F6F776FE05
:109430009AE700200021B1E60000E0FE422EE63F60
:10944000763C7935EF39EA3D03685A004CBF43F06A
:10945000004323F000431844704700BF2DE9F04754
:1094600039B301F1FF39904606464F460025E91908
:1094700001EBD171491006EBC10A5046FFF7E4FF3A
:1094800089454FEAC1040ED0404504F1080030443C
:109490000BD8FFF7D9FF0138404501F10105E6D3AC
:1094A0005046BDE8F0874045FAD98D4201D04F1EA5
:1094B000DDE74FF0000A5046BDE8F087012806D0EE
:1094C000022802D028B9044870470448704704486D
:1094D00070470020704700BFA19B0008B19B0008A7
:1094E000A99B000810B5234B044684B08A1E43B3E1
:1094F000104603A90192AFF30080E8B10399019AE5
:10950000FFF7ACFF0146B8B1FFF79EFFA0644B68C0
:10951000012B2BD0002B26DB081DFFF795FF002326
:1095200023650368E064002B12DBFFF78DFF034621
:109530000020236104B010BD00230920236104B082
:1095400010BD0D4B0D491846C91AC9100391D7E734
:10955000C3F30360FFF7B2FF031E0CBF0920002016
:10956000236104B010BD0123081DD9E700230520A5
:10957000DFE700BF00000000280C0108E80D01082B
:10958000036810B5DA07044606D49B0700F15000C3
:1095900009D5F7F79DFD2368590709D51A070ED598
:1095A000DB0613D510BDF7F78BFD23685907F5D4FB
:1095B00004F1D800F7F794FD23681A07F0D404F5F6
:1095C000AC70F7F795FD2368DB06EBD404F5EC707F
:1095D000BDE81040F7F7D0BD036803B10344184657
:1095E000704700BF704700BF70B504460D46204667
:1095F000296CFFF777FF064698B9D5F840C02A4690
:10960000214601202369C4F814C098470828EED0E9
:10961000072806D13046296CFFF7E4FF281DF7F72D
:1096200043FD00F0E7FD00BF2DE9F04F4FF0000EC5
:10963000ADF5777D0DF10C0C0F1DD0F80C90D0F826
:1096400018A0064614460FCFACE80F000FCFACE8C9
:109650000F000FCFACE80F0097E80F0002AD8CE8C9
:109660000F00C5F800E021E02B6C4FF4F47229469E
:1096700073617CA8F7F7C2FE3146584633697CAA6D
:1096800098478A9F2146AF6483463346012032467D
:10969000CDE9005AC847044628BB4FF4F472284667
:1096A0007CA9F7F7ABFEBBF1080F19D13046296C46
:1096B000FFF718FF093407465FFA84FB0028D3D070
:1096C000A96B3346A96432460120CDE9005A4BF01C
:1096D0001001C84738B938460DF5777DBDE8F08FE1
:1096E000BBF1070F05D0092738460DF5777DBDE89A
:1096F000F08F2046296CFFF775FF03A8F7F7D4FC1D
:10970000F0B54FF0FF37CB6BFBB00DF1040C0B64E1
:1097100001F1040E0E460446BEE80F00ACE80F004F
:10972000BEE80F00ACE80F00BEE80F00ACE80F0089
:109730009EE80F0000978CE80F0006E06A4621467D
:10974000236998470828074608D120461099FFF753
:10975000C9FE0028F2D009207BB0F0BD6846FFF7B3
:109760000FFF062FF7D131462046FFF73DFF00BF20
:109770009446C160C0F818C0D3F83CC00022194616
:10978000C3F840C0FFF750BF436970B50B64C668AB
:10979000AEB90A46036904460D46014602209847C1
:1097A000072805D008280FD129462046FFF71CFFBF
:1097B0003046296CFFF716FF281DF7F775FC0122CC
:1097C000FFF732FF00F016FD00F014FDC26832B161
:1097D000D1F83CC00022C1F840C0FFF725BFFFF719
:1097E0008FBF00BF052915D8DFE801F00A03140375
:1097F000030501207047436C009A002013607047F6
:1098000043B90F2A06D800EB82004368009A002073
:109810001360704702207047002300B585B00A46E8
:1098200003A900911946FFF7DDFF039805B000BDBD
:10983000052915D8DFE801F00A0314030305012008
:109840007047009B1B6843640020704743B90F2A90
:1098500006D8009B00EB82001B6843600020704725
:1098600002207047002300B585B00DF10C0C039267
:10987000CDF800C00A461946FFF7DAFF05B000BD73
:109880002DE9F0414FF0FF38D36BADF5107D0DF1B0
:109890005C0E136402F1040C07460E46BCE80F0090
:1098A000AEE80F00BCE80F00AEE80F00BCE80F0008
:1098B000AEE80F009CE80F00CDF858808EE80F004E
:1098C00012E00C2116A86A46FFF7CCFF314616A815
:1098D000B84778B969460820049B16AA9847052816
:1098E000804609D0092805D068462699FFF7FAFD79
:1098F0000028E6D04FF0090816A8FFF741FE4046C1
:109900000DF5107DBDE8F0812DE9F04F1646CA6CCB
:109910000C4652F8041B89B000F0030C0692E3B128
:1099200002250F0C8DF81D700904FFB2059102EBA2
:109930008702216DBCF1020F08BFA26B11F001017B
:109940008DF81C500FD0304605A900F0CFFA002842
:109950003AD1082009B0BDE8F08F0902032505912E
:109960008DF81D30E5E7D2F80080B8F1000FEAD09D
:10997000C2469946E046029100F008010191B9F112
:10998000020F25D0B2F800A05788151DA36C0F2137
:10999000304627F0010B9B44FFF73EFF834515D867
:1099A0002AF001035B44834294BF002001207B0026
:1099B00003F002030AF0010A43EA0A03012B0BD069
:1099C000022B4BD0002B41D00920C3E70020EEE74B
:1099D000576802F10805D9E7B8F1000F6CD1A8B1BA
:1099E0006B689A1CF0D004F1580701332A68049779
:1099F00000F0C880281DFFF7EFFDD20F014604AB31
:109A00002046AFF30080002840F0938005F1080263
:109A1000D2F800A0BAF1000FB1D1304605A900F08C
:109A200065FA0028D0D1029B002B92D00F2130463E
:109A3000FFF7F2FE0E2102463046FFF713FF0F211B
:109A40003046564AFFF70EFF072083E7B8F1000FB4
:109A500002D0002840F084802A1DD9E72F6827F023
:109A6000004BB8F1000F0ED128B1019B002B3BD069
:109A7000BBF1000F38D0002F00DA04350BF10103E1
:109A800005EB8302C4E70D213046FFF7C5FED4F88D
:109A900020A08245EFD1A26A9542ECD10027042292
:109AA000C4E90B72AA18C4F828B062632A68BA42E3
:109AB0006EDB01230293E1E70D213046FFF7ACFE98
:109AC000276A8742A2D1A36A9D429FD12846FFF709
:109AD000BBFC0F2102463046FFF7C4FE22460021A0
:109AE0003046FFF7BFFEAFE7CDF80C800027A04659
:109AF00005F1040A58340CE050460494FFF76CFD5D
:109B00000022014604AB4046AFF300800AF1040A8C
:109B100008BB5F4507F10107EED10D213046FFF785
:109B20007BFE0246049B0620C8E90823C8F828509B
:109B300010E701900D213046FFF76EFE019A049F59
:109B4000022A08BFE762206208BF04F12C07062042
:109B5000C4E90975FEE644462F68DDF80C808AE703
:109B60002846FFF771FC04350746A5632046AFF38E
:109B7000008000283FF428AF3A460F213046FFF717
:109B800071FE61E70D213046FFF746FE2062DEE7F9
:109B90000BF1010205EB820099E700BF0000000015
:109BA0000023FFF7B1BE00BF0123FFF7ADBE00BF2A
:109BB0000223FFF7A9BE00BF2DE9F0430446C5B05C
:109BC000052908D8DFE801F0162E07749B0B114415
:109BD000102940F2BF80022045B0BDE8F083002A82
:109BE000F9D1A36B53F8042B6264A363002045B042
:109BF000BDE8F083002BEED14FF0010EA16B1FFAF0
:109C000082FC251D0EFA03F010EA0C0F1CBF51F860
:109C1000040B45F823000133102BF3D19304E5D452
:109C2000A163E3E7110C012B0E4692B2CFD0052BB6
:109C3000D1D111442029CED80F2E40F2CA80002A5B
:109C4000D4D0216890464F0740F12581204621F06D
:109C5000040140F8D81B0093F7F746FA02A805461E
:109C6000F7F742FAD4F838E0009B102E31464FEA5D
:109C7000480238BF1021013A1746704605EBC10172
:109C8000843950F804CB013AB2F1FF3F41F804CFD8
:109C9000F7D10EF1040E012B0EEB870200F0F280DB
:109CA0000F2EA26340F2F9802846F7F719FA9DE7D4
:109CB000032B90D193B21E4603EB1243102B4FEAB5
:109CC000124888D823681F0700F1B18022AD2846CA
:109CD000F7F730FA2F46A16B73005EB105EBC802AF
:109CE000013B881A1558013B42F8045B5D1CF9D111
:109CF00001EBC6013846A163F7F7FAF976E7002BC6
:109D00007FF469AF102A3FF666AF2368DD0600F1E5
:109D1000848022A80092F7F739FA00234FF0010E51
:109D2000D4F838C0009A22AF22A80EFA03F11142EB
:109D300003F1010304D0614651F8045B8C460560D1
:109D4000042B00F10400F0D13846C4F838C0F7F70E
:109D500013FA4BE7102E3FF43EAF2168C8070AD52F
:109D6000204621F0030140F8501BCDE90023F7F70E
:109D7000ABF9DDE9002322A8CDE90023F7F7A4F928
:109D8000009AD4F838E022AF002A7DD04FF00008C6
:109D9000019B5200013A9146704607EBC601043917
:109DA00050F804CB013A551C41F804CFF8D10EF11C
:109DB000040E0EEB890EB8F1000F40D1012B63D0D9
:109DC0000F2EC4F838E03FF611AF3846F7F780F9A8
:109DD0000CE72068102900F0010C32D8BCF1000F0C
:109DE0000CD020F00101204641F0020140F8501B48
:109DF000CDE90023F7F770F9DDE9002322A8CDE9CA
:109E0000002322AFF7F768F9DDE90023002ADCD050
:109E10004FF00008D4F838E0BBE723F010032360CC
:109E200004F5EC700092F7F7B1F9009A71E723F0AE
:109E30000803236004F5AC70F7F77CF946E702AD40
:109E400013E7A1F11008BCF1000F0BD020F00102C4
:109E5000204642F0020240F8502B0093F7F73CF9FD
:109E60002068009B42071CD4009322A8F7F734F91E
:109E700002A8F7F739F9A26B009B964622AFC6F10C
:109E8000100286E7964622AF0EF104033846A3631C
:109E9000F7F716F9AAE60093E0E622A8F7F718F913
:109EA00002E720F00402204640F8D82B0093F7F791
:109EB0001BF9DAE7027A03467AB9427AA2B14FF087
:109EC000030C4168013A427208680A1D5A60020296
:109ED00083F808C0000E1A6070470068013A1A72D1
:109EE00002021A60000E7047B02070472DE9F04161
:109EF00006460D464FF0000886B02846FFF7DAFF09
:109F0000B028044600F0198107065BD500F0F00385
:109F1000A02B1AD030D8802B00F08180902B27D135
:109F200000F00D030D2B23D0002304AF194600F0E1
:109F30000F0200973046FFF755FC00230D2219460B
:109F400030460097FFF774FCD7E7C3434FF47F62B6
:109F500003F007031A410023010702F47F6248BFA0
:109F600042F4804230461946FFF726FE0028C4D04E
:109F7000092006B0BDE8F081B02B66D0C02B3CD1E3
:109F8000C62800F0CF80C72800F0DC8000F0F8037E
:109F9000C02B00F0E980C82800F0F480C928E7D180
:109FA0002846FFF787FF0121020300F00F00084455
:109FB00002F47022024305233046FFF7FDFD00281E
:109FC0009BD0D5E78300DBB204330393002304AFB7
:109FD00019460D2230460097FFF704FCDDE90332F5
:109FE00060064CBFD21A9A180023049230460D2204
:109FF00019460097FFF71CFC7FE700F0F803D02B11
:10A00000B6D100F00702013205230121304642F4A7
:10A010000022FFF7D1FD00283FF46FAFA8E72846E4
:10A02000FFF748FF40EA0420B0F5004FA0D000231E
:10A03000040119463046A2B2FFF7BEFD002897D1B1
:10A04000C4F3C03048EA000857E7A0F1B103042B7D
:10A0500000F2BD80DFE803F05429160C0300002352
:10A0600005AA009230460D221946FFF7BBFB44E7D4
:10A070000023052130461A46FFF79EFD00283FF4D5
:10A080003CAF75E72846FFF715FF0123020300F0F8
:10A090000F0002F470221844024319463046FFF7BD
:10A0A0008BFD00283FF429AF62E7002304AF0D22A7
:10A0B000194630460097FFF795FB2846FFF7FAFE52
:10A0C00002064FF00203049C0DD500F07F0098407B
:10A0D00004440733284603930494FFF7EBFE10F083
:10A0E000800F039BF1D19840002304F501742044B4
:10A0F00004900D22304619460097FFF799FBFCE6C5
:10A100002846FFF7D7FE431EDBB20E2B3FF630AFDB
:10A110000023024619463046FFF74EFD00283FF463
:10A12000ECAE25E72846FFF7C5FE020300F00F005E
:10A13000032302F470220130AEE7B8F1000F36D0ED
:10A14000002016E72846FFF7B5FE431EDBB20E2BB4
:10A150003FF60EAF0246002304213046FFF72CFDE8
:10A1600000283FF4CAAE03E7032300F00F020132D8
:10A170003046194642F42022FFF71EFD00283FF426
:10A18000BCAEF5E62846FFF795FE012100F0F0028F
:10A1900000F00F0002F1100442180523304642EA95
:10A1A0000432FFF709FD00283FF4A7AEE0E604AC57
:10A1B000434641460E2230460094FFF713FB0F2220
:10A1C0004346414630460094FFF732FBB8E700F0C3
:10A1D000FC03B42B3FF4CCAE012300F007021A4479
:10A1E0003046194642F40022FFF7E6FC00283FF40F
:10A1F00084AEBDE6062008B501F0CCFE0120F7F7DD
:10A200000FFE00BF002101F093BB00BF024B0146CF
:10A21000186800F00BB800BFC0060020024B0146D2
:10A22000186802F043B800BFC00600202DE9F04FC7
:10A2300001F10B02162A814685B024D8102900F2BC
:10A24000A88000F0B5FA022518211022B24C214452
:10A250004E68A1F10800864200F058817268F168EA
:10A26000B46822F003023244E1608C6051684846D1
:10A2700041F00101516006F1080400F09FFA204608
:10A2800005B0BDE8F08F32F0070200F18280914204
:10A290007FD8019200F08CFA019AB2F5FC7FC0F0F1
:10A2A000B081530A7DD0042B00F26881930903F139
:10A2B000390503F138064FEAC50E974CA644DEF87F
:10A2C0000470AEF1080EBE4507D10DE00028FB6812
:10A2D00080F20B819E4507D01F46796821F003016B
:10A2E000881A0F28F2DD354623698C498B4200F02D
:10A2F000E9805E6826F00306B11A0F2900F3858114
:10A3000086480029C4E9040080F26E81B6F5007F1A
:10A31000676880F00F81012101EBD60C7609B1400E
:10A3200054F83C000F4304EBCC0108399860D96025
:10A33000676044F83C30C3600126AB109E40BE42CB
:10A3400034D83E4206D125F0030576003E4205F1A1
:10A350000405FAD0284604EBC50804EBC507F968E4
:10A360000FE0D1F804C00B462CF0030EAEEB020C4C
:10A37000BCF10F0FC96800F30E81BCF1000F80F231
:10A3800023818F42EDD10130830707F10807E6D121
:10A3900075E10C23C9F800300024204605B0BDE863
:10A3A000F08F4FF4007E40253F2686E7A768796846
:10A3B00021F0030393429A4603D3991A0F2900F31D
:10A3C0008380574908200968564E10311144CDE961
:10A3D000011201F0C9FE0246019955424B1E134479
:10A3E000834630681D40B0F1FF3F18BF29464846FC
:10A3F000019101F05BFE411C0546DDE9011200F010
:10A40000218107EB0A0C844500F21A81464B0BF1BF
:10A41000FF3E18680844186000F07B81D6F8008081
:10A42000CDE90223B8F1FF3F1BBFA5EB0C0C604444
:10A430003560186015F00700019000F03C81C0F114
:10A44000080005446B1803EA0E015844401A00EA5C
:10A450000E0631464846984601F028FE421CDDE9CA
:10A46000022300F08581401B304440F00101186850
:10A47000A7423044A5601860696017D0BAF10F0F89
:10A4800040F251810526AAF10C0121F0070C7968F0
:10A49000BCF10F0F01F0010141EA0C01796007EBFB
:10A4A0000C01C1E9016600F2568169681F4B1E6804
:10A4B000864238BF18601E4B1E68864200D2186064
:10A4C0002F46C1E0676837E7BD1841F0010142F04F
:10A4D00001027A604846A560696007F1080400F04F
:10A4E0006DF9204605B0BDE8F08FBA683944D360F5
:10A4F0009A604A68484642F001024A6007F108043F
:10A5000000F05CF9204605B0BDE8F08FCE68B1429E
:10A510007FF4A4AE0235E7E658000020600000207A
:10A52000F016002050000020C0160020EC1600207D
:10A53000E8160020B6F5206F4FEA56207AD314288B
:10A5400000F2CD8000F15C01C9005B3004EB010C2E
:10A550006158ACF1080C8C4503D1A5E089688C45A5
:10A5600004D0486820F00300B042F7D8D1F80CC0FE
:10A57000C3E9021CCCF80830CB60DDE6142B70D99F
:10A58000542B00F2B480130B03F16F0503F16E0638
:10A590004FEAC50E91E69D1842F001025A609E688E
:10A5A000814AF1608E60C4E90455C5E902224CF08D
:10A5B00001026A60484643F80EC0019300F0FEF8BD
:10A5C000019B03F10804E8E61C469E44DEF80430D3
:10A5D000484643F00103CEF8043054F8083FD960F0
:10A5E0008B6000F0EBF8D8E61E447268484642F0F3
:10A5F00001027260019300F0E1F8019B03F108048D
:10A60000CBE6D50802F1080120E69D1842F00102D0
:10A610005A60654AC4E90455C5E9022241F00102C5
:10A620006A6048469951019300F0C8F8019B03F114
:10A630000804B2E6B00900F13901C900383085E7F5
:10A64000A7425FD0A768796821F003009042A0EB91
:10A65000020102D30F293FF737AF484600F0AEF8AA
:10A660009AE603F15C0503F15B064FEAC50E24E6AA
:10A67000414651F808398B42884640F0928015F0E7
:10A68000030F05F1FF35F3D1636823EA0603636026
:10A6900076009E423FF68AAE16B987E67600043011
:10A6A0001E42FBD0054655E60126801006FA00F052
:10A6B000074367605CE705EB010808EA0E01ABEBB6
:10A6C000010606EA0E063146484601F0EFFC431C3F
:10A6D000019B04BF40461E46DDE90223C3E6542821
:10A6E00024D8300B00F16F01C9006E302EE7B3F5AE
:10A6F000AA7F24D8D30B03F1780503F177064FEA3C
:10A70000C50EDAE5294B0BF1FF3E186808441860C6
:10A7100084E615EA0E0F7FF481AEA568514441F03E
:10A7200001016960C2E601236B6096E7B0F5AA7F7C
:10A7300024D8F00B00F17801C900773006E740F229
:10A7400054518B4224D8930C03F17D0503F17C0610
:10A750004FEAC50EB1E5484607F10801CDE90123EE
:10A7600001F0A4FDA568029B69681868019A9DE63E
:10A7700001990026083908EB010074E640F25451B3
:10A7800088420AD8B00C00F17D01C9007C30DDE6BA
:10A790004FF47E7E7F257E268FE54FF47E717E20EE
:10A7A000D4E6636874E700BF60000020C016002094
:10A7B000014801F0D5BC00BF34180020014801F069
:10A7C000D1BC00BF341800202DE9F04F9DB00546E4
:10A7D0000692184600220B4600210024CDE90412FF
:10A7E0001A4618941792174612F8018BB8F12D0FDC
:10A7F0005ED801A151F828F059AA0008B1A80008B4
:10A80000B1A80008B1A80008B1A80008B1A80008C4
:10A81000B1A80008B1A80008B1A80008E5A7000881
:10A82000E5A70008E5A70008E5A70008E5A70008D8
:10A83000B1A80008B1A80008B1A80008B1A8000894
:10A84000B1A80008B1A80008B1A80008B1A8000884
:10A85000B1A80008B1A80008B1A80008B1A8000874
:10A86000B1A80008B1A80008B1A80008B1A8000864
:10A87000B1A80008B1A80008E5A70008B1A8000821
:10A88000B1A80008B1A80008B1A80008B1A8000844
:10A89000B1A80008B1A80008B1A80008B1A8000834
:10A8A000B1A8000813AD0008B1A800082BAD00083E
:10A8B00000220792B8F1300F00F094800022089235
:10A8C000B8F12F0F40F218854FF0000AC146384604
:10A8D0005646544618E0082CC8BF0AEB8A0A00F115
:10A8E0000100C8BF08EB4A081790C8BFA8F1300A9A
:10A8F00090F80080D8BFA2F13006B8F12F0FC14602
:10A9000004F1010440F3B48006EB8602B8F1390F7C
:10A9100008EB4202DFDD01228B49099301F0C0FA06
:10A92000099B002871D117994A1C17924978104643
:10A930008C46002C40F0F780BCF1300F40F0DB85F6
:10A94000024600210132179292F800C00846BCF17D
:10A95000300F01F10101F5D0ACF13104082C00F207
:10A96000CC81811C0E91002117460124ACF1300EE0
:10A970000A91002106EB86060EEB4606013217927D
:10A98000107801F1010CA0F1300EBEF1090F00F2B8
:10A990007B84BEF1000F00F093870E98BCF1010F8D
:10A9A00060440E9000F08A8704F10108C44609E073
:10A9B0004FEA49060CF1010CACEB0400013881426E
:10A9C00040F388840CF1FF390AEB8A00B9F1080FD3
:10A9D0004FEA400006EB8609EADDBCF1100FD8BF54
:10A9E0008246E7E77A7802F0DF02582A00F00D8409
:10A9F0000137179797F80080B8F1300FF8D0B8F109
:10AA0000000F0ED0012208925AE7B8F1650F1AD054
:10AA1000B8F1450F17D0002C32D1089A002A00F067
:10AA2000CC804FF000084FF00009069A0AB1179B3E
:10AA30001360079BBBB109F1004399464046494664
:10AA40001DB0BDE8F08F002C40F082800A940E9477
:10AA5000089A002A40F0E7824FF000084FF0000902
:10AA6000069A02B11360404649461DB0BDE8F08F1A
:10AA700001223549099301F013FA099B00284ED0B1
:10AA80003046F5F787FC092CCDE9040140F3D0826C
:10AA90000023102CA046A8BF4FF01008CDE90E33BC
:10AAA00009930A94294B03EBC80353E91223F5F7E2
:10AAB000EBFCCDE904015046F5F76CFC02460B4671
:10AAC000DDE90401F5F72AFB0F2CCDE9040100F3C1
:10AAD000AF80099B002B00F0AB82099B40F3918271
:10AAE000162B40F38684099AC4F125039342C0F2E1
:10AAF0009F80DDE90423154DC4F10F0405EBC4016B
:10AB0000D1E90001F5F7C0FC099B1C1B05EBC4054E
:10AB1000D5E90023F5F7B8FC8046894685E7179903
:10AB20004A1C17924978A1F13000092800F2DA8016
:10AB30000E90002800F0C7860120DDF838E021469D
:10AB40000A940E90C8E300BFBC040108000A010883
:10AB500000218E46179A0A940E91531C179392F86F
:10AB60000190B9F12B0F00F0BA80B9F12D0F00F070
:10AB7000AF804FF00008A9F1300CBCF1090F38D8B4
:10AB8000B9F1300F179B40F0D5800133179393F83C
:10AB90000090B9F1300FF8D0A9F13100082840F247
:10ABA000C78000230F9354BB089B0B437FF439AF3E
:10ABB000BEF1000F40F04F841346B9F1690F00F069
:10ABC0002C8400F32484B9F1490F00F02684B9F1F4
:10ABD0004E0F7FF441AF7A4917A8089301F0C0FFE8
:10ABE000002840F098844FF000084FF00009089BBF
:10ABF00036E7002317920F93D5E700230F930A9AA5
:10AC00003046002A14BF13462346102C0A93DDE970
:10AC10000E23A3EB0203A0460993A8BF4FF0100830
:10AC2000F5F7B8FB092CCDE904013FF73BAF50E73E
:10AC3000099AA4EB08031344002B40F3A28013F0FD
:10AC40000F0123F00F0940F03583B9F59A7F00F327
:10AC5000F383B9F1100F4FEA291800F08A85DDE976
:10AC600004014FF0000ADFF85C9118F0010F03D0E7
:10AC7000D9E90023F5F708FC4FEA6808B8F1010F9D
:10AC80000AF1010A09F10809EFD1CDE904014D4BA0
:10AC900003EBCA01059BD1E90001A3F154730593AD
:10ACA000DDE90423F5F7F0FB474BDFF820C10B404B
:10ACB00063450A46CDE9040100F2BE8344498B4254
:10ACC00040F2D0844FF0FF32424BCDE904235AE0EA
:10ACD0004FF00108931C179392F802904BE74FF046
:10ACE0000008F7E701F0DF0145297FF4C9AE002134
:10ACF0004FF0010E0A940E912FE70CF0DF0CBCF11F
:10AD0000450F7FF48EAE00244FF0010E0A940E948E
:10AD100023E7002207927A1C179297F80180B8F176
:10AD2000000F3FF499AE1746C4E501220792F2E7FF
:10AD3000A9F1300C581C179093F80190B9F12F0F1E
:10AD400009DCF1E20130179090F80090ABF1300C83
:10AD5000B9F12F0F06DD0CEB8C0BB9F1390F09EBB4
:10AD60004B0BEFDDC01A082840F3DE8244F61F6368
:10AD70000F93B8F1000F3FF416AF0F9B5B420F9398
:10AD800011E740F0D982002308932346394628462C
:10AD90000A9A009602F090F81390002800F04C8375
:10ADA000DDE90E329B1A099A4FF0000B002AA8BF6A
:10ADB00000230E9322EAE2734FF000091293DFE0C2
:10ADC000CC040108D80901080000F07F0000A07C35
:10ADD0000000907CFFFFEF7FA149D21A8B42A4EBC9
:10ADE0000204C0F2A981012303FA02F800231093A0
:10ADF000089B26443C44A7421E443B46A8BF23462A
:10AE0000B342A8BF3346002B02DDE41AF61AFF1A3C
:10AE10000E9B002B00F33281002C00F34A81099B2A
:10AE2000002B00F37F81002E00F36E81002F08DDE0
:10AE300059463A46284602F049FA8346002800F06F
:10AE40006C8152462846189902F0D4FA81460028AF
:10AE500000F063810023C2685946C3600F9202F07C
:10AE6000A9FA0028C0F24084059C00F0948359465A
:10AE7000484602F05FFC00224FF0804306460F4632
:10AE8000F5F77EFD002800F0D6800F9B002B40F0E8
:10AE90006081049B002B40F0E781C4F31303002B77
:10AEA00040F084810022304639466E4BF5F75EFD56
:10AEB000002840F03C8300226B4B30463946F5F7C2
:10AEC000E3FA0B460246CDE9102301F100430C9052
:10AED0000D93664A664B22409A429046DDE90C6724
:10AEE00000F03E81089B1BB3B2F1D46F20D85AA367
:10AEF000D3E90023DDE91001F5F742FDA0B1DDE95A
:10AF00001001F6F7F1FA012838BF0120F5F742FAEF
:10AF10000F9BCDE91001002B40F0A48201F100430A
:10AF200014901593DDE9146707F1D663A3EB0807C6
:10AF3000DDE90A0102F01EFB02460B4630463946A7
:10AF4000F5F7A2FADDE90A23F5F7E8F80C46CDE9B2
:10AF50000401089B23B9454B2340984500F02F81FD
:10AF60002846189901F04CFF5146284601F048FF49
:10AF70005946284601F044FF4946284601F040FF63
:10AF8000139C2846616801F015FF8246002800F0F6
:10AF9000C480226904F10C01023292000C30F6F7F1
:10AFA0002DFA1AAB019319AB00932846DDE904345E
:10AFB0001A46CDE90A34234602F060FB18900028B7
:10AFC00000F080800121284602F032F883460028F4
:10AFD00000F0A380199B002BC0F292800E9A129E63
:10AFE0009F18089A1A9C9B1A2344224A013B9342B9
:10AFF000C4F13604FFF6F0AE00234FF001081093C1
:10B00000F6E61633FFF614AEDDE90E32DDE9040193
:10B010009A1A194B03EBC203D3E90023F5F75EFB41
:10B020008046894601E5A6460024179A214694E504
:10B03000DDE90489F9E40C4B304639460022F5F786
:10B0400023FA0F9BCDE91001002B7DD101F10043C4
:10B050000C900D933DE700BF0000C0FFFFFFDF41F4
:10B06000E3FBFFFF0000F03F0000E03F0000F07F47
:10B070000000E07F02FCFFFF000A010859461A4663
:10B08000284602F0C7F8189A8346002800F06C831F
:10B090000146284601F0FAFF1899002800F0608365
:10B0A0000F90284601F0ACFE0F9B002C18937FF701
:10B0B000B6AE22462846189902F008F918900028E2
:10B0C0007FF4ADAE564601465C46CA4622234FF099
:10B0D0000008DFF8C4922B60284601F091FE31464B
:10B0E000284601F08DFE2146284601F089FE2846BB
:10B0F000139901F085FE5146284601F081FE94E443
:10B10000129A0E9FD61A6CE751463246284602F034
:10B11000DDF8824600287FF489AE56465C46CA4672
:10B120001899D3E751462846129A02F073F88246DE
:10B1300000287FF478AEF0E70121984A8846D21AB9
:10B1400001FA02F3109353E6DDE91023CDE90C2355
:10B15000BFE60022924BCDE90C23CDE91023B8E6DF
:10B16000A4F154730593DDE904673046394602F0D3
:10B1700001FADDE90C23F5F787F932463B46F4F78F
:10B18000CDFF854B874E0B40B342CDE9040140F221
:10B190008D80DDE90A01844B994201D10130BCD098
:10B1A0004FF0FF33804CCDE90434D9E600227F4BC9
:10B1B000CDE90C2300227A4BCDE9102389E6DDE9A5
:10B1C00010673046394604F0A7FCF5F72FF9024620
:10B1D0000B4630463946F4F79FFF0F9B049AC4F3A1
:10B1E00013041343234306460F462BD164A3D3E92C
:10B1F0000023F5F7BBFB00283FF4B2AE5C46564691
:10B20000CA46DDE90489189966E7079B0290019315
:10B2100018AB00932846664A19AB17A901F0A6F9A6
:10B2200010F00F0604463FF4FCAB062E40F01F81E1
:10B23000002301374FF000084FF0000907931797DC
:10B24000FFF7F3BB50A3D3E90023F5F78FFB0028EA
:10B25000D4D14FA3D3E9002330463946F5F7A4FBF8
:10B2600000283FF47DAEC9E7049B012B9ED1002C42
:10B270009CD156465C46CA4622234FF000084FF048
:10B28000000918992B6027E700F0DF00452800F03F
:10B29000DB80002C7FF4B1AC089A4FF0000811431A
:10B2A0004FF000093FF4DCABFFF7BFBB01F1547472
:10B2B00005944EE63F48DDE9042300EBC101D1E9E6
:10B2C0000001F5F7E1F8CDE90401B9F1000F3FF411
:10B2D0005AADBAE401394144082901F101047FF76C
:10B2E00048AB102CD8BF0AEB8A0A4FF00001D8BF38
:10B2F0000EEB4A0AFFF742BB012238462E4909935A
:10B3000000F0CEFD099B48B9824617985646024682
:10B310000130179092F801C0FFF70EBB089A002A7F
:10B320003FF49AABFFF77DBB44F61F639C45A8BF73
:10B330009C46CDF83CC01CE55B424FEA231813F055
:10B340000F030ED0DDE904011A4A02EBC303D3E96F
:10B350000023F5F7C3F9CDE90401B8F1000F3FF47C
:10B3600012ADB8F11F0F00F37981DDE9040118F087
:10B37000100318BF6A23DFF84490089324E000BF4D
:10B380009535A094FFFFCF3F9535A094FFFFDF3F99
:10B3900035E5AF350000E03F0000F07FE2FBFFFF46
:10B3A0000000F03FFFFF9F7CFFFFEF7F0000F0BF3A
:10B3B00088080108000A0108BC040108A008010867
:10B3C0004FEA680809F1080918F0010F06D14FEAA1
:10B3D000680809F1080918F0010FF1D0D9E9002334
:10B3E000F5F752F85FEA680800F0AF8009F1080944
:10B3F000F1E70998A949DDE9042301EBC001D1E98E
:10B400000001F5F741F880468946FFF70EBBB9F118
:10B410006E0F3FF4E0ABFFF71FBBA14917A80493E1
:10B4200001F09EFB002840F0A8804FF000084FF08C
:10B430000009049BFFF714BB22232B604FF0000888
:10B44000DFF86092FFF7F1BA002C00F04B824FF06A
:10B45000010EFFF782BB4FF000084FF000091346C2
:10B46000FFF7FEBADDE91034CDE914345AE5189A35
:10B470003AB135211AA802F08BF92846189901F043
:10B48000BFFC013E042E00F23E82DFE806F0032EF0
:10B490002B2003001A9B0493199B03F233421B9B3E
:10B4A00023F4801343EA02530593E20502D543F0E7
:10B4B000004305937B4ADDE904891A40002A7FF4A2
:10B4C000B4AA00F01BFE22230360FFF7AEBA4FF0D0
:10B4D000FF326FF00043CDE90423E3057FF5A8AD0B
:10B4E000059BE4E76F4B0593F7E7DDE91A121B9B19
:10B4F000CDE90412D9E7ACF13102082A20D92CF0A9
:10B50000200CBCF1450F7FF409AF002201240A9200
:10B510000E92FFF79DBA179B1B78282B00F0D08066
:10B520006148FDF729FD80468946FFF77EBA002273
:10B530005E4BCDE90C2300225D4BCDE91023C8E41E
:10B54000012102460E91FFF70EBA089BCDE90401D6
:10B55000002B7CD0C1F30A52C2F16B03002B76DDC5
:10B560001F2B6CDD342BCDF8108040F387814FF01A
:10B570005C7305936A23089307E4179B4D49013BCD
:10B5800017A8179301F0ECFA00287FF457AF179B28
:10B590000133179352E727460F9A5646C646CA46C6
:10B5A000DDE90A895C46DDF840C04349C7F313036F
:10B5B000002A5CD08B4200F01681BCF1000F00F035
:10B5C0000C811CEA070F36D04046494601F0D2FFF5
:10B5D000089B002B00F01481C7F30A57C7F16B07D3
:10B5E000002F40F374813F0507F17F53002203F5DC
:10B5F0004013F4F749FF02460B4640464946F4F72C
:10B600008DFD80468946404649462C4B0022F4F782
:10B610003BFF244B80460B408946002B7FF4F3AD63
:10B6200022232B60EFE5BCF1000F00F0AC801CEA98
:10B63000070F40F0AC80089B002BE4D1E3E54FF00E
:10B64000FF3202FA03F303400493DDE90401002210
:10B650000023F5F781F900283FF497AB22232B60F4
:10B66000FFF7DFB902F154730593FFF78CBB002B92
:10B6700040F08480DDE904120B460029D3D1089BF9
:10B68000002B00F0EB80DFF81CB007EA0B0BBBF1DE
:10B69000D66F58D8BBF15C7FB5D8EDE5000A01083C
:10B6A000C00401080000F07F340401080000E0BF7E
:10B6B0000000E03FC4040108FFFF0F000000503904
:10B6C000974917A81AAA01F06FFA05287FF428AF46
:10B6D0001B9B43F0FF4343F4E00305931A9B049341
:10B6E000DDE90489FFF7A1B90F9BDDE904010343FC
:10B6F00056465C46CA46DDE90A899CD1C1F313036C
:10B700000F46002B97D121F0004B4FEA1B5B4FEA0D
:10B710000B5BBBF1D66F8ED9DAF814201AB9DAF8C0
:10B720001020012A87DD51460122284601F0CEFD76
:10B730002146824601F03EFE00287FF77CAF089B41
:10B74000002B00F08B80ABF580136FEA13536FEA88
:10B75000035305934FF0FF330493DDE9048952E767
:10B7600056465C46CA46B1E4564611465C46CA4651
:10B77000ACE44FF0000A6B4BFFF78ABABCF1000F44
:10B780007FF455AF049B1EEA030F3FF454AF4046CD
:10B79000494601F0EFFE089B002B4FD0C7F30A5734
:10B7A000C7F16B07002F40F39A803F0507F17F53E5
:10B7B000002203F54013F4F767FE02460B464046AD
:10B7C0004946F4F7A9FC0022002380468946F5F794
:10B7D000C3F800283FF417AF4EE5049B1EEA030FA1
:10B7E0003FF429AFF0E6089B04999BB9481C18D098
:10B7F000BCF1000F6ED01CEA070F3FF404ADE3E686
:10B8000002460B4640464946F4F788FC8946804686
:10B81000189961E4444B3B40B3F1D46F38D94A1CCA
:10B820003FD1424B9F4263D03F4B3B4003F58013D7
:10B83000059300230493DDE90489FCE602460B46E8
:10B8400040464946F4F768FC0022002380468946BA
:10B85000F5F782F800283FF4D6AC0DE5324B189985
:10B860003B40A3F580136FEA13536FEA035305932C
:10B870004FF0FF330493DDE904892DE44FF0FF33EB
:10B88000C2F14B0293400B400593DDE90401DEE673
:10B890004FF0FF301B0DC3F16B0300FA03F3994225
:10B8A000BFD0BCF1000F04D01CEA070F3FF4ABAED1
:10B8B0008AE611EA0E0F3FF4A6AE85E621460BE5B7
:10B8C0006146FFF75BB801210A94FFF757B80246BB
:10B8D0000B4692E611EA0E0F3FF495AC74E6024671
:10B8E0000B466CE700297FF4B2AD0124FFF7B0B836
:10B8F000013199D122234FF000081899DFF82890E0
:10B900002B60FFF7E9BBE10505D54FF00043059338
:10B91000DDE90489D5E54FF000084FF00009D0E5D6
:10B9200074080108D80901080000F07FFFFFEF7FCD
:10B9300084460A460249034B08686146FEF744BF45
:10B94000C00600206C040020024A0349034800F0AE
:10B95000C9B800BF6004002041D80008C806002014
:10B960000C4B416810B59942044601D001F068FFC4
:10B97000A168094B994202D0204601F061FFE168BD
:10B98000064B994204D02046BDE8104001F058BF54
:10B9900010BD00BFF41600205C170020C417002063
:10B9A0002DE9F84300250423304C314A3149DFF8B2
:10B9B000C890DFF8C880324F324E116004F15C004D
:10B9C00029460822C4E90335C4E90055C4E90555F0
:10B9D000A560656600F020FA04F15800C4E9074943
:10B9E000C4E90987E66200F0B7FB274B2946082225
:10B9F00004F1C4006367C4E91A55C4E91E552567FC
:10BA0000C4F8CC50C4F8805000F006FA04F1680382
:10BA100004F1C000C4F88430C4E92298C4E9247653
:10BA200000F09AFB194B294604F596700822C4F8D9
:10BA3000DC30C4E93455C4E93855C4F8D850C4F8EA
:10BA40003451C4F8E85000F0E7F904F1D003C4E938
:10BA50003D87C4F8F09004F59470C4F8FC60C4F815
:10BA6000EC30BDE8F84300F077BB00BFF4160020CF
:10BA70002C18002049B9000889BD0008ADBD000898
:10BA8000EDBD000811BE000809000100120002000F
:10BA900010B504460A4800F063FB636B23B9094BF9
:10BAA000094A1B68626323B1BDE81040044800F0F6
:10BAB00059BBFFF775FFBDE81040014800F052BBCD
:10BAC0003C1800202C18002061B90008014800F043
:10BAD00047BB00BF3C180020014800F043BB00BF3B
:10BAE0003C1800202DE9F84380460F464FF000092E
:10BAF00016467568013D11D4B468A389012B08D995
:10BB0000B4F90E30013304D021464046B84749EA23
:10BB10000009013D6B1C04F16804EED13668002E6B
:10BB2000E7D14846BDE8F88330B5054689B00846F8
:10BB30000C4600F027FB012302222A49CDE90440EC
:10BB4000079318446B6B069104A9CDE90112AC6808
:10BB50000390002B3ED0636EB4F90C20D8071CD59F
:10BB6000910423D442F4005223F40053A28163666B
:10BB7000990433D42846214601AA01F08BFF0028FE
:10BB800014BF4FF0FF350A25636EDA0702D4A3898C
:10BB90009B0510D5284609B030BD900511D59104FC
:10BBA000E0D59B04E6D54FF0FF35F0E79B04E1D5E7
:10BBB0004FF0FF35EEE7A06D00F0D4FA284609B04B
:10BBC00030BDA06D00F0CCFAB4F90C20636E900487
:10BBD000CED4C7E72846FFF75BFFBCE74FF0FF3541
:10BBE000D3E700BFD0040108024B01461868FFF7F5
:10BBF0009BBF00BFC00600202DE9F041614D044607
:10BC00002F6890460E461D4684B01FB17B6B002BFB
:10BC100000F0A180B8F1020F06D0B8F1010F00F2D8
:10BC20009E80002DC0F29B80636EDB073ED52146CF
:10BC3000384601F0F7FE216B41B104F1400399420F
:10BC400002D0384600F032FB002323630022B4F90F
:10BC50000C30A2611906626056D423F44A6323F0C3
:10BC60000303B8F1020FA38155D003AB2146384638
:10BC700002AA02F0F3F8A3891843A081EDB1EEB156
:10BC80007B6B43B3029AB4F90C30AA421CBF43F455
:10BC90000063A381B8F1010F21D01807C4E904653E
:10BCA000266025D5D9074BD4A56023E0A389980544
:10BCB000BDD4A06D00F054FAB9E7029D2846FEF706
:10BCC000A5FA064600284DD0A38943F08003A3813E
:10BCD0007B6B002BD6D13846FFF7DAFED2E7C4E9FA
:10BCE000046543F0010226601E07A28129D4134691
:10BCF0000022A260626ED20701D49B0527D50025E1
:10BD0000284604B0BDE8F0813846216900F0CEFA3B
:10BD1000B4F90C30A1E700250020012104F1430211
:10BD200022602261626E43F00206D207A681A06003
:10BD30006161E5D49F05E3D4A06D00F013FADFE75D
:10BD40001A4600216D421346A561A160D2E7A06D9D
:10BD500000F008FAD3E73846FFF79AFE5AE74FF0AB
:10BD6000FF35CDE7029BAB4207D018460193FEF7A3
:10BD70004DFA019D06460028A6D14FF0FF35B4F9D3
:10BD80000C30C9E7C006002010B50C46B1F90E1002
:10BD900000F060F9002803DB236D0344236510BD28
:10BDA000A38923F48053A38110BD00BF2DE9F04186
:10BDB0001F46B1F90C301646DA050C4605460BD481
:10BDC00023F48051A1813B4632462846B4F90E1037
:10BDD000BDE8F04100F07CB902230022B1F90E1059
:10BDE00000F022F9B4F90C30EAE700BF10B50C46B8
:10BDF000B1F90E1000F018F9B4F90C30421C0EBF66
:10BE000023F4805343F480532065A38110BD00BF09
:10BE1000B1F90E1000F0F6B830B584078646034637
:10BE200006D0A2B303F8011B980702F1FF32F8D144
:10BE3000032A26D95FFA81FC0CEB0C2C0F2A0CEBA1
:10BE40000C402AD922F00F0C9C44C3E90000C3E93E
:10BE5000020010336345F8D112F00C0F02F00F0509
:10BE600017D01A464FEA950C0CF1FF3403EB8C0CFB
:10BE700042F8040B6245FBD1043305F0030203EBE7
:10BE8000840322B11A4403F8011B9A42FBD1704685
:10BE900030BD2A46002AF5D1F9E71546E1E700BF93
:10BEA0008AB340EA01039B0730B504468E4618D199
:10BEB000032A0BD815E0043A23D01CF0803F20D190
:10BEC000032A01F1040E00F1040422D92368DEF8EC
:10BED0000050A3F10131AB4221EA030C2046714628
:10BEE000E9D003780C78A3420FD1013A024406E06E
:10BEF0006BB110F8013F11F8014FA34205D19042F8
:10BF0000F6D1002030BD10467047181B30BD1846D2
:10BF100030BD20467146E4E7024A012312685032E0
:10BF200000F002B8C006002030B5154620B38646A2
:10BF30004C1E7246A44612F8010B01E0884214D050
:10BF40001CF8011F0029F9D1E0B11046A44610F8F1
:10BF5000011B00E063B11CF8013F9942FAD149B1DD
:10BF6000002313702860704630BD73B19646E0E739
:10BF70000246EAE70846F5E7D2F800E0BEF1000F16
:10BF8000D6D100E02860002030BD2A6070468EF8CF
:10BF90000030E9E710B5174B1F281C6882B023D882
:10BFA000D4F8F811024671B151F820305BB1012B81
:10BFB00006D0B3F1FF3F12D0002441F8204098474B
:10BFC000002002B010BD2046019200F06DF801463D
:10BFD0002046019A02B0BDE8104000F051B8162387
:10BFE0000120236002B010BD16234FF0FF30236004
:10BFF000E7E700BFC0060020014B93F8100270472E
:10C000006C04002038B50023064C05460846236022
:10C01000FBF77CFE431C00D038BD2368002BFBD00F
:10C020002B6038BD301800208C461146002238B5F0
:10C03000074C0546226060461A46FBF775FE431C16
:10C0400000D038BD2368002BFBD02B6038BD00BF6B
:10C05000301800208C461146002238B5074C0546A2
:10C06000226060461A46FBF769FE431C00D038BDCB
:10C070002368002BFBD02B6038BD00BF3018002098
:10C0800038B50023074C0546084611462360F5F7EE
:10C09000BDFE431C00D038BD2368002BFBD02B60B5
:10C0A00038BD00BF30180020F5F7AEBE38B500230C
:10C0B000064C054608462360F5F7B8FE431C00D041
:10C0C00038BD2368002BFBD02B6038BD3018002012
:10C0D0008C461146002238B5074C05462260604662
:10C0E0001A46FBF7FFFD431C00D038BD2368002B28
:10C0F000FBD02B6038BD00BF30180020014B186802
:10C10000704700BFC006002070B50F4B0F4E9E4217
:10C1100009D01D460024F61AB61055F8043B013428
:10C120009847A642F9D803F02DFD094E094B9E42CF
:10C1300009D01D460024F61AB61055F8043B013408
:10C140009847A642F9D870BDE80D0108E80D01082E
:10C15000F40D0108E80D0108704700BF704700BFEB
:10C16000704700BF704700BF082802D14FF48050CD
:10C17000704708B5FFF7C2FF162203464FF0FF30A5
:10C180001A6008BD20F0030110F00300C0F10000A8
:10C1900051F8043B00F1040C4FEACC0C6FF00002A4
:10C1A0001CBF22FA0CF213434FF0010C4CEA0C2C8A
:10C1B0004CEA0C4CA3EB0C0222EA030212EACC126A
:10C1C00004BF51F8043B0430F4D0C2F1000102EA8C
:10C1D0000102B2FA82F2C2F11F0200EBD2007047F4
:10C1E000024B13B1024800F005B870470000000090
:10C1F0007DE10008002301461A46184602F012B8F5
:10C20000F8B5064608200C46FFF7AEFF0746304655
:10C21000FEF7CEFA224A93685D6825F00305A5F182
:10C2200011031C1B3C44B4FBF7F4013C07FB04F472
:10C23000A74208DC00213046FFF738FF184A936810
:10C240002B44984204D03046FEF7B8FA0020F8BDDF
:10C2500030466142FFF72AFF0130114A0DD01149E3
:10C2600093682D1B45F001055D600B6830461B1B74
:10C270000B60FEF7A3FA0120F8BD00213046FFF75E
:10C2800015FF074A9268831A0F2BDCDD43F0010388
:10C290005360054B03491B68C01A0860D3E700BF11
:10C2A00058000020C016002050000020002960D057
:10C2B0002DE9F0410C460746FEF77AFA54F804ECF3
:10C2C0007949A4F1080C2EF001030CEB03028D68F0
:10C2D0005068954220F0030000F0878050601518E8
:10C2E0006D6805F001060EF001058DBB54F8084C91
:10C2F00001F1080EACEB040C2344DCF80840744553
:10C3000066D0DCF80C50E560AC60002E00F08A804E
:10C3100043F00100CCF804001360B3F5007F32D283
:10C320005809DA08012383404868013203434B600F
:10C3300051F8320001EBC203083BCCE9020341F89B
:10C3400032C0C0F80CC03846BDE8F041FEF736BA3E
:10C3500086B9034401F1080E906843F0010470456A
:10C3600079D0D268C2609060CCF804404CF80330B9
:10C37000D3E770474EF00102B3F5007F44F8042C78
:10C380004CF80330CCD3B3F5206F4FEA53224BD295
:10C390009A0902F1390002F13804C20088188A585B
:10C3A0000838904203D15FE09268904204D051680F
:10C3B00021F003019942F7D8D068CCE90220C0F8F7
:10C3C00008C03846BDE8F041C2F80CC0FEF7F6B927
:10C3D000AEBB1844D2E90223D3609A6040F0010357
:10C3E000CCF804304CF80000ADE718440EF001031F
:10C3F00043B954F8083CACEB030C1844DCE90223C5
:10C40000D3609A6040F00103CCF80430274BC1F8A8
:10C4100008C01B68834296D8254B38461968FFF739
:10C42000EFFE90E7034497E7142A0ED9542A22D846
:10C430001A0B02F16F0002F16E04C200AEE743F086
:10C440000101CCF8041013607DE702F15C0002F1F9
:10C450005B04C200A2E7C1E904CCCCE902EECCF84F
:10C4600004404CF803306EE70123A410A3404C684D
:10C4700023434B60A1E7B2F5AA7F06D8DA0B02F19D
:10C48000780002F17704C20088E740F254508242FB
:10C4900006D89A0C02F17D0002F17C04C2007DE70F
:10C4A0004FF47E727E2479E758000020540000206B
:10C4B000F01600202DE9F041D0F810E0BEEB611F2E
:10C4C00005DC0023036100234361BDE8F08100F136
:10C4D00014044E1111F01F0C04EB8E0504EB8603BF
:10C4E00027D054F8261004339D4221FA0CF137D995
:10C4F0002746CCF120081A6802FA08F20A4347F8E6
:10C50000042B53F8041B9D4221FA0CF1F3D8AEEB37
:10C51000060E4FEA8E0EAEF1050E4FEA9E02231D67
:10C520002EF0030E43F822109E4489B10EF1040E42
:10C530000EE09D4288BF00F11002C2D953F8041BDF
:10C540009D4242F8041FF9D8AEEB060E04EB8E0EA6
:10C55000AEEB04039B10A6450361B4D0BDE8F081A7
:10C5600041610029ADD0A646E0E700BF2DE9F04FBC
:10C570008B46096885B002938B789246302B0090E9
:10C5800040F01C82CA1C13781446302B02F10102C1
:10C59000F9D0A4EB0108A8F10208B04EF35C002B1F
:10C5A00000F0EE80002322781D46B25C002A00F0E5
:10C5B0006E81274617F8012FB25C002AFAD10122BA
:10C5C0003846A7490193FFF76BFC019B8146002881
:10C5D00050D03A78002D00F0C781A5EB07094FEA4B
:10C5E000890902F0DF02502A3D4650D0CBF8007096
:10C5F000002B74D12A1B013A072A194604DD521078
:10C60000072A01F10101FADC009800F0D3FB834610
:10C61000002800F09A8200F11407AC42019780F0E4
:10C620000182CDF80C904FF00008A14600240CE0E8
:10C63000202C19D0214604342A78B25C02F00F0273
:10C640008A4048EA02084D4552D015F8012D2E2A9D
:10C65000EED14D45ECD3012228468149FFF720FC5D
:10C660000028F0D0202CE5D1002147F8048B0424C9
:10C670008846E1E7002D00F094813A78A5EB0709A0
:10C6800002F0DF02502A3D464FEA8909AED16A78AE
:10C690002B2A00F067812D2A40F0E4800120AA783F
:10C6A000AF1CB15C4A1E182A00F2E4807A78103977
:10C6B000B25C013752B90BE001EB810102EB4102A0
:10C6C000A2F1100117F8012FB25C0AB1192AF3DDAB
:10C6D00000B149428944CBF80070002B8AD0B8F1F0
:10C6E000000F0CBF06240024204605B0BDE8F08FE3
:10C6F000DDF80C90019B47F8048BFF1ABB104046F5
:10C70000CBF8103000F02CFCDAF80050C0EBC7007A
:10C71000A84255DCC0F22A81DAF808304B45C0F255
:10C720001881DAF80430994580F2A680A3EB090954
:10C73000A94570DA09F1FF34002C40F086812646C5
:10C7400001230199621151F8222004F01F04A34033
:10C75000134249465846A5EB090500F08581FFF7CD
:10C76000A9FEDAF80C40DAF80490022C00F03981C6
:10C77000032C00F09381012C00F08C8112247CE0CA
:10C78000012220463649FFF78BFB0346002840F084
:10C7900080806278651CB15C00297CD0302A2C46F0
:10C7A00040F07E8114F8013F302BFBD0F25C4FF05B
:10C7B0000108B2FA82F35B09002A7FF4FAAE66E060
:10C7C000441B2146584601F00BF8064678B1012675
:10C7D000621E0199531151F8231002F01F0306FA4B
:10C7E00003F30B4203D0B24200F335810226214607
:10C7F0005846FFF75FFEDAF80830A1444B45C0F217
:10C80000A880DAF804304B4540F3DC80A3EB09093B
:10C810004D4500F30B81DAF80C20022A43D0032A9D
:10C8200000F02C81012A41D1A9453FD1B9F1010F76
:10C8300008D0584609F1FF3100F0D2FF002835D06A
:10C84000DAF804300122029962240B60019BCBF8D4
:10C8500010201A600E9BC3F800B045E7C808010815
:10C86000BC040108B15C00204A1E182A05F101072A
:10C870007FF61CAF2F46B9E6012420460E9BC3F875
:10C8800000B0029BC3F8009005B0BDE8F08F2746CA
:10C8900095E62546227802F0DF02502A00F0EA8071
:10C8A000CBF800501BE70F9A002ACBD050240098F9
:10C8B000594600F0A5FA002320460E9A136005B0F1
:10C8C000BDE8F08FDBF808309E4280F2EC80012258
:10C8D000022C06EB02000BEB8606CBF81000DDF80D
:10C8E0000480726100F0CF80002840F30281DBF801
:10C8F000143008EB80000BF1180188424FEA530313
:10C9000040F2178144460A6843EAC27344F8043B84
:10C9100051F8043B88424FEA5303F4D8A0EB0B02D2
:10C92000193A08F10401900822F0030241F820307E
:10C930000A4403B10432A2EB08039B104245CBF832
:10C94000103000F0D980DAF8083009F101094B45C0
:10C9500066DA5946009800F053FA00230E9AA32491
:10C960001360C1E600209AE6A9463AE62C1A594619
:10C970002246009800F0AAFCDAF80830A9EB040976
:10C9800099458346E5DCDAF804309945BFF674AF83
:10C99000A3EB090900F11402A9450192BFF63BAFD0
:10C9A000C8E67A787D1CB15C2F4600293FF419AEA9
:10C9B00017F8012FB15C0029FAD10EE64FF00008FC
:10C9C0008C1CEAE50124002E3FF457AFDAF80C3056
:10C9D000022B06D0032B08D0012B2ED044F01004DC
:10C9E0004BE70F9BC3F101030F930F9B002BF5D077
:10C9F000019BDBF8106098461A46002003EB860185
:10CA000004E042F8040B91427FF65CAF13685F1CB0
:10CA1000F7D00133022C136035D015F01F056FD10C
:10CA200021242AE74FF00008019F63E609F1FF3453
:10CA3000002E3FF481AE012682E6B207CED5019BDF
:10CA40001B681E43F307D3D4C8E72146584600F0BD
:10CA5000C7FE064674E65846A11E00F0C1FE002837
:10CA60003FF4C4AE0326C2E6FFF724FD0224DAF841
:10CA70000490A8E74FF00009012308E60F9A002A66
:10CA80007FF4E0AE12E7DAF80030013BAB4244D06D
:10CA90002224F2E6022446F00206D0E70224A4E7AC
:10CAA0004FF0010885E5DBF804100098013100F033
:10CAB00081F90746002842D0DBF810300BF10C0159
:10CAC00002339A000C30F4F799FC5946009800F0B4
:10CAD00097F901213A69022C02EB010007EB82026F
:10CAE0003861BB4607F114085161CCD0864294DA14
:10CAF000FAE60023CBF810300023CBF8143022E7FD
:10CB000008EB860656F8040C00F02AFAC5F1200559
:10CB1000A84285DADBF81000E6E601236A1158F82E
:10CB2000222005F01F05AB40134214BF212422240C
:10CB3000A3E6C8F80030002BDBD04246FAE60246F6
:10CB40008421054B054801F0AFFB0246E421024B6E
:10CB5000024801F0A9FB00BF180501082C050108D7
:10CB60000139036811F8012F03F1010CB2B100B5CE
:10CB700002E011F8012F62B11CF8013BA3F1410E54
:10CB8000BEF1190F98BF20339342F2D0002318460C
:10CB900000BD0123C0F800C0184600BD0123C0F845
:10CBA00000C01846704700BF2DE9F04F15460B68CE
:10CBB00082465A1105EB820213F01F0385B00093E1
:10CBC0004FF000000DBF1346131D9646A2F1040E50
:10CBD000DAF8002043F8040C5178002900F0B48002
:10CBE0001F46CDF804A00B4680467446F4468146A5
:10CBF00082467146634E013210E0202B00F29E8087
:10CC0000504508DDA44502D2B8F1070F69DD65453E
:10CC10005ED34FF0080812F8013FCBB116F803B00D
:10CC2000BBF1000FE9D008F10108B8F1080F00F1DD
:10CC3000010042DCDCF800304FEA031E0BF00F0B62
:10CC40004BEA0E03CCF8003012F8013F002BE5D17F
:10CC50003B468E46002877D0A44502D2B8F1070F94
:10CC60007ADD65455BD26246291F52F8040B724596
:10CC700041F8040FF9D9AEEB0C020EF1010122F0DC
:10CC800003020CF1010C8C4588BF00220020291DF5
:10CC90000A441146043272450860FAD953F8041C5C
:10CCA00019B106E05EF8043D1BB97545FAD10123C0
:10CCB0002B60052005B0BDE8F08F6545ABD24CF880
:10CCC000049C4FF0000E4FF00108ACF1040CB5E7E6
:10CCD000ACF104044CF8049C8246A4464FF00008D2
:10CCE00099E7C8F1080ECDE902C7E046DCF800304C
:10CCF00094464FEA8E0ECEF1200BD8F8042002FAAB
:10CD00000BF71F4322FA0EF3C8F8007048F8043FEF
:10CD1000A045F2D36246039FDDF808C077E7009A8A
:10CD200053F8041C002ABBD04FF0FF30C2F12002A0
:10CD300020FA02F2114043F8041CB1E7292B8E4679
:10CD40003B46DDF804A003D0042005B0BDE8F08F19
:10CD50000132CAF800207DE7DCF80010664608467C
:10CD6000C8F108029200C2F12008776807FA08F1BA
:10CD7000014327FA02F0316046F8040FA642F4D3CB
:10CD80006FE700BFC808010882B049B15AB16BB162
:10CD900013780B601278101E18BF012002B0704784
:10CDA00001A9002AF3D1104602B070476FF00100CC
:10CDB000F4E700BF38B5436C05460C464BB153F859
:10CDC000240080B1026843F824200023C0E9033323
:10CDD00038BD2122042101F089FA03466864002845
:10CDE000EDD1002038BD0121284601FA04F56A1D65
:10CDF000920001F07BFA0028F3D0C0E90145E4E796
:10CE000031B1436C4A6853F82200086043F822109D
:10CE1000704700BFF0B517460E4600221C460D694C
:10CE200083B001F1140EDEF8001001328BB207FB63
:10CE30000343090C4FEA134C07FB01CC9BB203EBF5
:10CE40000C4395424EF8043B4FEA1C44EBDC3CB1EA
:10CE5000B368AB4207DD06EB850301355C613561E4
:10CE6000304603B0F0BD716807460131FFF7A2FFFD
:10CE70000346B0B1326906F10C01023292000C3067
:10CE80000193F4F7BBFA7A6C716852F821003060B4
:10CE900042F82160019E06EB850301355C61356136
:10CEA000DEE70246BA21024B024801F0FDF900BF5D
:10CEB00018050108900501082DE9F843092B1E46C5
:10CEC000054688461746089C3CDD01230021214881
:10CED00006F10802A0FB0202DA405B009A4201F16F
:10CEE0000101FADC2846FFF765FF014660B3012324
:10CEF000092F4461036113DC092708F10A04BE42CB
:10CF00000BDDF61B264414F8013B0A222846303B71
:10CF1000FFF780FFB4420146F5D10846BDE8F8832B
:10CF200008F10904A146B84414F8013B0A22284636
:10CF3000303BFFF76FFF44450146F5D109EB07048D
:10CF4000083CDCE70021CDE70246D321024B034831
:10CF500001F0AAF9398EE338180501089005010897
:10CF6000B0F5803F03463ABF102083400020B3F164
:10CF7000807F3CBF1B020830B3F1805F06D3B3F162
:10CF8000804F0FD29A0012D4033070471A01B2F1C9
:10CF9000804F00F1040006D29B0108D45B00F3D45B
:10CFA000202070471A46002AFBDB01307047023010
:10CFB000704700BF036859070AD0DA0721D49907E0
:10CFC0004BBF012202225B089B080360104670479A
:10CFD0009AB282B91B0CDAB2B2B11022190701D190
:10CFE00004321B09990714D0D90701D401325B0818
:10CFF000036010467047DAB24AB11A0712D1042210
:10D00000EFE700221046704718221B0AE6E70822C5
:10D01000FBE7590702D502329B08E9E7DB0804D198
:10D020002022D3E70322D340E2E70332E0E700BF48
:10D0300038B5436C04460D464BB15868B0B1026830
:10D040005A60002201234561C0E9032338BD212233
:10D05000042101F04BF9034660640028EDD1002261
:10D0600040F24511074B084801F01EF91C2201212E
:10D07000204601F03BF90028F1D001220223C0E94B
:10D080000123DEE718050108900501082DE9F04F9E
:10D090000F6915690E46AF42904685B005DB2A46FA
:10D0A00043463D46884617461E46D8F80830D8F80D
:10D0B0000410EC19A342B8BF0131FFF77BFE844690
:10D0C000002800F09C80143000EB840E704505D2DF
:10D0D0000346002143F8041B9E45FBD8143606EB9B
:10D0E000870296427CD208F1140707EB850508F108
:10D0F0001503A5EB0808AB42A8F11508CDE902E439
:10D1000091468CBF00240124E3464FEA980A05E0CB
:10D11000090C34D1B14500F104005ED956F8041B66
:10D120008AB2002AF4D0B84686460023CDE90090A2
:10D1300058F8041BDEF800001FFA81F94FEA114C81
:10D1400081B202FB0911000C02FB0C00194400EB38
:10D15000114089B241EA004145454EF8041B4FEAAF
:10D160001043E5D8DDE90090002C4FEA8A0208BFA1
:10D1700000220244536056F8041C090CCAD003680C
:10D180008846BC46864600221946CDF80090BCF879
:10D1900000909BB208FB092909EB114943EA0943B6
:10D1A0004EF8043B5CF8043BDEF800101B0C8AB21E
:10D1B00008FB0323654503EB19434FEA1342E6D806
:10D1C000002C4FEA8A0208BF0022DDF800900244DA
:10D1D000B145536000F10400A0D8DDE902E4DC466B
:10D1E000002C02DC05E0013C03D05EF8043D002B7E
:10D1F000F9D06046CCF8104005B0BDE8F08F02468B
:10D200004FF4B171014B024801F04EF818050108C6
:10D2100090050108F8B512F00303144607462FD114
:10D220000E46A4102AD03D6C002D32D004F001032C
:10D2300064103BB92868B8B1054604F001036410D6
:10D24000002BF7D02A4631463846FFF71FFF36B18C
:10D250007B6C716853F82120326043F8216074B10F
:10D26000064628680028E7D12A4629463846FFF7AF
:10D270000DFF0023286005460360DEE73046F8BD59
:10D280000F4A013B52F823200023FFF7C3FD064657
:10D29000C7E701213846FFF78DFD054640B140F252
:10D2A00071230122C0E90423002338640360BDE731
:10D2B000024640F24511034B034800F0F5FF00BF62
:10D2C000C809010818050108900501082DE9F04773
:10D2D0000D462E69AB6806EB6216741C9C429146A3
:10D2E000074649684FEA621804DD5B009C4201F181
:10D2F0000101FADC3846FFF75DFD00284ED0B8F199
:10D30000000F00F1140C0BDD6346002208F105014B
:10D3100000EB810143F8042B8B42FBD10CEB880C12
:10D32000296905F1140319F01F0803EB810E2CD0B5
:10D3300062464FF0000AC8F12009196801FA08F1A5
:10D3400041EA0A0142F8041B53F8041B9E4521FAE6
:10D3500009FAF2D8AEEB0503153B23F0030305F100
:10D360001502964538BF002304334CF803A0BAF1E8
:10D37000000F00D134467B6C6A68046153F82210B8
:10D38000296043F82250BDE8F087ACF1040C53F853
:10D39000042B9E454CF8042FF9D8EBE702464FF4D6
:10D3A000EF71024B024800F07FFF00BF1805010833
:10D3B0009005010803690A6900B5B3EB020E12D1AA
:10D3C00000F1140C14310CEB820301EB820101E03B
:10D3D0009C4508D253F8040D51F8042D9042F7D023
:10D3E00003D24FF0FF3E704600BD4FF0010E704675
:10D3F00000BD00BF2DE9F04F13690D690C46ED1A11
:10D40000002D174683B014D101F1140C143202EB35
:10D4100083020CEB830302E09C4580F0878053F885
:10D42000046D52F8041D8E42F6D080F08C800125E8
:10D4300003E0FCDB00250F4614467968FFF7BAFCD1
:10D44000002800F08B803B6900F1140207F11408FA
:10D4500007F11001834627691E46C56008EB830E5D
:10D4600004F1140001944FF0000C9146C2460B46A3
:10D47000144600EB870750F8041B53F8045F8AB288
:10D480001FFA85F8A8EB0208090CE044C1EB15412E
:10D4900001EB28411FFA88F848EA0142874249F81F
:10D4A000042B4FEA214CE6D891462246019C334694
:10D4B000381B1538153420F00300A74238BF002070
:10D4C0000AEB0001043187188E455E460C4698BF72
:10D4D0003A461ED9A2EB0A020437E14604EB0208E1
:10D4E00054F8040B1FFA80FCCC44050C484405EBAF
:10D4F0002C4580B240EA0540A6454FEA254CC8F8C5
:10D500000000EAD881460EF1FF32521A22F00302DF
:10D510003A44B9F1000F04D152F8041D013B00292F
:10D52000FAD03046336103B0BDE8F08F0021FFF739
:10D5300041FC064658B101220023C0E904233046CD
:10D5400003B0BDE8F08F3B4627461C4675E7024610
:10D5500040F23721054B064800F0A6FE024640F295
:10D560004521024B024800F09FFE00BF180501084C
:10D5700090050108114B0B40A3F15073002B03DD04
:10D5800000221946104670475B42B3F1A07F4FEA74
:10D59000235106DA4FF4002300220B4119461046AE
:10D5A000704714391E29D4BF4FF0004201224FF0BA
:10D5B0000003D8BFCA401046194670470000F07FEC
:10D5C000F8B5056900F1140404EB850555F8047CF1
:10D5D0002E1F3846FFF7C4FCC0F120030A280B6059
:10D5E00034DDB442A0F10B0C1CD255F8083CBCF160
:10D5F000000F24D0CCF1200623FA06F207FA0CF72C
:10D600001743A5F1080047F07F52844203FA0CF358
:10D6100042F4401217D255F80C0C1146F040034367
:10D620001846F8BD0B2809D0002307FA0CFC4CF073
:10D630007F5242F4401218461146F8BD002347F0CD
:10D640007F5242F4401218461146F8BDB4422CBF36
:10D65000002455F8084CC0F10B0327FA03FC38BF2F
:10D66000DC4000F115034CF07F5207FA03F342F45B
:10D670004012234318461146F8BD00BF30B50121C2
:10D6800085B0CDE90023FFF795FBDDE900230546D2
:10D69000002844D0C3F30A54C3F313010CB141F47E
:10D6A0008011002A039114D103A8FFF783FC012104
:10D6B000039B20306B6129610CB3089BA4F23344B7
:10D6C00004441C60099BC0F135001860284605B071
:10D6D00030BD02A80292FFF76DFCDDE9022328B1FC
:10D6E000C0F1200103FA01F10A43C340002B0CBF33
:10D6F000012102216A61AB612961002CDDD105EBBA
:10D700008102A0F232431069089A1360FFF728FCE7
:10D71000099BC0EB41101860284605B030BD024699
:10D7200040F20F31014B024800F0BEFD1805010820
:10D73000900501082DE9F04983B08B466946804683
:10D74000FFF73EFF04460D46584601A9FFF738FF94
:10D75000D8F81030DBF81020A3EB020CDDE9003222
:10D760009B1A03EB4C13002B0BDD05EB03573D46D7
:10D7700002460B4620462946F2F7B0FF03B0BDE84B
:10D78000F089C3EB033301EB035C6146F0E700BFB4
:10D7900002F1140310B51446126901F1FF3C4FEA7F
:10D7A0006C1C03EB82010CF1010C8B4200EB8C0C26
:10D7B0000DD2A0F1040E53F8042B99424EF8042F19
:10D7C000F9D8091B153921F00301043008448445B8
:10D7D00004D9002340F8043B8445FBD810BD00BFAA
:10D7E00003694A11934200F1140009DA00EB830344
:10D7F00002E053F8042D82B98342FAD80020704722
:10D8000000EB8203F8DD11F01F01F5D050F822C0C3
:10D810002CFA01F28A409445EED00120704700BFF7
:10D8200059B1FF2A03D801230A70184670478A228B
:10D830004FF0FF330260184670470B46184670479A
:10D8400070B5002941D006460C4610B1436B002B41
:10D850003ED0FEF73BF9636EB4F90C20DD0730D4FF
:10D86000900538D52146304600F04CF8E36A05466D
:10D8700033B13046E16998470028B8BF4FF0FF3513
:10D88000A3891A0639D4216B41B104F140039942AE
:10D8900002D03046FEF70AFD00232363616C21B1FC
:10D8A0003046FEF703FD002363640022636EA2810D
:10D8B000DB071ED5A06DFEF751FCFEF70DF92846DB
:10D8C00070BD002ACED1FEF707F90025284670BDAD
:10D8D000FEF7DEF8BDE7A06DFEF742FCB4F90C30B0
:10D8E000002BBFD1636ED907EDD4A06DFEF73AFCD3
:10D8F000E9E7A06DFEF736FCDCE730462169FEF76C
:10D90000D5FCC0E7B1F90C20F8B515070C46074661
:10D9100049D4496842F400630029A3815FDDA66A07
:10D92000002E3ED0002112F480523D68396061D152
:10D9300001233846E169B0470246501C67D0B4F96C
:10D940000C30A66A590705D56368D21A236B0BB150
:10D95000E36BD21A00233846E169B047421CB4F9A0
:10D960000C3049D139681D293ED82D4ACA40D60706
:10D970003AD5002262602269D904226023F4006251
:10D98000A28102D53B68002B3FD0216B3D6041B1A5
:10D9900004F14003994202D03846FEF787FC002389
:10D9A00023630020F8BD0E69002EFAD0920718BF3D
:10D9B00000230D6808BF4B690E60AD1B8B600BE048
:10D9C0002B4632463846E169D4F824C0E0470028A7
:10D9D000A5EB0005064406DD002DF1DCE1E7E16B77
:10D9E00000299CDCDDE7A38943F040034FF0FF30C2
:10D9F000A381F8BD226DA5E7002262602269226042
:10DA000023F40062DB04A281BFD52065BDE73B683B
:10DA1000002B94D01D2B01D0162BE4D13D60C0E724
:10DA20000100402000B5034683B008B1426B52B3F9
:10DA3000B1F90C0098B14A6ED20701D4820512D513
:10DA400018460091FFF75EFF009903464A6ED00723
:10DA500002D48A8992050ED5184603B000BD03464C
:10DA6000184603B000BD886D01930091FEF778FB66
:10DA7000DDE90013E4E7886D0093FEF773FB009B7C
:10DA8000184603B000BDCDE90001FEF701F8DDE95D
:10DA90000031CDE79368002B00F0AD802DE9F04F09
:10DAA000B1F90CC00C461CF0080F8046174683B035
:10DAB00025D00B691BB31CF002033E682BD04FF03E
:10DAC000000B5D46DFF8A8A2ADB155452B465A467E
:10DAD00028BF53464046E169D4F824C0E0470028F7
:10DAE00040F38180BB6883441B1ABB60002B71D05C
:10DAF0002D1A002DE9D1D6E900B50836E4E7214614
:10DB0000404600F0DDF9002872D1B4F90CC03E683F
:10DB10001CF00203D3D11CF0010A6ED155462368D4
:10DB2000002D53D01CF4007F1846D4F8089000F064
:10DB3000A780A945CB4600F2E1801CF4906F34D059
:10DB400021696269A3EB010902EB420202EBD27286
:10DB500009F1010352102B44934294BF93469B4614
:10DB6000934288BF1A461CF4806F00F0E58011468E
:10DB70004046FCF75BFB002800F0F3804A46216931
:10DB80000190F3F73BFCA289019B22F4906242F0E2
:10DB90008002A28103EB09002361C4F814B0ABEB4F
:10DBA0000903A946AB46A360206051465A4600F0DF
:10DBB000F5F9A2682368A2EB0902A260B9685B4488
:10DBC000491B2360B96029B1B4F90CC0D6E900A59E
:10DBD0000836A5E7002003B0BDE8F08F2146404697
:10DBE000FFF720FF70B3B4F90C3043F04003A3817A
:10DBF0004FF0FF30EFE7002070471D46B9469A46C8
:10DC000018461F465DB300282FD052462068216970
:10DC1000AA4228BF2A468842636904D9A16803EB57
:10DC2000010B5A457ADC93426BDC3A464046E16987
:10DC3000D4F824C0E047B0F1000BD4DDBAEB0B0AF6
:10DC4000CCD00120D9F80830A3EB0B03C9F8083079
:10DC5000002BBFD0A5EB0B055F44002DD3D1756819
:10DC600033460836002DFAD01F682A460A21384666
:10DC700000F098FA002871D00130A0EB070AC4E741
:10DC800022699A4222D3D4F814C0AC451ED86FF052
:10DC90000043AB4228BF2B4693FBFCF352460CFBE0
:10DCA00003F34046E169D4F824C0E047B0F100092D
:10DCB00099DDBB68A5EB0905A3EB0903BB60002B4D
:10DCC00088D0B4F90CC02368CA4429E7A94528BF05
:10DCD000A94618464A46514600F060F9A2682368F2
:10DCE000A2EB09024B44A2602360002AE1D1214645
:10DCF0004046FFF797FE0028DBD074E7A946AB4605
:10DD000053E73946019200F049F9019AA368934616
:10DD10009B1AA3602368134423608FE739465A4651
:10DD200000F03CF9236821465B4440462360FFF73E
:10DD300079FE002882D056E7404600F013FB0346E8
:10DD400000287FF427AF40462169FEF7AFFA0C2286
:10DD5000A389C8F8002023F0800346E76A1C924696
:10DD600054E70C22B4F90C30C8F800203DE700BF9E
:10DD700000FCFF7FB1F90C20930706D5012201F1C9
:10DD80004303C1E904320B60704730B50B46B1F96B
:10DD90000E100446002999B032DB02AA009300F06D
:10DDA000C7F90028009B29DB4FF4806120460093CF
:10DDB000039DFCF73BFA009BB3F90C2000283BD0F5
:10DDC000186018614FF4806005F4704142F08002E1
:10DDD000B1F5005F9A8158613CD1B3F90E1020462D
:10DDE000009300F0B9F9009BB3F90C2090B322F036
:10DDF00003024FF4006C42F0010218E0B3F90C206A
:10DE000012F0800F0CBF4FF4806140212046019337
:10DE10000091FCF70BFA019B0099B3F90C2058B163
:10DE20004FF0000CC3E9040142F08002186042EA9E
:10DE30000C029A8119B030BD9105FBD4012022F06B
:10DE4000030203F1430142F00202C3E904109A8184
:10DE50001960EFE74FF4006CE9E700BF30B50C46FE
:10DE6000B1F90E101546002999B016DB02AA0193EC
:10DE700000F05EF90028019B0FDB039A4FF48061EC
:10DE800002F47042A2F50052B2FA82F24FF400603E
:10DE900052091A60296019B030BDA28912F08002BF
:10DEA00006D00022402110461A60296019B030BD0A
:10DEB0004FF4806110461A60296019B030BD00BF70
:10DEC00010B5354B0446186882B00B4610B1426B52
:10DED000002A53D0B3F90C20110711D51869C8B125
:10DEE000B3F90C2012F0010126D04FF0000C596953
:10DEF000C3F808C04942996120B3002002B010BDA8
:10DF0000D00640D5510723D4186942F008029A81FF
:10DF10000028E5D19A8902F42072B2F5007FDFD0A3
:10DF2000194620460193FFF725FF019BB3F90C200A
:10DF3000186912F00101D8D1940758BF5969996046
:10DF40000028DAD11106D9D542F040029A811FE0AB
:10DF5000196B61B103F14000814206D02046019364
:10DF6000FEF7A4F9019BB3F90C20002119630021ED
:10DF7000186922F02402C3E90001C6E70191FDF708
:10DF800087FD019BA6E7092142F0400221609A81AA
:10DF90004FF0FF30B2E700BFC0060020884270B5E6
:10DFA00031D98B1883422ED9032A00EB02011DD9E7
:10DFB00041EA030C1CF0030F1D4618D18C464FEAB2
:10DFC000920E0EF1FF36A1EB8E0453F804ED4CF8DF
:10DFD00004EDA445F9D1C6EB867301EB830105EB93
:10DFE000830CACF10403043902F0030252B102F1D4
:10DFF000FF3C6FEA0C0C9C4413F8012D634501F8BB
:10E00000012DF9D170BD032A4FD941EA00039B07C6
:10E010004DD10F2A50D901F1100C664622F00F03A2
:10E020002031103B00F1100E19445CF8104C0CF13B
:10E03000100C4EF8104C5CF81C4C0EF1100E4EF803
:10E040001C4C5CF8184C4EF8184C5CF8144C8C4581
:10E050004EF8144CE9D1F11812F00C0F034402F001
:10E060000F0503F1100325D08C4625F0030EAEF109
:10E07000040426461A1F1C195CF804EB42F804EF4E
:10E08000A242F9D1043104333144334405F0030290
:10E09000002AB7D0013A0132013B0A4411F801CB02
:10E0A000914203F801CFF9D170BD0346F0E7034672
:10E0B000013AF0E72A46EBE703461546D4E700BFEE
:10E0C00010B504460843830724D1032A22D90B46FE
:10E0D000A44618681946A0F1013323EA000313F09F
:10E0E000803F18D1043A032A4CF8040B01F10403D1
:10E0F000EFD8194601F1FF3E52B163461EF8011FE9
:10E10000501E03F8011B49B102469C46002AF4D177
:10E11000204610BDA44601F1FF3EEDE794440028DF
:10E12000F6D003F8011B6345FBD1204610BD00BFAC
:10E1300038B50023074C0546084611462360F9F719
:10E1400015FE431C00D038BD2368002BFBD02B608C
:10E1500038BD00BF3018002038B50023064C0546F6
:10E1600008462360F9F7B2FD431C00D038BD236890
:10E17000002BFBD02B6038BD3018002038B5074D80
:10E18000074C2C1BA41005D0013C55F8043D9847C2
:10E19000002CF9D1BDE8384001F0FABCF80D0108B7
:10E1A000F40D01088307C9B20DD00346BAB193F844
:10E1B00000C018468C4503F1010302F1FF320DD077
:10E1C0009807F3D11846032A0BD842B1024402E063
:10E1D0000130824203D003788B42F9D1704700208E
:10E1E000704700B501EB012E0EEB0E4E03688EEA70
:10E1F0000303A3F1013C2CEA030313F0803F05D194
:10E20000043A032A00F10400F0D842B1024402E0CB
:10E210000130824203D003788B42F9D100BD002047
:10E2200000BD00BFF0B51D4C83B005462068164602
:10E230001F460191FDF794FF194A0199136823B312
:10E240005A6820681F2A23DC4DB9541C02325C60D6
:10E2500043F82210FDF786FF002003B0F0BD012433
:10E2600003EB820ECEF88860D3F888C194404CEA64
:10E27000040C022DC3F888C1CEF80871E5D1D3F89B
:10E280008C512543C3F88C51DFE7064B1360D7E769
:10E29000FDF768FF4FF0FF30DFE700BFC808002040
:10E2A000401800204418002000B5DFF830C00446B4
:10E2B000DCF800009E468C46C06885B05AB108491B
:10E2C00023460292019172460649CDF800C000F043
:10E2D000F3F9FBF78FFF04490A46F1E7C006002077
:10E2E000EC050108FC0501083404010810B5A1FB88
:10E2F000021482B074BBFBF799FF034670B350F869
:10E30000042C22F00302043A242A10D8132A16D926
:10E310001B2AC0E900441AD9242AC0E902440ABFD2
:10E32000C0E9044400F1100100F1180108E02146A1
:10E330000190FDF771FD019B184602B010BD01462A
:10E3400000221846C1E900228A6002B010BD00F127
:10E350000801F5E7FDF7D2FE0C2303600023184601
:10E3600002B010BD002900F09E802DE9F04383B07B
:10E370000C4607460092FCF71BFA009901F10B03CB
:10E38000162B60D81023994260D854F804ECA4F1FD
:10E3900008052EF003029A4264DABA4805EB020C33
:10E3A0008068DCF80460604500F08F8026F0010092
:10E3B00060444068C0076BD426F00306901983427E
:10E3C0004BDD1EF0010F0FD154F8080C281A8046BF
:10E3D000406820F0030006441644B34240F3F7803F
:10E3E0001618B34240F3CE803846CDE90023FBF740
:10E3F0001DFFDDE900230646002800F0228154F8C5
:10E40000041CA0F1080C21F001012944614500F031
:10E41000B380043A242A00F2D680132A00F2A180A5
:10E4200003462246116819605168596092689A60E3
:10E4300021463846FDF73AFF3846FCF7BFF930462B
:10E4400003B0BDE8F08333F007039CD50C233B6099
:10E450000026304603B0BDE8F0830246DCE9020145
:10E46000C16088606968D01A0F2801F0010105EBCE
:10E4700002061BD811436960736843F0010373609F
:10E480003846FCF79BF92646304603B0BDE8F083DA
:10E490001EF0010FA8D154F8080C281A80464068D5
:10E4A00020F003009CE71146FBF7C0BE19436960EA
:10E4B00040F00100E91848607368384643F00103F2
:10E4C00008317360FDF7F2FEDAE726F00306B018B4
:10E4D00003F1100C604580F295801EF0010F83D18E
:10E4E00054F8080C281A8046406820F003000644BF
:10E4F0001644B445B1463FF773AF4646D8F80C1002
:10E5000056F8080F043A242AC160886000F2B380EC
:10E51000132A40F2AE8021681B2AC8F808106168EF
:10E52000C8F80C1000F2B080083408F1100221681D
:10E53000116061685160A1689160A9EB0302514DBF
:10E5400008EB030142F00102A9604A60D8F80420F8
:10E55000384602F001021343C8F80430FCF72EF9E4
:10E5600092E723681B2A0360636843603FD804F185
:10E57000080200F1080355E750F8041C21F00301DC
:10E580000A446FE74546043AD8F80C1055F8080FCE
:10E59000242AC160886023D8132A1FD921681B2A26
:10E5A000C8F808106168C8F80C103ED8083408F1A3
:10E5B00010022168116061685160A16891602C4669
:10E5C000324645464EE72146FFF7E8FC30E7DCE9F6
:10E5D00002014546C160043A8860D5E72A46E8E76B
:10E5E000214628460093FFF7D9FC009BE7E7A36884
:10E5F000242A8360E368C36027D004F1100200F18D
:10E6000010030FE7C21A1F491D4442F001028D603A
:10E610006A6054F8042C384602F00102134344F8AF
:10E62000043CFCF7CBF826462EE7A168242AC8F85C
:10E630001010E168C8F8141010D0103408F1180256
:10E64000B7E73846FCF7BAF802E7236904F1180285
:10E6500003616369436100F11803E3E6226918343A
:10E66000C8F8182054F8042CC8F81C2008F120021F
:10E670009FE732465BE7214630460093FFF78EFC6A
:10E68000009B5AE758000020A168242AC8F81010FF
:10E69000E168C8F8141003D0103408F1180246E7F6
:10E6A00022691834C8F8182054F8042CC8F81C2023
:10E6B00008F120023BE700BF0EB400B5074A82B064
:10E6C00003AB0146106853F8042B019300F008F8DF
:10E6D00002B05DF804EB03B0704700BFC006002035
:10E6E0002DE9F04F8346C3B012AF92460291082243
:10E6F000002138461C460993FDF78EFBBBF1000F45
:10E7000004D0DBF83430002B00F01587029B5A6EE2
:10E71000B3F90C30D60740F145819D0400F1BF8567
:10E72000029943F4005322F400528B814A6691040B
:10E7300001F18B80029BB3F90C301E0740F1BE80C3
:10E74000029A1269002A00F0B98003F01A020A2A1C
:10E7500000F0C380002319AA9146CDE91733CDE913
:10E760000B3316920D9305935546944BD3F8CC4139
:10E77000FDF742FC2A46034610A958460097A047D9
:10E78000002800F0C980C0F2BF80109B252B01D06B
:10E790000544EAE7B5EB0A06044640F0C1800022D2
:10E7A0004FF0FF33904603936B7805F1010A8DF823
:10E7B0003B20069219460AF1010AA1F120035A2BC7
:10E7C00000F2FE80DFE813F0FB03FC00FC00F50321
:10E7D000FC00FC00FC00D703FC00FC006A005702B0
:10E7E000FC001A021204FC000C045B005B005B00DE
:10E7F0005B005B005B005B005B005B00FC00FC00FF
:10E80000FC00FC00FC00FC00FC00FC00FC00E8013B
:10E81000B903FC00FC00FC00FC00FC00FC00FC0058
:10E82000FC00FC00FC001F02FC00FC00FC00BB0123
:10E83000FC006E03FC00FC00BB05FC00FC00FC00BF
:10E84000FC00FC00FC00FC00FC00FC00FC00E801FB
:10E850007C01FC00FC00FC00AC037C017500FC00AA
:10E860006103FC0053033F03F7027500FC00BB018A
:10E8700072005D02FC00FC00F705FC007200002243
:10E88000A1F130031AF8011B02EB820203EB4202F2
:10E89000A1F13003092BF5D906928EE7099B53F8B5
:10E8A000042B002A06920993C0F2A5819AF8003041
:10E8B00080E79AF8003048F020087BE7029D584630
:10E8C0002946FFF7FDFA002840F0D287B5F90C3051
:10E8D00003F01A020A2A7FF43DAF0299B1F90E2023
:10E8E000002AFFF637AF4A6ED00702D49A0540F1EE
:10E8F0006A87234652465846029900F0F9FF059070
:10E90000059843B0BDE8F08F082200213846FDF796
:10E9100083FA0120054428E7B5EB0A06044611D026
:10E92000189BC9E900A633441893179B0133072BA2
:10E93000179311DC09F10809059B33440593002C5A
:10E940007FF42DAF189B002B40F04B870022029BD9
:10E950001792B3F90C3019E05846029916AA01F043
:10E9600007F880B90DF16409E6E75846029916AA3E
:10E9700000F0FEFF002800F08E80079B1BB1584678
:10E980000799FDF793FC029BB3F90C30029A526E83
:10E99000D00740F18B805B0600F13F87059843B0BC
:10E9A000BDE8F08F990540F11B819E047FF5B8AE5C
:10E9B00095047FF5C2AE00F04ABF00BF6C04002092
:10E9C0000029BFD000230122CDE903328DF8A41025
:10E9D000089229AD8DF83B30079318F08406DDE9E5
:10E9E00017C0014662462BD1069B049C1C1B002CC1
:10E9F00000F3FD839DF83B302BB300260A960123DC
:10EA000001320131C9F80430072A0DF13B03CDE989
:10EA10001721C9F8003000F3948309F108090A9B13
:10EA200073B1022301320231C9F80430072A0FAB57
:10EA3000CDE91721C9F8003000F3768309F1080900
:10EA4000802E00F0F082039B08981C1A002C00F323
:10EA50002D83089B01321944072ACDE91721C9F8F3
:10EA60000050C9F8043000F3538309F1080918F085
:10EA7000040F05D0069B049A9C1A002C00F36E83A9
:10EA8000DDE9053204988242ACBF9B181B18059340
:10EA900000297FF46AAF00231793079B1BB15846E8
:10EAA0000799FDF703FC0DF164095DE69A053FF552
:10EAB00072AF029CA06DFDF755FBB4F90C306AE70C
:10EAC00018F0200F00F00884099B073323F0070299
:10EAD000536852F8084B1E460992002BC0F23E8242
:10EAE000039A002A05DB54EA060328F0800800F0A8
:10EAF00075840A2C76F1000380F0E5803034039AA7
:10EB00009DF83B30012AB8BF01228DF807410492DD
:10EB1000002B00F0BD83049B0024013304930123E8
:10EB2000CDE907430DF2071518F08406DDE917213A
:10EB3000084694463FF458AF00230A935FE700234A
:10EB4000099E8DF83B3056F8043B0793002B00F0EC
:10EB50002985532900F0488418F0100440F04484BB
:10EB6000039A002AC0F2EC8421460798FFF71AFBAB
:10EB70009DF83B30079D002800F05D86421B0892FF
:10EB800022EAE2720492002B00F0E784531C039403
:10EB9000099604930794C7E7432903D018F0100F90
:10EBA00000F012840822002114A8FDF735F9099A13
:10EBB00029AD29465846126814AB00F0EDFE0890C6
:10EBC000013000F02186089B23EAE3730493099B3C
:10EBD0000433099300238DF83B3007930393FCE63D
:10EBE000029DA86DFDF7BCFAB5F90C306A6E980469
:10EBF0003FF59DAD94E5069B5B4206939AF8003085
:10EC000048F00408D6E518F0200F48F0100000F096
:10EC10007583099B073323F007031A46596852F896
:10EC2000083B099200228DF83B20039A002AC0F28B
:10EC30002C8353EA010220F4906800F0348342AD43
:10EC400003F00702DB0843EA4173C908303253EA94
:10EC50000104284605F8012DF2D118F0010340F017
:10EC6000B582039A079342AB5B1B9A42B8BF1A4620
:10EC700008930492B1E62B238DF83B309AF80030CC
:10EC800098E518F0200F40F02C81099A18F0100038
:10EC900052F8043B40F0288618F0400100F0A684AA
:10ECA0008DF83B009BB2002603991C46B14204DB61
:10ECB00028F08008002B00F063850A2C76F1000311
:10ECC0000992FFF41BAFCDE9078A0020DDF82CA0E4
:10ECD00042A908F48065CDF8109025E0A319BE4A3A
:10ECE00043F10003A2FB032C2CF0030202EB9C0275
:10ECF0004FF0CC3CA146B6469B1AE31A0CFB03F23C
:10ED0000B54C66F1000604FB0622A3FB0443B9F1EF
:10ED10000A0F13444FEA54047EF1000E414644EAC0
:10ED2000C3744FEA53062CD3DFF8ACE2A31943F1C6
:10ED30000003AEFB032C2CF0030202EB9C029B1A97
:10ED4000E31AA3FB0E3266F1000C0EFB0C225B08EB
:10ED500043EAC27303EB8303A4EB43033033013074
:10ED600001F1FF3801F8013C002DB7D09AF80030CE
:10ED70008342B3D1FF28B1D00A2C76F1000380F092
:10ED800056844546039942AA521B9142B8BF114688
:10ED90009DF83B30DDF81090CDF82CA00491DDE912
:10EDA000078A0892002B00F0DB83049B0133049355
:10EDB00000230793B8E6002147F63003039C099A25
:10EDC0008C42ADF83C308DF83B1052F8043BC0F259
:10EDD000F88228F0800040F00208002B00F0EE835B
:10EDE0007E4803F00F04045D1B098DF8074109926A
:10EDF00000F06285022204920DF2071503F00F0263
:10EE0000825C1B0943EA0173090905F8012D53EAE5
:10EE10000102F3D1039A42AB5B1B9A42B8BF1A4678
:10EE200008931346049A002A00F05085DDE9172163
:10EE3000023318F0840608469446049300F0FD82DD
:10EE400000230793EDE518F0200F40F07682099A31
:10EE500018F0100F52F8043B40F03A8518F0400FBC
:10EE60004046099200F0CB8300219BB2DAE6099A72
:10EE700018F0200F02F1040300F04E821268059989
:10EE80001160C917516009936EE49AF800306C2B39
:10EE900003BF9AF8013048F020080AF1010A48F04F
:10EEA000100887E418F0200F48F010011AD1099BD0
:10EEB0001A1D0026099B03981B68B0421C468DF85A
:10EEC0003B60C0F27A8221F08008002B7FF4F5AE1F
:10EED0000992002840F0598408900490079042ADB0
:10EEE0007BE54146099B073323F0070200238DF899
:10EEF0003B30039B566852F8084B002B0992C0F236
:10EF00005D8254EA060321F080087FF4F2AD039B92
:10EF1000002B40F03A8408930493079342AD5CE5DC
:10EF20009AF80030682B03BF9AF8013048F4007853
:10EF30000AF1010A48F040083CE418F0200F48F0BC
:10EF4000100340F0E281099A0432099998460C684E
:10EF50000992E6173346002BBFF6C2AD2D238DF87C
:10EF60003B30039B644266EB4606002BFFF6C1ADC7
:10EF700028F08008BDE5584600F00AFD43681846B1
:10EF80000D93FDF7FFF80C900446584600F000FD85
:10EF900081689AF800300B91002C3FF40BAC0029EB
:10EFA0003FF408AC0A78002A3FF404AC48F48068C7
:10EFB00000E49AF8003048F00108FFF7FBBB9DF829
:10EFC0003B209AF80030002A7FF4F4AB20228DF821
:10EFD0003B20FFF7EFBB00BFCDCCCCCC40060108F7
:10EFE0009AF8003048F08008FFF7E4BB504610F86C
:10EFF000011B2A2900F04784A1F13003092B98BF97
:10F00000002200F2E78310F8011B02EB820203EBFF
:10F010004202A1F13003092BF5D942EAE27382469C
:10F020000393FFF7CABB069B04981C1A002C7FF7BA
:10F030000AAD102C40F3F68348460A95C1461026C7
:10F04000B34DDDF8088004E0103C102C00F10800FE
:10F0500015DD01321031072AC0E90056CDE917212C
:10F06000F2DD4146584616AA00F082FC00287FF4E3
:10F0700084ACDDE91721103C102C19A8E9DCC84646
:10F0800081462B460A9D01322144072ACDE91721EA
:10F09000C9F80030C9F8044000F37182039B089856
:10F0A00009F108091C1A002C7FF7D3AC102C40F38F
:10F0B000B7821026484604E0103C102C00F10800EE
:10F0C00016DD0132924B1031072AC0E90036CDE936
:10F0D0001721F1DD5846029916AA00F049FC0028D4
:10F0E0007FF44BACDDE91721103C102C19A8E8DCAB
:10F0F0008146874B01322144072ACDE91721C9F8FF
:10F100000030C9F8044000F3B28009F10809A0E416
:10F110005846029916AA00F02BFC00287FF42DAC6B
:10F1200018990DF16409A2E45846029916AA00F054
:10F130001FFC00287FF421ACDDE917210DF16409E3
:10F140007EE45846029916AA00F012FC00287FF4CB
:10F1500014ACDDE917210DF1640960E4102C179B54
:10F1600040F33D8310256B4EDDF8088004E0103C31
:10F17000102C09F1080916DD01331031072BC9E9FC
:10F180000065CDE91731F2DD4146584616AA00F078
:10F19000EFFB00287FF4F1ABDDE91731103C102CB8
:10F1A0000DF16409E8DC01332144072BC9E900644F
:10F1B000CDE917317FF764AC5846029916AA00F0E2
:10F1C000D7FB00287FF4D9AB189959E4302A00F016
:10F1D000CA813023039A023805F8013C42AB1B1A5E
:10F1E0009A42B8BF1A46054608930492D1E000231C
:10F1F0000A93102C624640F3EB8249461023C14625
:10F20000444EA846029D04E0103C102C01F1080178
:10F2100017DD01321030072AC1E90063CDE917205C
:10F22000F2DD2946584616AA00F0A2FB00287FF41A
:10F23000A4ABDDE91720103C102C4FF0100319A9E6
:10F24000E7DC4546C846894601322118072ACDE940
:10F250001721C9F80060C9F8044000F33F819DF808
:10F260003B6009F108098EB30026FFF7C8BB58467A
:10F27000029916AA00F07CFB00287FF47EABDDE942
:10F2800017210DF16409FFF7E4BB20F48068D6E490
:10F29000079301230DF207150893FFF79EBB900417
:10F2A0007FF54BAAB9E2039A002A7FF4C8AC10F0AC
:10F2B0000102049200F00C8130238DF80731039B8A
:10F2C000089207930DF20715FFF787BB0A9B002BE7
:10F2D0007FF4A7ABFFF7B7BB099A18F0100F52F8ED
:10F2E000044B40F0F78218F0400F099200F0738150
:10F2F00044F3C036334624B2FFF7EFBB099B1A1D17
:10F30000099B00211B6809928CE49846FFF7DCBB3F
:10F31000CC0B0108DC0B010818F0100F40F03D8108
:10F3200018F0400F40F0458218F4007F00F035815E
:10F33000099A059912681170A5E5404669E4B54837
:10F3400018F0200F00F09B80099B073323F0070380
:10F350001C465A6854F8083B099418F001040494B8
:10F3600075D103998DF83B400029C0F29F8053EA84
:10F37000020128F4906840F0DA80039A002A00F035
:10F380005181037804928DF8073101230DF207159E
:10F39000089318F08406DDE917210846944600F02A
:10F3A00085829DF83B30002B00F083820023079379
:10F3B0000A93FFF724BB9848C2E709928846FFF7F3
:10F3C00098BB48F002080BE50122099B04921B68D8
:10F3D00029AD8DF8A4300892FFF7F9BB002A00F0A0
:10F3E000C1813024FFF78BBB079B0822002114A8A2
:10F3F0001193FCF711FD039B002BC0F261810024E7
:10F40000CDF81090254699460FE014AB584629A92F
:10F4100000F0C2FA431C04F10404284400F0F48113
:10F42000484506DC00F000820546119B1A59002A67
:10F43000EBD1DDF81090039550E1069C049B0796F4
:10F44000E41A002C7FF7EDAA02230A93D1E653EACF
:10F4500002045BD100238DF83B30039B002BC0F2EC
:10F460006C8128F4906800F0888103780DF207150C
:10F470008DF80731049B0893039B049389E7099A4D
:10F4800018F0100F52F8043B099209D118F0400F00
:10F4900002D000229BB260E718F4007F40F07D812B
:10F4A00000225AE7022148F00208049103F00F01FC
:10F4B000415C28F480681B0943EA02738DF8071148
:10F4C000110953EA12127FF497AC0DF20715A1E46B
:10F4D000039B42ADCDE90733FFF77FBA5846029947
:10F4E00016AA00F045FA064600287FF446AADDE990
:10F4F00017219DF83B30002B40F088800A9B0DF1CE
:10F500006409002B7FF48DAAFFF79DBA8DF83D109A
:10F5100030218DF83C1000218DF83B100399002913
:10F52000C0DB28F4906141F002080221049103F04D
:10F530000F01415CBFE75846FCF7AAFAFFF7E6B8AF
:10F54000079D2846FCF71EFE9DF83B3020EAE0723E
:10F5500008900492002B7FF419AB079D0393099642
:10F560000793FFF73ABA039A42AB5B1B9A42B8BFC4
:10F570001A460893002304920793FFF72EBA5846C1
:10F58000029916AA00F0F4F900287FF4F6A9DDE943
:10F5900017210DF16409FFF756BA099A0599126807
:10F5A000116070E4039B079A062B28BF06231B4DAE
:10F5B0000493099603920893FFF70FBA0992002C5F
:10F5C00000F0E680302301228DF8073108922346AF
:10F5D0000DF207152AE418F4007F14BF44F3C01697
:10F5E000E617334618BF64B2FFF777BA18F400760F
:10F5F00000F0D6808DF83B10DBB2FFF754BB18F457
:10F6000000711CBF0021DBB2FFF70CBB0DF16409D8
:10F61000FFF7F5B92C060108400601085406010859
:10F62000AE4B67E5039B42A805460893B1E60C9AEA
:10F630000D99A8EB02094846FEF742FD9AF8013001
:10F640000BB10AF1010A4FF0CC310120A44AA319F1
:10F6500043F10003A2FB03CE2EF0030C0CEB9E0C37
:10F66000A3EB0C03E31A03FB01F166F10006A3FB15
:10F67000023402FB0611C340214443EAC17421FA5B
:10F6800000F6A31943F10003A2FB031C2CF00301B5
:10F6900001EB9C015B1AE31AA3FB023166F1000C3B
:10F6A00002FB0C12C34043EAC27303EB8303A4EBD7
:10F6B0004303303309F1FF3809F8013CFFF756BB2B
:10F6C00014AB009300235846194611AA00F08CF998
:10F6D0000390013000F09880079B1193039B002B4F
:10F6E00035D0632B6BDD5846591CFAF79FFD054654
:10F6F000002800F0898007900822002114A8FCF758
:10F700008BFB039C14AB009329462346584611AA51
:10F7100000F06AF9844240F0C2800023039A22EA92
:10F72000E271AB54049111469DF83B20002A62D14E
:10F73000CDE908160392FFF750B9037828F48068E2
:10F740008DF80731049B0DF20715089321E69DF80B
:10F750003B30079D003B18BF01230493039B099690
:10F76000089316E69DF83B303BB1039B42ADCDE9D3
:10F77000073301230493FFF7D7B9039BFFF7CBBBF4
:10F78000039B0992002B3FF4C6AB0024FFF7B6B9E8
:10F79000039B42AD0893FFF749BB0022DBB2DCE5D7
:10F7A00003991C4600298DF83B60BFF681AAFFF73C
:10F7B00084BA099A059912681180FFF764BB002387
:10F7C00029AD079398E7886DFCF7CCFCFFF791B85B
:10F7D000444E39E5002382460393FEF7EEBF414EC7
:10F7E000E1E45846029916AA00F0C2F800283FF456
:10F7F000ADA8FFF7C8B8039A0393049BCDE9082688
:10F8000001330493FFF790B90298B0F90C30426EBF
:10F8100043F04001D507818109D54FF0FF330593AF
:10F82000FFF7BCB82D4B2EE4DDF8109056E7990594
:10F83000F3D4FFF73EB99BB1039B099608930133BC
:10F84000CDE903030790FFF76FB9D307E5D4029B17
:10F850009B899F05E1D4029B986DFCF783FCDCE754
:10F86000039A0793CDE9033209960892FFF7B5B8DA
:10F87000029A536EDD07D0D493899C05CDD4906D48
:10F88000FCF770FCC9E7099A9AF8013052F8041B9A
:10F890008246099241EAE1720392FEF78BBF029A17
:10F8A000938943F040039381FFF767B80796FFF70A
:10F8B0009BB80793FFF7C4B80122039B0892012B62
:10F8C000B8BF01230DF20715FFF7B0BA049360E546
:10F8D000404615E54346FFF738BB00BFCC0B010897
:10F8E000CDCCCCCCDC0B01084146FFF7E2BA00BF1F
:10F8F000F0B50D4616464FF4806100220746ADF282
:10F90000744DCDE907126A6E04911B92EA89A989A8
:10F91000ADF81620EA691CA809926A6A21F0020172
:10F920000290069018A80193ADF814100B92FCF702
:10F9300013FC32463846019B02A9FEF7D1FE061E93
:10F9400007DB384602A9FEF76DF8002818BF4FF014
:10F95000FF36BDF814305B0603D5AB8943F0400396
:10F96000AB811898FCF7FAFB30460DF2744DF0BDF0
:10F97000936810B514461BB918460023636010BD88
:10F98000FEF788F80023A3600023636010BD00BF6A
:10F99000004870474406002030B5044687B05BB18C
:10F9A00010480193D0F8C85171B12046A847421CB5
:10F9B000019B10D007B030BD00F582730948019358
:10F9C000D0F8C8510029F0D10A46204603A9A8471B
:10F9D000421C019BEED100218A221960226007B0EF
:10F9E00030BD00BF6C0400209C4600B583B0049B72
:10F9F000CDF800C001934FF0FF3300F079F803B069
:10FA000000BD00BF2DE9F04F89B01C46DDE912783A
:10FA1000DDF850900090B8F1000F4FD00029C34698
:10FA200008BF4FF0FF3700258846924616680191BF
:10FA300004E056F8040B002832D06546AF4239D9AD
:10FA4000002C37D0DBF8003000980293DBF804304C
:10FA500032680393D9F8C8C15B4604A9E047431C48
:10FA60002FD000EB050CBC4536D8019B013C002B88
:10FA7000DFD000280BDD08F1FF3204A900EB020EF5
:10FA800011F8013B02F8013F7245F9D18044DAF8E0
:10FA9000002056F8040B0432CAF800200028CCD10C
:10FAA0000199D84609B1CAF8000000220CF1FF35CF
:10FAB000C8F80020284609B0BDE8F08F00F5867828
:10FAC000ACE705468A2100222846009B1960CBF846
:10FAD000002009B0BDE8F08FD8462846DDF808A020
:10FAE000DDF80CB0C8E900AB09B0BDE8F08F00BF8D
:10FAF00000B585B00698DFF818C00090079801900F
:10FB000004480068CDF808C0FFF77CFF05B000BDD1
:10FB10006C040020C006002038B5002200230446F3
:10FB20000D46F0F723FF28B920462946BDE83840A6
:10FB300000F00AB8204605F1004100F005F8404207
:10FB400061EB410138BD00BF70B500220B4B04468C
:10FB50000D46F0F799FCF1F7C7FC0646F0F71AFCE2
:10FB60000022074BF0F790FC02460B462046294640
:10FB7000F0F7D2FAF1F7B8FC314670BD0000F03D65
:10FB80000000F041F8B500BFF8BC08BC9E467047C5
:0CFB9000F8B500BFF8BC08BC9E467047EA
:10FBA000000000000102030400000000000000004B
:10FBB0000102030406070809313044726976657250
:10FBC0004261736500000000D0070108B8FB00081F
:10FBD0003132544236374834353042617365000063
:10FBE00030080108D0FB0008C8FB0008000019001D
:10FBF00032004B0065007E009700B000C900E200B3
:10FC0000FB0014012D0146015F0178019101AA0159
:10FC1000C301DC01F5010E02270240025902720203
:10FC20008B02A302BC02D502EE0206031F033803B7
:10FC30005003690381039A03B203CB03E303FC037C
:10FC400014042C0444045D0475048D04A504BD044F
:10FC5000D504ED0405051D0534054C0564057C053A
:10FC60009305AB05C205DA05F10508061F06370640
:10FC70004E0665067C069306AA06C106D706EE0662
:10FC800005071B07320748075E0775078B07A107A3
:10FC9000B707CD07E307F9070E0824083A084F080D
:10FCA00065087A088F08A508BA08CF08E408F8089C
:10FCB0000D09220937094B095F09740988099C0954
:10FCC000B009C409D809EC09FF09130A260A3A0A3F
:10FCD0004D0A600A730A860A990AAC0ABF0AD10A59
:10FCE000E40AF60A080B1B0B2D0B3E0B500B620BA4
:10FCF000740B850B970BA80BB90BCA0BDB0BEC0B2A
:10FD0000FC0B0D0C1E0C2E0C3E0C4E0C5E0C6E0CE7
:10FD10007E0C8E0C9D0CAC0CBC0CCB0CDA0CE90CE4
:10FD2000F80C060D150D230D320D400D4E0D5C0D1A
:10FD3000690D770D850D920D9F0DAC0DB90DC60D9A
:10FD4000D30DDF0DEC0DF80D040E100E1C0E280E59
:10FD5000340E3F0E4B0E560E610E6C0E770E810E5A
:10FD60008C0E960EA10EAB0EB50EBF0EC80ED20EA7
:10FD7000DB0EE40EEE0EF70EFF0E080F110F190F3B
:10FD8000210F290F310F390F410F480F500F570F17
:10FD90005E0F650F6C0F720F790F7F0F850F8B0F42
:10FDA000910F970F9C0FA20FA70FAC0FB10FB60FBB
:10FDB000BB0FBF0FC40FC80FCC0FD00FD40FD70F7E
:10FDC000DB0FDE0FE10FE40FE70FEA0FEC0FEF0F91
:10FDD000F10FF30FF50FF70FF80FFA0FFB0FFC0FF2
:10FDE000FD0FFE0FFF0FFF0F00100010001000109E
:10FDF0000010FF0FFF0FFE0FFD0FFC0FFB0FFA0FA0
:10FE0000F80FF70FF50FF30FF10FEF0FEC0FEA0FED
:10FE1000E70FE40FE10FDE0FDB0FD70FD40FD00F8A
:10FE2000CC0FC80FC40FBF0FBB0FB60FB10FAC0F75
:10FE3000A70FA20F9C0F970F910F8B0F850F7F0FAE
:10FE4000790F720F6C0F650F5E0F570F500F480F31
:10FE5000410F390F310F290F210F190F110F080F03
:10FE6000FF0EF70EEE0EE40EDB0ED20EC80EBF0E26
:10FE7000B50EAB0EA10E960E8C0E810E770E6C0E8B
:10FE8000610E560E4B0E3F0E340E280E1C0E100E39
:10FE9000040EF80DEC0DDF0DD30DC60DB90DAC0D34
:10FEA0009F0D920D850D770D690D5C0D4E0D400D6A
:10FEB000320D230D150D060DF80CE90CDA0CCB0CE8
:10FEC000BC0CAC0C9D0C8E0C7E0C6E0C5E0C4E0CA7
:10FED0003E0C2E0C1E0C0D0CFC0BEC0BDB0BCA0BA2
:10FEE000B90BA80B970B850B740B620B500B3E0BD9
:10FEF0002D0B1B0B080BF60AE40AD10ABF0AAC0A49
:10FF0000990A860A730A600A4D0A3A0A260A130AEF
:10FF1000FF09EC09D809C409B0099C0988097409CA
:10FF20005F094B09370922090D09F808E408CF08D1
:10FF3000BA08A5088F087A0865084F083A08240807
:10FF40000E08F907E307CD07B707A1078B07750769
:10FF50005E07480732071B070507EE06D706C106EE
:10FF6000AA0693067C0665064E0637061F06080697
:10FF7000F105DA05C205AB0593057C0564054C0562
:10FF800034051D050505ED04D504BD04A5048D0447
:10FF900075045D0444042C041404FC03E303CB0344
:10FFA000B2039A0381036903500338031F03060356
:10FFB000EE02D502BC02A3028B0272025902400279
:10FFC00027020E02F501DC01C301AA0191017801AB
:10FFD0005F0146012D011401FB00E200C900B000E1
:10FFE00097007E0065004B00320019000000E7FF1B
:10FFF000CEFFB5FF9BFF82FF69FF50FF37FF1EFF5B
:020000040801F1
:1000000005FFECFED3FEBAFEA1FE88FE6FFE56FE93
:100010003DFE24FE0BFEF2FDD9FDC0FDA7FD8EFDC9
:1000200075FD5DFD44FD2BFD12FDFAFCE1FCC8FCF5
:10003000B0FC97FC7FFC66FC4EFC35FC1DFC04FC10
:10004000ECFBD4FBBCFBA3FB8BFB73FB5BFB43FB1D
:100050002BFB13FBFBFAE3FACCFAB4FA9CFA84FA12
:100060006DFA55FA3EFA26FA0FFAF8F9E1F9C9F9EC
:10007000B2F99BF984F96DF956F93FF929F912F9AA
:10008000FBF8E5F8CEF8B8F8A2F88BF875F85FF849
:1000900049F833F81DF807F8F2F7DCF7C6F7B1F7BF
:1000A0009BF786F771F75BF746F731F71CF708F710
:1000B000F3F6DEF6C9F6B5F6A1F68CF678F664F638
:1000C00050F63CF628F614F601F6EDF5DAF5C6F52D
:1000D000B3F5A0F58DF57AF567F554F541F52FF5F3
:1000E0001CF50AF5F8F4E5F4D3F4C2F4B0F49EF488
:1000F0008CF47BF469F458F447F436F425F414F4E2
:1001000004F4F3F3E2F3D2F3C2F3B2F3A2F392F303
:1001100082F372F363F354F344F335F326F317F3E6
:1001200008F3FAF2EBF2DDF2CEF2C0F2B2F2A4F290
:1001300097F289F27BF26EF261F254F247F23AF2F0
:100140002DF221F214F208F2FCF1F0F1E4F1D8F111
:10015000CCF1C1F1B5F1AAF19FF194F189F17FF1F0
:1001600074F16AF15FF155F14BF141F138F12EF183
:1001700025F11CF112F109F101F1F8F0EFF0E7F0CF
:10018000DFF0D7F0CFF0C7F0BFF0B8F0B0F0A9F0D3
:10019000A2F09BF094F08EF087F081F07BF075F088
:1001A0006FF069F064F05EF059F054F04FF04AF0EF
:1001B00045F041F03CF038F034F030F02CF029F00C
:1001C00025F022F01FF01CF019F016F014F011F0D9
:1001D0000FF00DF00BF009F008F006F005F004F058
:1001E00003F002F001F001F000F000F000F000F088
:1001F00000F001F001F002F003F004F005F006F069
:1002000008F009F00BF00DF00FF011F014F016F0FB
:1002100019F01CF01FF022F025F029F02CF030F03E
:1002200034F038F03CF041F045F04AF04FF054F033
:1002300059F05EF064F069F06FF075F07BF081F0DA
:1002400087F08EF094F09BF0A2F0A9F0B0F0B8F037
:10025000BFF0C7F0CFF0D7F0DFF0E7F0EFF0F8F045
:1002600001F109F112F11CF125F12EF138F141F102
:100270004BF155F15FF16AF174F17FF189F194F17D
:100280009FF1AAF1B5F1C1F1CCF1D8F1E4F1F0F1AF
:10029000FCF108F214F221F22DF23AF247F254F294
:1002A00061F26EF27BF289F297F2A4F2B2F2C0F23E
:1002B000CEF2DDF2EBF2FAF208F317F326F335F3A0
:1002C00044F354F363F372F382F392F3A2F3B2F3C1
:1002D000C2F3D2F3E2F3F3F304F414F425F436F4A6
:1002E00047F458F469F47BF48CF49EF4B0F4C2F44F
:1002F000D3F4E5F4F8F40AF51CF52FF541F554F5BF
:1003000067F57AF58DF5A0F5B3F5C6F5DAF5EDF5F7
:1003100001F614F628F63CF650F664F678F68CF6FC
:10032000A1F6B5F6C9F6DEF6F3F608F71CF731F7D5
:1003300046F75BF771F786F79BF7B1F7C6F7DCF77F
:10034000F2F707F81DF833F849F85FF875F88BF8FD
:10035000A2F8B8F8CEF8E5F8FBF812F929F93FF958
:1003600056F96DF984F99BF9B2F9C9F9E1F9F8F98F
:100370000FFA26FA3EFA55FA6DFA84FA9CFAB4FAA4
:10038000CCFAE3FAFBFA13FB2BFB43FB5BFB73FB9F
:100390008BFBA3FBBCFBD4FBECFB04FC1DFC35FC82
:1003A0004EFC66FC7FFC97FCB0FCC8FCE1FCFAFC50
:1003B00012FD2BFD44FD5DFD75FD8EFDA7FDC0FD0D
:1003C000D9FDF2FD0BFE24FE3DFE56FE6FFE88FEBB
:1003D000A1FEBAFED3FEECFE05FF1EFF37FF50FF65
:1003E00069FF82FF9BFFB5FFCEFFE7FF0000000023
:1003F0003131456E636F6465724261736500000060
:10040000D0070108F003010831304D543638313639
:10041000426173650000000030080108080401080B
:100420000004010802030405060708090A0B0C0D65
:100430000E0F1010000000004B4559310D00000058
:100440004B4559320D000000534554204D4F544F39
:10045000525B307830355D20504F534954494F4EF0
:100460005B5D0D005B43414E2042524F414443418E
:1004700053545D20456D657267656E6379205374D2
:100480006F70205265636569766564210D00000018
:1004900076000000700000004F6E6C79207375705C
:1004A000706F7274205B635D205B765D205B705DB6
:1004B00020636F6D6D616E6473210D002E0000006E
:1004C0006E660000696E697479000000616E00005C
:1004D0000A0000004C435F434F4C4C415445000020
:1004E0004C435F4354595045000000004C435F4D5E
:1004F0004F4E4554415259004C435F4E554D455265
:10050000494300004C435F54494D45004C435F4D07
:10051000455353414745530042616C6C6F632073F0
:100520007563636565646564000000002F64617431
:10053000612F6A656E6B696E732F776F726B737064
:100540006163652F474E552D746F6F6C63686169E9
:100550006E2F61726D2D31352F7372632F6E65773B
:100560006C69622D63796777696E2F6E65776C6948
:10057000622F6C6962632F7374646C69622F6764A5
:10058000746F612D6765746865782E6300000000E4
:100590002F646174612F6A656E6B696E732F776F5C
:1005A000726B73706163652F474E552D746F6F6C5E
:1005B000636861696E2F61726D2D31352F737263BF
:1005C0002F6E65776C69622D63796777696E2F6E20
:1005D00065776C69622F6C6962632F7374646C69F0
:1005E000622F6D707265632E630000002C206675AB
:1005F0006E6374696F6E3A2000000000617373656A
:100600007274696F6E2022257322206661696C65A1
:10061000643A2066696C6520222573222C206C695F
:100620006E65202564257325730A0000303132334E
:1006300034353637383941424344454600000000DE
:100640003031323334353637383961626364656648
:1006500000000000286E756C6C2900003130427576
:1006600074746F6E4261736500000000D00701086A
:100670005C06010836427574746F6E00300801081C
:10068000740601086C060108000000007C060108E1
:10069000897D00083231456E636F64657243616C19
:1006A00069627261746F724261736500D0070108FC
:1006B000940601083137456E636F64657243616C5F
:1006C00069627261746F720030080108B406010833
:1006D000AC06010800000000C8060108057E0008FD
:1006E000117E00081D7E0008297E0008374C6564D5
:1006F0004261736500000000D0070108EC060108A4
:10070000334C656400000000300801080007010850
:10071000F80601080000000008070108457E0008EF
:10072000364D5436383136003008010820070108AC
:10073000180401080000000028070108D13F000844
:10074000C93E0008CD3F00086D7E0008717E00089C
:10075000385442363748343530000000300801083C
:1007600050070108E0FB0008000000005C070108DA
:10077000DD230008F92400088D2400082124000846
:10078000C9230008117F0008857F0008AD7E00089E
:10079000C17E0008E97E00084E31305F5F637878E3
:1007A000616269763131375F5F636C6173735F7467
:1007B0007970655F696E666F45000000300801085A
:1007C000980701086408010800000000BC07010840
:1007D000B58C0008C98C00089D8E00089D8E00080D
:1007E000498D0008758C0008298D0008E58C0008EB
:1007F000A98C00084E31305F5F637878616269765A
:100800003132305F5F73695F636C6173735F7479FA
:1008100070655F696E666F45000000003008010872
:10082000F4070108BC070108000000001C080108CB
:10083000798D00088D8D00089D8E00089D8E000822
:10084000498D0008758C0008698E0008E98D000844
:10085000A98D0008537439747970655F696E666F8D
:1008600000000000D0070108540801086042A20DF2
:100870000000803F34000000CEFBFFFFCB030000F0
:10088000010000000000000035000000CEFBFFFF6B
:10089000CB03000001000000000000000000000089
:1008A000BC89D897B2D29C3C33A7A8D523F6493946
:1008B0003DA7F444FD0FA5329D978CCF08BA5B2568
:1008C000436FAC64280668110000000000000000BF
:1008D0000000000000000000000000000000000018
:1008E0000000000000000000000000000000000008
:1008F000000000000000000010111213141516175C
:100900001819000000000000001A1B1C1D1E1F000B
:1009100000000000000000000000000000000000D7
:100920000000000000000000001A1B1C1D1E1F001C
:1009300000000000000000000000000000000000B7
:1009400000000000000000000000000000000000A7
:100950000000000000000000000000000000000097
:100960000000000000000000000000000000000087
:100970000000000000000000000000000000000077
:100980000000000000000000000000000000000067
:100990000000000000000000000000000000000057
:1009A0000000000000000000000000000000000047
:1009B0000000000000000000000000000000000037
:1009C0000000000000000000050000001900000009
:1009D0007D000000000000000080E03779C3414343
:1009E000176E05B5B5B89346F5F93FE9034F384D95
:1009F000321D30F94877825A3CBF737FDD4F157541
:100A0000000000000000F03F000000000000244053
:100A100000000000000059400000000000408F402E
:100A2000000000000088C34000000000006AF84099
:100A30000000000080842E4100000000D0126341BD
:100A40000000000084D797410000000065CDCD4133
:100A5000000000205FA00242000000E87648374214
:100A6000000000A2941A6D42000040E59C30A242B2
:100A70000000901EC4BCD64200003426F56B0C4327
:100A80000080E03779C3414300A0D88557347643CE
:100A900000C84E676DC1AB43003D9160E458E1432F
:100AA000408CB5781DAF154450EFE2D6E41A4B44A4
:100AB00092D54D06CFF08044F64AE1C7022DB544E9
:100AC000B49DD9794378EA440020202020202020BA
:100AD00020202828282828202020202020202020EE
:100AE00020202020202020202088101010101010FE
:100AF000101010101010101010040404040404044A
:100B000004040410101010101010414141414141E3
:100B100001010101010101010101010101010101C5
:100B200001010101101010101010424242424242D5
:100B30000202020202020202020202020202020295
:100B4000020202021010101020000000000000003D
:100B50000000000000000000000000000000000095
:100B60000000000000000000000000000000000085
:100B70000000000000000000000000000000000075
:100B80000000000000000000000000000000000065
:100B90000000000000000000000000000000000055
:100BA0000000000000000000000000000000000045
:100BB0000000000000000000000000000000000035
:100BC0000000000000000000000000003030303065
:100BD0003030303030303030303030302020202055
:0C0BE00020202020202020202020202089
:100BEC0008B10181B0B000840000000008B101819F
:100BFC00B0B000840000000008B10181B0B00084E6
:100C0C000000000008B10181B0B0008400000000B9
:0C0C1C0008B10181B0B0008400000000AD
:100C28001806FF7F01000000AC17FF7F00840280D8
:100C3800E817FF7FB0B0AA80E019FF7F010000002D
:100C48003823FF7FB0AA0980CC27FF7FB0B0A880E7
:100C58002428FF7F01000000482AFF7FB0AF0080F2
:100C68004C2FFF7FB0B0AC805432FF7F01000000F2
:100C78005032FF7FB0B0AA804C33FF7F01000000E4
:100C88004833FF7FB0B0A8808C33FF7FA908B180BC
:100C9800E033FF7F01000000E033FF7FB0A8018050
:100CA8009835FF7F01000000C46EFF7FB0AA058061
:100CB800286FFF7F01000000C870FF7F28FFFF7FBB
:100CC800EC70FF7F2CFFFF7F3471FF7F0100000075
:100CD8005071FF7F008402806471FF7F0100000073
:100CE8008871FF7FB0A90680BC71FF7F01000000FA
:100CF8001872FF7F008406808472FF7F0100000065
:100D08008072FF7FF8FEFF7FCC72FF7FFCFEFF7FC3
:100D18002C73FF7FB0B0AE803875FF7FF8FEFF7F81
:100D2800BC75FF7F01000000EC77FF7FB0AB02804D
:100D3800D87DFF7FB0A80180E87EFF7F010000001A
:100D48002C7FFF7FB0AA0380587FFF7F010000003F
:100D58001081FF7FB0B0AC803881FF7F01000000B8
:100D68007C87FF7FB0A803801088FF7FB0B0A88081
:100D78006088FF7F010000006888FF7FB0B0AA800C
:100D8800A088FF7FAF76B2807089FF7FAB3F3A8043
:100D9800D889FF7F01000000E889FF7FB0B0AA80F2
:100DA800248AFF7F01000000D08AFF7FAC0FB28049
:100DB800508BFF7FB0AF0880E08DFF7F01000000FF
:100DC800F08DFF7FAD3F0480E490FF7F01000000BD
:100DD8001491FF7FB0AC05801494FF7F01000000E0
:0C0DE800E1C10008911500080D8300080F
:040DF4006915000875
:100DF8000024F4000101000010000000007C01083C
:100E08000080000020000000000000001C0701080E
:100E180000000000000000000000010000000000C9
:100E280000000000010000000000000000000000B9
:100E380000000000000000000800000000000000A2
:100E4800FFFFFFFF0000020000000000000000009C
:100E5800580000205800002060000020600000209A
:100E6800680000206800002070000020700000204A
:100E780078000020780000208000002080000020FA
:100E880088000020880000209000002090000020AA
:100E98009800002098000020A0000020A00000205A
:100EA800A8000020A8000020B0000020B00000200A
:100EB800B8000020B8000020C0000020C0000020BA
:100EC800C8000020C8000020D0000020D00000206A
:100ED800D8000020D8000020E0000020E00000201A
:100EE800E8000020E8000020F0000020F0000020CA
:100EF800F8000020F8000020000100200001002078
:100F08000801002008010020100100201001002025
:100F180018010020180100202001002020010020D5
:100F28002801002028010020300100203001002085
:100F38003801002038010020400100204001002035
:100F480048010020480100205001002050010020E5
:100F58005801002058010020600100206001002095
:100F68006801002068010020700100207001002045
:100F780078010020780100208001002080010020F5
:100F880088010020880100209001002090010020A5
:100F98009801002098010020A0010020A001002055
:100FA800A8010020A8010020B0010020B001002005
:100FB800B8010020B8010020C0010020C0010020B5
:100FC800C8010020C8010020D0010020D001002065
:100FD800D8010020D8010020E0010020E001002015
:100FE800E8010020E8010020F0010020F0010020C5
:100FF800F8010020F8010020000200200002002073
:101008000802002008020020100200201002002020
:1010180018020020180200202002002020020020D0
:101028002802002028020020300200203002002080
:101038003802002038020020400200204002002030
:1010480048020020480200205002002050020020E0
:101058005802002058020020600200206002002090
:101068006802002068020020700200207002002040
:1010780078020020780200208002002080020020F0
:1010880088020020880200209002002090020020A0
:101098009802002098020020A0020020A002002050
:1010A800A8020020A8020020B0020020B002002000
:1010B800B8020020B8020020C0020020C0020020B0
:1010C800C8020020C8020020D0020020D002002060
:1010D800D8020020D8020020E0020020E002002010
:1010E800E8020020E8020020F0020020F0020020C0
:1010F800F8020020F802002000030020000300206E
:10110800080300200803002010030020100300201B
:1011180018030020180300202003002020030020CB
:10112800280300202803002030030020300300207B
:10113800380300203803002040030020400300202B
:1011480048030020480300205003002050030020DB
:10115800580300205803002060030020600300208B
:10116800680300206803002070030020700300203B
:1011780078030020780300208003002080030020EB
:10118800880300208803002090030020900300209B
:101198009803002098030020A0030020A00300204B
:1011A800A8030020A8030020B0030020B0030020FB
:1011B800B8030020B8030020C0030020C0030020AB
:1011C800C8030020C8030020D0030020D00300205B
:1011D800D8030020D8030020E0030020E00300200B
:1011E800E8030020E8030020F0030020F0030020BB
:1011F800F8030020F8030020000400200004002069
:101208000804002008040020100400201004002016
:1012180018040020180400202004002020040020C6
:101228002804002028040020300400203004002076
:101238003804002038040020400400204004002026
:1012480048040020480400205004002050040020D6
:101258000000000003000000F41600204300000016
:101268000000000000000000000000000000000076
:101278000000000000000000000000004300000023
:101288000000000000000000000000000000000056
:101298000000000000000000000000004300000003
:1012A8000000000000000000000000000000000036
:1012B80000000000000000000000000043000000E3
:1012C8000000000000000000000000000000000016
:1012D80000000000000000000000000043000000C3
:1012E80000000000000000000000000000000000F6
:1012F80000000000000000000000000043000000A3
:1013080000000000000000000000000000000000D5
:101318000000000000000000000000004300000082
:1013280000000000000000000000000000000000B5
:101338000000000000000000000000004300000062
:101348000000000000000000000000000000000095
:101358000000000000000000000000000000000085
:101368000000000000000000000000000000000075
:101378000000000000000000000000000000000065
:101388000000000000000000000000000000000055
:101398000000000000000000000000000000000045
:1013A8000000000000000000000000000000000035
:1013B8000000000000000000000000000000000025
:1013C8000000000000000000000000000000000015
:1013D8000000000000000000000000000000000005
:1013E80000000000000000000000000000000000F5
:1013F80000000000000000000000000000000000E5
:1014080000000000000000000000000000000000D4
:1014180000000000000000000000000000000000C4
:101428000000000021D8000889CD00080000000055
:10143800C80A0108BC04010834040108340401087E
:101448003404010834040108340401083404010890
:10145800340401083404010834040108FFFFFFFFC5
:10146800FFFFFFFFFFFFFFFFFFFF000001004153E9
:10147800434949000000000000000000000000008F
:1014880000000000000000000000000000004153C0
:10149800434949000000000000000000000000006F
:1014A8000000000000000000000000000000000034
:1014B800C80600200000000000000000F41600200C
:1014C8005C170020C4170020000000000000000086
:1014D8000000000000000000000000000000000004
:1014E80000000000000000000000000000000000F4
:1014F80000000000000000000000000000000000E4
:1015080000000000000000000000000000000000D3
:1015180000000000000000000000000000000000C3
:1015280000000000000000000000000000000000B3
:1015380000000000000000000000000000000000A3
:101548000000000000000000000000000000000093
:1015580001000000000000000E33CDAB34126DE630
:10156800ECDE05000B000000000000000000000099
:101578000000000000000000000000000000000063
:101588000000000000000000000000000000000053
:101598000000000000000000000000000000000043
:1015A8000000000000000000000000000000000033
:1015B8000000000000000000000000000000000023
:1015C8000000000000000000000000000000000013
:1015D8000000000000000000000000000000000003
:1015E80000000000000000000000000000000000F3
:1015F80000000000000000000000000000000000E3
:1016080000000000000000000000000000000000D2
:1016180000000000000000000000000000000000C2
:1016280000000000000000000000000000000000B2
:1016380000000000000000000000000000000000A2
:101648000000000000000000000000000000000092
:101658000000000000000000000000000000000082
:101668000000000000000000000000000000000072
:101678000000000000000000000000000000000062
:101688000000000000000000000000000000000052
:101698000000000000000000000000000000000042
:1016A8000000000000000000000000000000000032
:0C16B800000000000000000038180020B6
:0400000508008C293A
:00000001FF
