:020000040800F2
:1000000000500020218C0008051D0008091D000873
:100010000D1D0008111D0008151D0008000000003E
:10002000000000000000000000000000191D000892
:100030001D1D000800000000211D0008251D0008EE
:10004000698C0008698C0008698C0008698C0008BC
:10005000698C0008698C0008698C0008698C0008AC
:10006000698C0008698C0008698C0008291D00084B
:10007000698C0008698C0008351D0008411D0008C6
:10008000698C0008698C0008698C00084D1D000807
:10009000591D0008651D0008711D00087D1D000820
:1000A000698C0008811D0008698C0008698C0008B3
:1000B000698C0008851D0008891D0008698C0008EE
:1000C000698C0008698C0008698C0008698C00083C
:1000D000698C00088D1D0008698C0008698C000877
:1000E000698C0008698C0008698C00080000000019
:1000F0000000000000000000000000000000000000
:0C01000000000000000000005FF808F1A3
:1001100081F0004102E000BF83F0004330B54FEAB8
:1001200041044FEA430594EA050F08BF90EA020F25
:100130001FBF54EA000C55EA020C7FEA645C7FEAB8
:10014000655C00F0E2804FEA5454D4EB5555B8BFDB
:100150006D420CDD2C4480EA020281EA030382EA4C
:10016000000083EA010180EA020281EA0303362DDE
:1001700088BF30BD11F0004F4FEA01314FF4801CB1
:100180004CEA113102D0404261EB410113F0004FC3
:100190004FEA03334CEA133302D0524263EB43037A
:1001A00094EA050F00F0A780A4F10104D5F1200E18
:1001B0000DDB02FA0EFC22FA05F2801841F1000173
:1001C00003FA0EF2801843FA05F359410EE0A5F147
:1001D00020050EF1200E012A03FA0EFC28BF4CF078
:1001E000020C43FA05F3C01851EBE37101F000452E
:1001F00007D54FF0000EDCF1000C7EEB00006EEB3B
:100200000101B1F5801F1BD3B1F5001F0CD34908C4
:100210005FEA30004FEA3C0C04F101044FEA44521B
:1002200012F5800F80F09A80BCF1004F08BF5FEAA2
:10023000500C50F1000041EB045141EA050130BD82
:100240005FEA4C0C404141EB0101013C28BFB1F594
:10025000801FE9D291F0000F04BF01460020B1FADF
:1002600081F308BF2033A3F10B03B3F120020CDAB2
:100270000C3208DD02F1140CC2F10C0201FA0CF090
:1002800021FA02F10CE002F11402D8BFC2F1200CF5
:1002900001FA02F120FA0CFCDCBF41EA0C019040AB
:1002A000E41AA2BF01EB0451294330BD6FEA0404F4
:1002B0001F3C1CDA0C340EDC04F11404C4F12002DF
:1002C00020FA04F001FA02F340EA030021FA04F3F1
:1002D00045EA030130BDC4F10C04C4F1200220FA48
:1002E00002F001FA04F340EA0300294630BD21FA86
:1002F00004F0294630BD94F0000F83F4801306BF4C
:1003000081F480110134013D4EE77FEA645C18BF3F
:100310007FEA655C29D094EA050F08BF90EA020FD6
:1003200005D054EA000C04BF1946104630BD91EACE
:10033000030F1EBF0021002030BD5FEA545C05D1D1
:100340004000494128BF41F0004130BD14F5800410
:100350003CBF01F5801130BD01F0004545F0FE4184
:1003600041F470014FF0000030BD7FEA645C1ABFB9
:10037000194610467FEA655C1CBF0B46024650EAF0
:10038000013406BF52EA033591EA030F41F400211C
:1003900030BD00BF90F0000F04BF0021704730B5A2
:1003A0004FF4806404F132044FF000054FF0000177
:1003B00050E700BF90F0000F04BF0021704730B538
:1003C0004FF4806404F1320410F0004548BF40420D
:1003D0004FF000013EE700BF42004FEAE2014FEA62
:1003E00031014FEA02701FBF12F07F4393F07F4F3D
:1003F00081F06051704732F07F4208BF704793F040
:100400007F4F04BF41F40021704730B54FF4607452
:1004100001F0004521F000411CE700BF50EA010255
:1004200008BF704730B54FF000050AE050EA0102FE
:1004300008BF704730B511F0004502D5404261EB6E
:1004400041014FF4806404F132045FEA915C3FF4AF
:10045000D8AE4FF003025FEADC0C18BF03325FEA4C
:10046000DC0C18BF033202EBDC02C2F1200300FAFD
:1004700003FC20FA02F001FA03FE40EA0E0021FA22
:1004800002F11444BDE600BF70B54FF0FF0C4CF410
:10049000E06C1CEA11541DBF1CEA135594EA0C0FC2
:1004A00095EA0C0F00F0DEF82C4481EA030621EAFD
:1004B0004C5123EA4C5350EA013518BF52EA033538
:1004C00041F4801143F4801338D0A0FB02CE4FF0EA
:1004D0000005E1FB02E506F00042E0FB03E54FF01A
:1004E0000006E1FB03569CF0000F18BF4EF0010E12
:1004F000A4F1FF04B6F5007F64F5407404D25FEA0E
:100500004E0E6D4146EB060642EAC62141EA5551C0
:100510004FEAC52040EA5E504FEACE2EB4F1FD0C02
:1005200088BFBCF5E06F1ED8BEF1004F08BF5FEA80
:10053000500E50F1000041EB045170BD06F0004632
:1005400046EA010140EA020081EA0301B4EB5C04DF
:10055000C2BFD4EB0C0541EA045170BD41F48011D7
:100560004FF0000E013C00F3AB8014F1360FDEBFFC
:10057000002001F0004170BDC4F10004203C35DAD8
:100580000C341BDC04F11404C4F1200500FA05F35B
:1005900020FA04F001FA05F240EA020001F00042FC
:1005A00021F0004110EBD37021FA04F642EB060172
:1005B0005EEA430E08BF20EAD37070BDC4F10C049C
:1005C000C4F1200500FA04F320FA05F001FA04F260
:1005D00040EA020001F0004110EBD37041F100014C
:1005E0005EEA430E08BF20EAD37070BDC4F1200557
:1005F00000FA05F24EEA020E20FA04F301FA05F2BF
:1006000043EA020321FA04F001F0004121FA04F266
:1006100020EA020000EBD3705EEA430E08BF20EA36
:10062000D37070BD94F0000F0FD101F00046400070
:1006300041EB010111F4801F08BF013CF7D041EAF2
:10064000060195F0000F18BF704703F000465200F6
:1006500043EB030313F4801F08BF013DF7D043EAC7
:100660000603704794EA0C0F0CEA135518BF95EA7D
:100670000C0F0CD050EA410618BF52EA4306D1D104
:1006800081EA030101F000414FF0000070BD50EA23
:10069000410606BF1046194652EA430619D094EAAD
:1006A0000C0F02D150EA013613D195EA0C0F05D197
:1006B00052EA03361CBF104619460AD181EA0301EB
:1006C00001F0004141F0FE4141F470014FF00000A3
:1006D00070BD41F0FE4141F4780170BD70B54FF03E
:1006E000FF0C4CF4E06C1CEA11541DBF1CEA1355BE
:1006F00094EA0C0F95EA0C0F00F0A7F8A4EB0504A0
:1007000081EA030E52EA03354FEA013100F0888096
:100710004FEA03334FF0805545EA131343EA12635F
:100720004FEA022245EA111545EA10654FEA002614
:100730000EF000419D4208BF964244F1FD0404F5CD
:10074000407402D25B084FEA3202B61A65EB030529
:100750005B084FEA32024FF480104FF4002CB6EBE6
:10076000020E75EB030E22BFB61A754640EA0C0066
:100770005B084FEA3202B6EB020E75EB030E22BFA6
:10078000B61A754640EA5C005B084FEA3202B6EBE7
:10079000020E75EB030E22BFB61A754640EA9C00A6
:1007A0005B084FEA3202B6EB020E75EB030E22BF76
:1007B000B61A754640EADC0055EA060E18D04FEA34
:1007C000051545EA16754FEA06164FEAC30343EAD4
:1007D00052734FEAC2025FEA1C1CC0D111F4801FA1
:1007E0000BD141EA00014FF000004FF0004CB6E79A
:1007F00011F4801F04BF01430020B4F1FD0C88BF39
:10080000BCF5E06F3FF6AFAEB5EB030C04BFB6EB43
:10081000020C5FEA500C50F1000041EB045170BD36
:100820000EF0004E4EEA113114EB5C04C2BFD4EB63
:100830000C0541EA045170BD41F480114FF0000EE7
:10084000013C90E645EA060E8DE60CEA135594EA63
:100850000C0F08BF95EA0C0F3FF43BAF94EA0C0F66
:100860000AD150EA01347FF434AF95EA0C0F7FF4DB
:1008700025AF104619462CE795EA0C0F06D152EA2F
:1008800003353FF4FDAE1046194622E750EA410613
:1008900018BF52EA43067FF4C5AE50EA41047FF424
:1008A0000DAF52EA43057FF4EBAE12E74FF0FF3C89
:1008B00006E000BF4FF0010C02E000BF4FF0010C5A
:1008C0004DF804CD4FEA410C7FEA6C5C4FEA430CD3
:1008D00018BF7FEA6C5C1BD001B050EA410C0CBF22
:1008E00052EA430C91EA030F02BF90EA020F002084
:1008F000704710F1000F91EA030F58BF994208BFEB
:1009000090422CBFD8176FEAE37040F001007047A7
:100910004FEA410C7FEA6C5C02D150EA013C07D1FE
:100920004FEA430C7FEA6C5CD6D152EA033CD3D049
:100930005DF8040B704700BF8446104662468C4643
:100940001946634600E000BF01B5FFF7B7FF002876
:1009500048BF10F1000F01BD4DF808EDFFF7F4FF9F
:100960000CBF012000205DF808FB00BF4DF808ED2A
:10097000FFF7EAFF34BF012000205DF808FB00BF4D
:100980004DF808EDFFF7E0FF94BF012000205DF86F
:1009900008FB00BF4DF808EDFFF7CEFF94BF012024
:1009A00000205DF808FB00BF4DF808EDFFF7C4FF1D
:1009B00034BF012000205DF808FB00BF4FEA410C66
:1009C0007FEA6C5C02D150EA013C0AD14FEA430C49
:1009D0007FEA6C5C02D152EA033C02D14FF0000086
:1009E00070474FF0010070474FEA4102B2F1E04317
:1009F00024BFB3F5001CDCF1FE5C0DD901F0004C06
:100A00004FEAC0024CEA5070B2F1004F40EB830055
:100A100008BF20F00100704711F0804F21D113F181
:100A20003872BCBF01F00040704741F480114FEABA
:100A30005252C2F11802C2F1200C10FA0CF320FA43
:100A400002F018BF40F001004FEAC1234FEAD32360
:100A500003FA0CFC40EA0C0023FA02F34FEA4303CA
:100A6000CCE77FEA625307D150EA01331EBF4FF053
:100A7000FE4040F44000704701F0004040F0FE406E
:100A800040F40000704700BF80F0004002E000BF6B
:100A900081F0004142001FBF5FEA410392EA030F69
:100AA0007FEA226C7FEA236C6AD04FEA1262D2EBB3
:100AB0001363C1BFD218414048404140B8BF5B42B8
:100AC000192B88BF704710F0004F40F4000020F051
:100AD0007F4018BF404211F0004F41F4000121F067
:100AE0007F4118BF494292EA030F3FD0A2F10102B1
:100AF00041FA03FC10EB0C00C3F1200301FA03F1EF
:100B000000F0004302D5494260EB4000B0F5000F11
:100B100013D3B0F1807F06D340084FEA310102F1D0
:100B20000102FE2A51D2B1F1004F40EBC25008BF82
:100B300020F0010040EA03007047490040EB00004C
:100B4000013A28BFB0F5000FEDD2B0FA80FCACF14D
:100B5000080CB2EB0C0200FA0CF0AABF00EBC2507A
:100B600052421843BCBFD0401843704792F0000F68
:100B700081F4000106BF80F400000132013BB5E7BB
:100B80004FEA41037FEA226C18BF7FEA236C21D031
:100B900092EA030F04D092F0000F08BF0846704796
:100BA00090EA010F1CBF0020704712F07F4F04D164
:100BB000400028BF40F00040704712F100723CBF77
:100BC00000F50000704700F0004343F0FE4040F4A1
:100BD000000070477FEA226216BF08467FEA23635F
:100BE0000146420206BF5FEA412390EA010F40F44A
:100BF000800070474FF0000304E000BF10F0004396
:100C000048BF40425FEA000C08BF704743F096437C
:100C100001464FF000001CE050EA010208BF704797
:100C20004FF000030AE000BF50EA010208BF70471E
:100C300011F0004302D5404261EB41015FEA010C33
:100C400002BF84460146002043F0B64308BFA3F12B
:100C50008053A3F50003BCFA8CF2083AA3EBC2530D
:100C600010DB01FA02FC634400FA02FCC2F120022C
:100C7000BCF1004F20FA02F243EB020008BF20F063
:100C80000100704702F1200201FA02FCC2F12002C9
:100C900050EA4C0021FA02F243EB020008BF20EABE
:100CA000DC7070474FF0FF0C1CEAD0521EBF1CEAEC
:100CB000D15392EA0C0F93EA0C0F6FD01A4480EADA
:100CC000010C400218BF5FEA41211ED04FF00063C3
:100CD00043EA501043EA5111A0FB01310CF00040EF
:100CE000B1F5000F3EBF490041EAD3715B0040EA15
:100CF000010062F17F02FD2A1DD8B3F1004F40EBE5
:100D0000C25008BF20F00100704790F0000F0CF0B7
:100D1000004C08BF49024CEA502040EA51207F3A7B
:100D2000C2BFD2F1FF0340EAC250704740F4000056
:100D30004FF00003013A5DDC12F1190FDCBF00F047
:100D400000407047C2F10002410021FA02F1C2F1F5
:100D5000200200FA02FC5FEA310040F1000053EA91
:100D60004C0308BF20EADC70704792F0000F00F0DF
:100D7000004C02BF400010F4000F013AF9D040EAE5
:100D80000C0093F0000F01F0004C02BF490011F479
:100D9000000F013BF9D041EA0C018FE70CEAD15377
:100DA00092EA0C0F18BF93EA0C0F0AD030F0004CF7
:100DB00018BF31F0004CD8D180EA010000F00040AB
:100DC000704790F0000F17BF90F0004F084691F069
:100DD000000F91F0004F14D092EA0C0F01D14202A3
:100DE0000FD193EA0C0F03D14B0218BF084608D16C
:100DF00080EA010000F0004040F0FE4040F40000B6
:100E0000704740F0FE4040F4400070474FF0FF0C48
:100E10001CEAD0521EBF1CEAD15392EA0C0F93EA8F
:100E20000C0F69D0A2EB030280EA010C49024FEAE1
:100E3000402037D04FF0805343EA111143EA10139A
:100E40000CF000408B4238BF5B0042F17D024FF452
:100E5000000C8B4224BF5B1A40EA0C00B3EB510F2D
:100E600024BFA3EB510340EA5C00B3EB910F24BF16
:100E7000A3EB910340EA9C00B3EBD10F24BFA3EB9B
:100E8000D10340EADC001B0118BF5FEA1C1CE0D163
:100E9000FD2A3FF650AF8B4240EBC25008BF20F016
:100EA000010070470CF0004C4CEA50207F32C2BF6A
:100EB000D2F1FF0340EAC250704740F400004FF007
:100EC0000003013A37E792F0000F00F0004C02BF38
:100ED000400010F4000F013AF9D040EA0C0093F002
:100EE000000F01F0004C02BF490011F4000F013B5C
:100EF000F9D041EA0C0195E70CEAD15392EA0C0FC4
:100F000008D142027FF47DAF93EA0C0F7FF470AFFB
:100F1000084676E793EA0C0F04D14B023FF44CAF3E
:100F200008466EE730F0004C18BF31F0004CCAD1D3
:100F300030F000427FF45CAF31F000437FF43CAF0F
:100F40005FE700BF4FF0FF3C06E000BF4FF0010C31
:100F500002E000BF4FF0010C4DF804CD4FEA400213
:100F60004FEA41037FEA226C18BF7FEA236C11D05D
:100F700001B052EA530C18BF90EA010F58BFB2EB10
:100F8000030088BFC81738BF6FEAE17018BF40F090
:100F9000010070477FEA226C02D15FEA402C05D144
:100FA0007FEA236CE4D15FEA412CE1D05DF8040BC9
:100FB000704700BF844608466146FFE70FB5FFF75C
:100FC000C9FF002848BF10F1000F0FBD4DF808ED14
:100FD000FFF7F4FF0CBF012000205DF808FB00BF05
:100FE0004DF808EDFFF7EAFF34BF012000205DF85F
:100FF00008FB00BF4DF808EDFFF7E0FF94BF0120AC
:1010000000205DF808FB00BF4DF808EDFFF7D2FFA8
:1010100094BF012000205DF808FB00BF4DF808EDEB
:10102000FFF7C8FF34BF012000205DF808FB00BFB8
:101030004FEA40024FEA41037FEA226C02D15FEAA5
:10104000402C08D17FEA236C02D15FEA412C02D107
:101050004FF0000070474FF0010070474FEA400228
:10106000B2F1FE4F0FD34FF09E03B3EB12620DD9D6
:101070004FEA002343F0004310F0004F23FA02F040
:1010800018BF404270474FF00000704712F1610FE7
:1010900001D1420205D110F0004008BF6FF00040BE
:1010A00070474FF00000704700F1340191E83800BC
:1010B0009C46A6464CF8045D90E8FF0FE54600BD4F
:1010C00090EC210B704700BF80EC210B704700BFF4
:1010D00090EC200B704700BF80EC200B704700BFE6
:1010E000D0EC200B704700BFC0EC200B704700BF56
:1010F000F0EC0201F0EC0211F0EC0221F0EC023114
:10110000F0EC0241F0EC0251F0EC0261F0EC027103
:10111000F0EC0281F0EC0291F0EC02A1F0EC02B1F3
:10112000F0EC02C1F0EC02D1F0EC02E1F0EC02F1E3
:10113000704700BFE0EC0201E0EC0211E0EC02219C
:10114000E0EC0231E0EC0241E0EC0251E0EC026143
:10115000E0EC0271E0EC0281E0EC0291E0EC02A133
:10116000E0EC02B1E0EC02C1E0EC02D1E0EC02E123
:10117000E0EC02F1704700BFB0FC0181B0FC0191CE
:10118000B0FC01A1B0FC01B1704700BFA0FC01811F
:10119000A0FC0191A0FC01A1A0FC01B1704700BF1F
:1011A000EC4600B52DE900502DE9FF1F4FF000037C
:1011B0000CB401A908F0A0FADDF840E012B07047C5
:1011C000EC4600B52DE900502DE9FF1F4FF000035C
:1011D0000CB401A908F0D4FADDF840E012B0704771
:1011E000EC4600B52DE900502DE9FF1F4FF000033C
:1011F0000CB401A908F0E6FADDF840E012B070473F
:10120000EC4600B52DE900502DE9FF1F4FF000031B
:101210000CB401AB08F0A8FADDF840E012B070475A
:10122000EC4600B52DE900502DE9FF1F4FF00003FB
:101230000CB401AA08F020FBDDF840E012B07047C2
:1012400080EA010C1CF0030F37D110F0030C20F0E2
:10125000030021F0030150F8042B08BF51F8043BB0
:101260000ED08CF0030C6FF07F434FEACC0C23FAC6
:101270000CFC51F8043B42EA0C0243EA0C0300BFA9
:10128000A2F1013C9A4201BF2CEA020C1CF0803F03
:1012900050F8042B51F8043BF2D04FEA02604FEAB9
:1012A0001222012828BFB0EB036F08BF1B0AF4D03D
:1012B00003F0FF03000EC01A704710F0030F0AD0AE
:1012C00010F8012B11F8013B012A28BF9A42F4D0F3
:1012D000A2EB0300704720B450F8042B01F0030583
:1012E00021F0030151F8043B022D27D04ED800BF56
:1012F00022F07F45B5EB132FA2F1013C2CEA020C42
:101300000DD11CF0803C08BF51F8043B0AD185EA9E
:101310000205B5EB036F0CD150F8042BE8E74FEA58
:1013200013235BE03CF07F4C54D10B784FEA1265FD
:1013300054E04FEA126503F0FF034FE04FEA024525
:10134000A2F1013C4FEA15452CEA020CB5EB134F14
:1013500018D11CF0803C08BF51F8043B07D185EA46
:101360000205B5EB034F09D150F8042BE6E75FEA1D
:101370000C4C2FD10B884FEA12452FE04FEA034364
:101380004FEA12454FEA134328E000BF02F0FF0581
:10139000B5EB136FA2F1013C2CEA020C0DD11CF04D
:1013A000803C08BF51F8043B0AD185EA0205B5EB41
:1013B000032F0AD150F8042BE8E74FEA13630DE03E
:1013C00012F0FF0F06D051F8043B4FEA122523F02C
:1013D0007F4303E04FF0000020BC704705F0FF02A0
:1013E00003F0FF00012828BF904204BF2D0A1B0A0A
:1013F000F4D0A2EB000020BC704700BF844641EA55
:10140000000313F0030349D1403A23D30B68036070
:101410004B6843608B688360CB68C3600B69036172
:101420004B6943618B698361CB69C3610B6A03625A
:101430004B6A43628B6A8362CB6AC3620B6B036342
:101440004B6B43638B6B8363CB6BC3634030403127
:10145000403ADBD230320BD30B6803604B684360F9
:101460008B688360CB68C36010301031103AF3D2C0
:101470000C3205D351F8043B40F8043B043AF9D24E
:10148000043208D0D2071CBF11F8013B00F8013B21
:1014900001D30B8803806046704700BF082A13D32E
:1014A0008B07B1D010F00303AED0C3F10403D21AFE
:1014B000DB071CBF11F8013B00F8013BA4D331F856
:1014C000023B20F8023B9FE7043AD9D3013A11F8D6
:1014D000013B00F8013BF9D20B7803704B78437065
:1014E0008B788370604670474A0011D212F5001263
:1014F00011D20DD56FF47873B3EB62520ED44FEA6C
:10150000C12343F0004343EA505323FA02F07047EB
:101510004FF00000704750EA013002D14FF0FF3029
:1015200070474FF0000070470348044B834202D0DD
:10153000034B03B118477047CC080020CC080020AB
:10154000000000000548064B1B1AD90F01EBA30150
:10155000491002D0034B03B118477047CC08002054
:10156000CC0800200000000010B5064C237843B9D9
:10157000FFF7DAFF044B13B10448AFF300800123F7
:10158000237010BDD0080020000000007CFB000884
:1015900008B5054B1BB105490548AFF30080BDE810
:1015A0000840FFF7CFBF00BF00000000D4080020B4
:1015B0007CFB000800234FF480714FF460204FF053
:1015C000010C02222DE90048DFF888E084B0CDE963
:1015D0000133CEE9013100938EF814301E4BCEF862
:1015E0001C0070468EF80CC0CEF81020CEF80030EB
:1015F00002F084FE20BB4FF0000B4FF0010C0723DC
:1016000069461448CDE900BC029302F077FFE8B9BF
:101610004FF0010B4FF0020C072369460D48CDE94E
:1016200000BC029302F06AFF68B90A4803F00CF9A3
:1016300002220A49074803F04BF804B0BDE80088CD
:1016400000F0CCFAD7E700F0C9FAEEE700F0C6FAEE
:10165000DEE700BF380900200024014068090020AF
:10166000002300B50168294A89B09142CDE90433CD
:10167000CDE9063301D009B000BD03220323019058
:10168000234804A9D0F818C04CF4007CC0F818C056
:10169000D0F818C00CF4007CCDF808C0DDF808C004
:1016A000D0F818C04CF0040CC0F818C08069CDE91F
:1016B000042300F0040003900398164804F0AAF8ED
:1016C0004FF4807C00234FF4806013494FF0800E6C
:1016D000C1E90133C1F810C04FF440534FF0200C62
:1016E00048610E48C1E906C308600846C1F80CE02D
:1016F00003F044FD0849019A18B911624A6209B021
:1017000000BD00F06BFA019A0349F6E7002401409E
:101710000010024000080140F008002008000240CC
:1017200008B5214B5888FFF765FA01461F48FFF7B7
:101730006DFB4FF07E51FFF7ABF91D49FFF7B2FA91
:10174000FEF74AFE07F0C0FB0FA3D3E90023FEF724
:101750009BFE0FA3D3E90023FEF7E0FC02460B46F5
:101760000DA1D1E90001FEF7B9FFFFF73DF9FEF742
:1017700033FE0BA3D3E90023FEF7CEFCFFF734F9C9
:1017800008BD00BFAFF300800000006066A2724099
:101790000000000000FEAA4000000080B86F2F414A
:1017A00066666666661271406809002000F07F4533
:1017B000C2F5A83E00234FF480204FF0040C4FF4F4
:1017C00000114FF4803200B5DFF87CE08BB0CEE939
:1017D0000330CEE901C3AEF81C301C4B7046CEE995
:1017E0000512CEF8003003F0ABF830BB0023012225
:1017F0004FF00E0C69461448CDE90533CDE90033AE
:10180000CDE90233CDE9082C0792049303F01AF9CD
:10181000B0B90D4803F098F90D490B4803F0AEFA42
:10182000002208210B480C4B4068C3E90222C3E99F
:10183000000219611A750BB000BD00F0CFF9D5E7B1
:1018400000F0CCF9E5E700BF9809002000640040F3
:101850007F8F030088160020E8090020002200B5D1
:1018600001682E4B87B09942CDE90222CDE90422CE
:1018700001D007B000BD4FF4807C03F5D633D969A1
:10188000274841F00071D961D96901F000710091D8
:101890000099996941F0080199619B6902A903F0D7
:1018A00008030193CDF808C0019B03F0B3FF4FF488
:1018B00000720223CDE90223032302A918480593ED
:1018C00003F0A8FF174900224B68132023F4C043FC
:1018D00043F0E06343F480434B60032103F0E6FBF5
:1018E000132003F015FC00220321142003F0DEFB7B
:1018F000142003F00DFC00220321152003F0D6FB79
:10190000152003F005FC00220321162003F0CEFB76
:10191000162003F0FDFB07B000BD00BF00640040CF
:10192000000C01400000014008B50A46054B014685
:10193000054803F037F900B908BDBDE8084000F0DC
:101940004DB900BFC00900209809002008B500214A
:101950000C4B0D4A03F086F940B90B4B0B4A186843
:101960005268C0F3C711914203D008BD00F036F9A8
:10197000F3E71A69034900F07F00BDE8084006F06C
:10198000C9BD00BFC4090020CC0900208816002072
:10199000002200B5124B83B059690B2041F00101C0
:1019A00059615B69114603F001030193019B03F048
:1019B0007DFB0B2003F0ACFB002203210E2003F083
:1019C00075FB0E2003F0A4FB002203210F2003F07F
:1019D0006DFB0F2003B05DF804EB03F099BB00BF73
:1019E0000010024070B5002488B0CDE90444CDE970
:1019F0000644454B4FF4C0419A69444842F01002F6
:101A00009A619A69012502F010020092009A9A697F
:101A1000022642F020029A619A6902F020020192A5
:101A2000019A9A6942F004029A619A6902F00402EA
:101A30000292029A9A6942F008029A619B692246D0
:101A400003F008030393039B04F0FCF822463C21B7
:101A50002F4804F0F7F8224602212E4804F0F2F84D
:101A600001224FF400412A4804F0ECF84FF4C0433F
:101A700004A92648049306940595079603F0CAFE28
:101A80003C23CDE90435032304A921480793069498
:101A900003F0C0FE8022204B04A91D48CDE9042399
:101AA000069403F0B7FE0122002304A91948CDE9EA
:101AB0000423069403F0AEFE04A91648CDE904659C
:101AC000CDE9064603F0A6FE41F20402002304A974
:101AD0001048CDE90423069503F09CFE4FF4004323
:101AE00004A90B48049306940595079603F092FE0B
:101AF0004FF4E0620023064804A9CDE904230695CB
:101B000003F088FE08B070BD0010024000100140D4
:101B100000080140000C01400000311000232DE9B5
:101B2000104895B04FF0010B4FF4803C0121022486
:101B30004FF48032CDE90C33CDE90F33CDE90633D4
:101B4000CDE90833CDE902330593019304934FF4B3
:101B500080130AA8CDE90ABC0E9111941292139336
:101B600004F074F808B172B6FEE703460F22CDE91F
:101B7000064309934FF48063214605A80893059214
:101B800004F05AFA08B172B6FEE74FF4004301A818
:101B90000194039304F042FB08B172B6FEE715B05E
:101BA000BDE8108808B502F073FBFFF7B7FFFFF739
:101BB00019FFFFF7EDFEFFF7FDFC00F03DFBFFF71F
:101BC000F9FD00F00DF800F08FF900F013FA00F0C5
:101BD00079FA00F049F906F035FAFEE772B6FEE749
:101BE00008B54FF4827C002302210122DFF840E097
:101BF0004FF40060CEE901C3CEE904124FF4007C3B
:101C000010210A22CEE90833CEF82830094BCEF84D
:101C10000C007046CEE906C1CEF80030CEF82C207C
:101C200004F04CFC00B908BDBDE80840FFF7D6BF82
:101C3000000A002000300140002310B501681D4A51
:101C400086B09142CDE90233CDE9043301D006B02C
:101C500010BD02F560429169282341F480519161E1
:101C60009169022401F48051009100999169124810
:101C700041F0080191619269CDE9023402F0080255
:101C800001920322019902A90592002403F0C2FDEA
:101C90001023CDE902340023074802A9049303F07E
:101CA000B9FD064A536843F0E06343F00103536013
:101CB00006B010BD00300140000C014000000140A2
:101CC0000E4B82B09A690E4942F001029A619A69FC
:101CD00002F001020092009ADA6942F08052DA6161
:101CE000DB6903F080530193019B4B6823F0E063B1
:101CF00043F000734B6002B0704700BF0010024019
:101D000000000140FEE700BFFEE700BFFEE700BFA6
:101D1000FEE700BFFEE700BF704700BF704700BF8F
:101D2000704700BF02F0C6BA014803F00FBB00BF06
:101D3000F0080020014803F009BB00BF800B002021
:101D4000014803F003BB00BFC80B0020014803F0AB
:101D50003FB800BF98090020014803F039B800BF20
:101D600098090020014803F033B800BF980900200B
:101D7000014803F02DB800BF98090020704700BF4C
:101D800006F068BA704700BF06F0AABA194B1A6885
:101D90001168C90602D4174805F052BD1846002341
:101DA00010B582B001931168134C019152680192F1
:101DB000019A05F01DFC6FF07F0210491048096878
:101DC000036849680F48521A227021789847227890
:101DD00000210C480AF01CF84FF00003802209494A
:101DE0000448237005F0B0FB024802B0BDE8104083
:101DF00005F026BD100C0020D80C0020C80B0020D8
:101E0000540C0020580C00200120704708B50AF03F
:101E100071F9162203464FF0FF301A6008BD00BF6B
:101E200008B50AF067F916230360FEE708B50B4A08
:101E30000B491368002B08BF0B46694618448842BB
:101E4000136002D81060184608BD0AF053F90C223E
:101E50004FF0FF330260184608BD00BF580A00204B
:101E6000D8190020704700BF002342F20F714720AD
:101E7000802200B5DFF868C087B0CDE90333CCE934
:101E80000231CCE904330293009305930193154B7F
:101E9000CCF804006046CCF81820CCF8003004F0F0
:101EA000C1FC90B94FF480530D4802A9029305F08C
:101EB0004BF888B90022002369460948CDE9002380
:101EC00005F070F920B907B000BDFFF787FEE9E71C
:101ED000FFF784FE07B000BDFFF780FEEAE700BF12
:101EE000380B0020002C014000234FF0804140F2CD
:101EF000FF322DE910483C4C91B02046C4E9013333
:101F0000CDE90933CDE90B33CDE90D3321600293DF
:101F10000893E2602361A361039304F01BFD002892
:101F200031D100220023304802A9CDE9022305F077
:101F300039F988BB00234FF0600B4FF0000C0822EA
:101F4000294808A9CDE908BC0A930C9304F0E6FEE1
:101F5000F8B90C22244808A904F0E0FEB0B9082121
:101F6000214804F065FD0C211F4804F061FD0023A9
:101F70002268CDE90433B2F1804FCDE906330ED0AB
:101F800011B0BDE81088FFF729FECAE7FFF726FE6B
:101F9000E5E7FFF723FEDCE7FFF720FECAE74FF097
:101FA000020C4FF4406B032403F1804303F5043328
:101FB0009A690E4842F008029A619B6904A903F0ED
:101FC00008030193019BCDE904BC079403F022FCB4
:101FD000074A536823F4407343F0E06343F400730B
:101FE000536011B0BDE81088EC0A0020000C0140DD
:101FF00000000140002347214FF6FF722DE9004801
:10200000DFF8B8C02E488CB0CCF800006046CDE9AF
:102010000733CDE90933CDE90333CCF80410CCF80C
:102020000C20069300930293CCF80830CCF81030C3
:10203000CCF818300193059304F0F4FB40BB1F4823
:1020400004F04CFD58BB00234FF0040B4FF0500C34
:102050001A4806A9CDE906BC08930A9305F026F8AC
:1020600040BB0022002369461448CDE9002305F057
:1020700099F8E0B900220123104802A9CDE9022312
:10208000CDE9042204F098FD60B90CB0BDE80088E9
:10209000FFF7A4FD094804F021FD0028D3D0FFF785
:1020A0009DFDD0E7FFF79AFD0CB0BDE80088FFF773
:1020B00095FDDFE7FFF792FDD3E700BFA40A0020FC
:1020C00000040040002331214720802200B5DFF8C2
:1020D00068C087B0CDE90333CCE9023102930093A5
:1020E000CCF8103005930193144BCCF804006046F3
:1020F000CCF81820CCF8003004F094FB90B94FF4E1
:1021000080530D4802A9029304F01EFF88B90022F3
:10211000002369460848CDE9002305F043F820B9BB
:1021200007B000BDFFF75AFDE9E7FFF757FD07B01D
:1021300000BDFFF753FDEAE75C0A002000080040FD
:10214000002200B503682D4989B08B42CDE90422F5
:10215000CDE9062207D02A498B4217D029498B4264
:1021600039D009B000BD284B0521986940F40060C2
:1021700098619B69192003F400630093009B02F0AF
:1021800095FF192002F0C4FF09B000BD4FF0400CCC
:102190001D4B04A9D86940F00200D861D86900F04D
:1021A000020001900198986940F0040098619B69D1
:1021B000164803F004030293029BCDF810C003F00D
:1021C00029FB00221D20114602F070FF1D2002F0A5
:1021D0009FFF09B000BD0C4B1146D86940F00400C8
:1021E000D861DB691E2003F004030393039B02F014
:1021F0005DFF1E2002F08CFF09B000BD002C0140E5
:1022000000040040000800400010024000080140A7
:102210000368B3F1804F00D0704703F50433DA69E7
:1022200082B042F00102DA61DB6903F0010301933D
:10223000019B02B0704700BF00234FF4E1310C2234
:1022400010B51148114C20602046C4E90113C4E9BF
:102250000333C4E90523E36104F0D8FF88B9226899
:102260000A48D3680A4C43F01003D36005F01EFD02
:10227000084B80221C6008490448BDE8104005F066
:1022800063B9FFF7ABFCEAE700380140100C00200F
:10229000098B0008540C0020580C0020002310B5B6
:1022A00001683E4A86B09142CDE90233CDE904335C
:1022B00001D006B010BD02F558429169044641F4C0
:1022C000804191619169402001F480410091009921
:1022D000916941F0080191619269022102F00802BE
:1022E0000192019A0322CDE902012D4802A905922B
:1022F00003F090FA80220023CDE90223002328482E
:1023000002A9049303F086FA2648002341684FF09F
:10231000800C41F0E06141F0040141604FF48051D4
:10232000214A00F58030583010601046C2E9013370
:10233000C2E904339361C2F80CC0D16102F01EFF00
:10234000194A18BB002180204FF0100CA263546280
:102350004FF48052154BC3E90210C3E9041199618F
:1023600013491846C3F804C01960DA6102F006FF89
:102370000E4B78B900220321636325205C6202F0D2
:1023800095FE252002F0C4FE06B010BDFFF726FC26
:10239000054AD7E7FFF722FC044BEBE70038014082
:1023A000000C014000000140C80B0020800B002001
:1023B00044000240704700BF704700BF704700BF35
:1023C000704700BF704700BF0368DFF80CC0DB69CF
:1023D000634500D170471847BD2300080368DFF844
:1023E00038C05969614504D19B690C498B420CD1B5
:1023F000704700B583B001908847019A0749136878
:102400009B698B4202D103B000BD1847104603B050
:102410005DF804EB184700BFB5230008B923000896
:102420000022036870B515491D6904468D42C281BA
:1024300002810CD1DD6912498D4208D11D6A114A11
:1024400095420BD15B6A104A934210D170BD114680
:10245000A84723680B4A1D6A9542F3D00122204603
:102460001146A8472368084A5B6A9342EED00122CE
:102470002046BDE870401146184700BFC923000838
:10248000BD230008C1230008C523000800220368FB
:1024900070B515491D6904468D42C28102810CD177
:1024A000DD6912498D4208D11D6A114A95420BD14E
:1024B0005B6A104A934210D170BD1146A847236849
:1024C0000B4A1D6A9542F3D0002220461146A847C8
:1024D0002368084A5B6A9342EED000222046BDE89A
:1024E00070401146184700BFC9230008BD230008EB
:1024F000C1230008C523000870B541F2DB36434D07
:10250000C1F3090182EAE27C35F91130ACEBE27CDF
:1025100001F58072C2F3090235F91250428183EA53
:10252000E372A2EBE372C38006FB0CF3818085EAC1
:10253000E571A1EBE571C3F30B3392B289B203FBF2
:1025400002F203FB01F1D0F800C0DFF8C4E0DCF8D0
:102550001060C2F30F32C1F30F3176450446858116
:102560000281C18139D1DCF81C302A4EB34247D1F7
:10257000002DDCF82030284A14DD934239D1B4F91B
:102580000620DCF82430002A244A02DD93422AD1B6
:1025900070BD11D09342FBD02046BDE870400122AF
:1025A0000021184710D09342E9D001220021204693
:1025B0009847D4F800C0E2E79342E9D001222046D0
:1025C000BDE87040114618479342D8D001222046FA
:1025D00011469847D4F800C0D1E7B047B4F90C5081
:1025E000D4F800C0C4E72046BDE8704000220121B5
:1025F00018470022012120469847D4F800C0BEE7C2
:102600009847B4F90C50D4F800C0B1E7E4FB0008D7
:10261000C9230008BD230008C1230008C523000802
:102620000023C0E903317047D0F810C0A1EB0C03C0
:10263000002B02D101610160704700B5D0E9023280
:10264000D0F804E0DEF800E011DD134493FBFEF265
:102650000EFB1233BCF1000F6244C0E9033215DBFC
:1026600091421BDC00230160C0E9033100BDD21A96
:1026700092FBFEF30EFB1322BCF1000F6344C0E992
:1026800003230DDD002B03DD194605E0002A05DBE1
:1026900000231946C0E90333016000BD1146FBE782
:1026A0009942DFDAF0E700BF816070470023C0E99C
:1026B00003317047D0F810C0A1EB0C03002B02D1FE
:1026C00001610160704700B5D0E90232D0F804E042
:1026D000DEF800E011DD134493FBFEF20EFB123333
:1026E000BCF1000F6244C0E9033215DB91421BDCF0
:1026F00000230160C0E9033100BDD21A92FBFEF352
:102700000EFB1322BCF1000F6344C0E903230DDD6F
:10271000002B03DD194605E0002A05DB00231946DE
:10272000C0E90333016000BD1146FBE79942DFDADF
:10273000F0E700BF10B504460846C4E90311FEF7F0
:102740005DFA01464FF07C50FEF760FB606110BD02
:1027500000238162C0E90823C36170472DE9F0437B
:10276000866A03468A1B056A876883B016D1816929
:102770004842A8422DDD002D5C6A7DDD1969D869CB
:10278000401A396890FBF1FC6544002D1D627EDD26
:1027900001FB1C002A46D8612C440EE005BB002A30
:1027A000C0683968DD695C6A4BDD284490FBF1F252
:1027B00001FB1200C3E9070214445A6094FBF1F2D2
:1027C00001FB124432449A621A605C6203B0BDE8B5
:1027D000F083A942CFDBC3E9072214463968ECE74E
:1027E000002A37DD002D57DDD7F8B410D1F80C8062
:1027F000A84564DB009028460192FEF7FFF9009B94
:1028000001465C6AFEF74EFA009B5969FEF74AFAE8
:10281000FEF724FC019A009B824240F39480A84575
:1028200039687ADDDA69D868104490FBF1F77A19D3
:1028300090451A6240F3978001FB17001444D86159
:10284000BBE72D1A95FBF1F201FB12551444C3E9C5
:102850000752B2E7002D42DBC0691A693968801A55
:1028600090FBF1F201FB12002A44002AC3E907029F
:102870005C6A1FDD1444A0E71FD0D96918690844B9
:10288000396890FBF1FC6544002D1D6280DB00215E
:10289000C3E90711396890E7DA69186939681044A3
:1028A00090FBF1F201FB12002A44002AC3E907025F
:1028B0005C6ADFDB0022C3E9072239687DE7C06973
:1028C0001A693968801A90FBF1F201FB12002A4460
:1028D000002AC3E9070230DD5C6A14446DE7D7F8CB
:1028E000B420D268C2F10008A8459146D4DC00901B
:1028F00028460C46FEF782F90146FEF7D3F9009B05
:10290000341B5969FEF7CEF9FEF7A8FBA042009BE5
:1029100006DAA8452EDB5C6A39682A462C444CE767
:10292000DA6918693968104490FBF1F201FB120072
:102930002A44002AC3E90702CEDB0022C3E90722AA
:102940005C6A396839E71A69D8693968801A90FB76
:10295000F1FC0CEB0502002A1A62ABDD01FB1C0046
:102960001444D86129E700204246C3F8208044443B
:10297000D86122E7D869DA683968801A90FBF1F2E9
:1029800001FB12002A449045C3E907025C6AFFF686
:1029900071AF00204246A4EB0904C3F82080D8613F
:1029A0000BE700BFC0E903114161C261704700BF7E
:1029B000D0F808C0C268C369DCF800C0C3EB831359
:1029C00002618A1A0CFB02338269C16013449A11B6
:1029D00003F03F03C0E90632C0E9001241617047CD
:1029E0000023C0E90A32C0E90C3143610377704724
:1029F0002DE9F0430E46016A03469142456B876814
:102A0000C46A83B03AD04FF00008C3E90826C3F87F
:102A10001480101900930192FEF7F0F8019A814694
:102A2000101BFEF7EBF801464846FEF73BF98146DE
:102A3000701B4000FEF7E2F801464846FEF7E6F953
:102A4000FEF70CFB009B83F81C8018619A6A3968BA
:102A5000104490FBF1F201FB12001444C3E90A0494
:102A60001A6B5C60144494FBF1F201FB12442A449B
:102A70005A631A601C6303B0BDE8F083416AB14237
:102A8000C1D141694FF47A709A6900FB02F2914218
:102A900007DB01221A77002C0BD19C6200243968D5
:102AA000DEE77A680A445A611A7F002AF3D118696E
:102AB000CCE7D8689A6A39680DDD121A92FBF1F0FA
:102AC00001FB10220444002CC3E90A24C8DC0022C4
:102AD000C3E90A22E2E7104490FBF1F201FB120085
:102AE0001444002CC3E90A04F1DAB9E738B5044606
:102AF000C268036A806BC4F8B410D0F8B410D2F87E
:102B0000B420D3F8B4300D6952691B69284622619C
:102B10006362C4E90F55FEF771F801464FF07C502F
:102B2000FEF774F9C822094B606483FB0513ED17A7
:102B3000C5EBA315D4F88430D3F8B430A5641B6971
:102B4000C4F89420C4F8883038BD00BFD34D62105B
:102B5000C0F84411704700BFC0F84811704700BF6B
:102B60000368C26970B5891A1E69B1F5801F844671
:102B70005E6146DC284A9142B8BF11465A6A9C6899
:102B8000196104FB012E5868DCF808404FEAAE25B5
:102B9000CEF3090E626901FB00F0C3F824E0D3F81C
:102BA0001CE09D62AE44BEEB822F9861C3F81CE02E
:102BB0004FEA822502DC6D42AE4527DADD6128440A
:102BC000DD68891B05FB01F10844B2EBA02F4FEA39
:102BD000A02502DB5242954216DA1546002A1962F8
:102BE000DD62DCF82810CCF8302011DD6368194470
:102BF000D4F84801BDE8704003685B68CCF8541015
:102C000018474FF48011B9E72A46E7E77546D6E73B
:102C10001CBF6368C91AEBE70000F0FF8446084652
:102C2000DCF8281070B5401AB0F5486FDCF800E009
:102C300062DC3A4B9842B8BF1846CEF84000DCF848
:102C40001C30D21AD211B2F57A6F52DC344B9A4250
:102C5000B8BF1A46DEF83430DEF8384002FB03F322
:102C600004FB0033DEF83040CEF8442004FB00F0D3
:102C7000DEF85440DCF808502344DEF84C40DE1106
:102C800003F07F03CEF8543033196C69CEF85860E6
:102C9000B3EB842FCEF84800CEF84C304FEA8426B0
:102CA00002DC7642B34237DACEF84C60DEF83C30D4
:102CB000304402FB03F31844B4EBA02F4FEAA022E8
:102CC00002DB6442A2421ADA2246002CCEF85030CF
:102CD000CEF85C20CCF830401ADD6B681944D5F88A
:102CE00048012246BDE8704003685B68CCF8541088
:102CF00018474FF47A62ADE74FF448609DE71446F9
:102D0000002CCEF85030CEF85C20CCF83040E4DC1B
:102D10001CBF6B68C91AE2E71E46C7E780F3FFFFD6
:102D200060F0FFFF017170478368DB680B44436309
:102D3000704700BF2DE9F84FD0F8089016460546B9
:102D4000D9F81C000C46FDF759FF31468346FDF7C4
:102D5000A9FF80466869D9F80C70201A3844002809
:102D6000B8BF4042FDF74AFF4FF07A5182463046E5
:102D7000FDF798FF4146FDF795FF014650463C445C
:102D8000FEF74CF938B1184B00205B69C9F81830D0
:102D90006C63BDE8F88F31463046FDF783FF4FF096
:102DA000814106465046FDF77DFF5946FEF72EF855
:102DB00001463046FDF76CFE06F0BCF80146584669
:102DC000FDF770FF01464046FDF762FE4FF07C5173
:102DD000FDF768FFFEF742F903460120C9F81830F5
:102DE0006C63BDE8F88F00BF8816002083689B697C
:102DF0005A428A4202DC8B42A8BF8163704700BFFF
:102E000070B5836882B00446D3E902050191FDF7ED
:102E1000F5FE0199064641B1E068401BFDF7EEFE64
:102E20003146FDF7F3FF02B070BD6069401BFDF74E
:102E3000E5FE3146FDF7EAFF02B070BD38B5044645
:102E4000C069FDF7DBFEA36805469868FDF7D6FE6E
:102E500001462846FDF7DAFF38BD00BF08B5006B14
:102E6000FDF7CCFE0149FDF71DFF08BD6F12833A47
:102E700083685B695A428A42B8BF0A468B42A8BF40
:102E80001346C363704700BF00238365C371704757
:102E900000281BDB344B984201DC00207047334B89
:102EA00098422FDB324B984247DAA0F59E10A0F5EE
:102EB000B150C0EBC000C0EB0010001500F59670DB
:102EC000B0F5D77FA8BF4FF4D7707047294B984211
:102ED000E3DAA3F59213A3F57863984220DA264B40
:102EE000984235DB00F59E1000F5B150C0EBC000F4
:102EF000C0EB00100015A0F59670204B9842B8BFAB
:102F0000184670474FF48373A0F5C330A03803FB15
:102F100000F00015B0F5D77FA8BF4FF4D770704709
:102F20004FF4837300F5C330A03003FB00F0134B64
:102F300000159842B8BF184670473423A0F5061014
:102F4000A0F58E5003FB00F0001500F5C370B7E745
:102F5000342300F5061000F58E5003FB00F0001539
:102F6000A0F5C370C9E700BF9F86010020D61300FB
:102F7000C09121006179FEFF416EDEFF52FEFFFF2E
:102F800070B5D0E95046F388E1688AB02161E3600A
:102F9000591A83680546B1EB630F40F3F080C91AF4
:102FA000E369D5F88800C3EB431300FB0133626982
:102FB000A2610A44216A62610B44581103F01F03A5
:102FC000C4E90703FFF764FF636C02449B1AA26223
:102FD000E2796062E36222B994F85030002B00F08D
:102FE000D4800023D5F84801226801688968C2E9C5
:102FF0000933C2E91533D361D3646365236388471A
:10300000D5F84041637922799A4203D00123627155
:1030100084F85230A16BAB6999423FDC5B42994224
:103020003CDBE16B6B6999423DDDE36394F8501042
:10303000D9B194F84010C1B90021206884F8521029
:10304000C0E90911C0E91511C161C164A165E1714F
:10305000511E072938D8DFE811F026011D010601AD
:10306000500126011D010601440194F8511019B1C7
:1030700094F841100029DFD094F852100029DBD1D8
:10308000531E072B00F20481DFE813F0B400C200E6
:1030900012001701B400C2001200F600E16BA36336
:1030A0006B699942C1DC58428142B8BFE063BDE719
:1030B000E16B05F19000FFF7B7FAD5F84041D5F87C
:1030C000901062796B69E164B4F8401003EB430639
:1030D000A4F85010AD49C3EB461381FB0361DB1725
:1030E000C3EB61132168206B91F8601080EAE076F1
:1030F00002F0FB02A6EBE076E1B1032A00F0958036
:103100009E4224DBE169DFF888C281EAE170A0EB2E
:10311000E170A9688CFB01ECC917C1EB6C01884216
:1031200008DAA06D9B49884200F2F180D5F88C1036
:103130000144A165032A0CD09E420ADBE36D954A47
:10314000934240F2C980012384F8603005E00023F7
:10315000A3650023E36584F86030D5F84401036873
:103160009B689847D5F8403128B15A79002A2ED16A
:103170009A710AB070BD05229A710AB070BD5A42A8
:10318000B1EB620FB8BFC9180AE732680193304645
:1031900092689047D5F84041019B00283FF421AF49
:1031A00094F85120002A00F0DC80D5F8480122680C
:1031B000C2E90933C2E91533D361D3640268D26826
:1031C000636523639047D5F8404163791BE7D9795C
:1031D000002944D193F86010002940F0C080012AF2
:1031E00000F0DC80022A00F00281032A00F0058151
:1031F0000122BDE7616B05F1B800FFF7AFFAD5E931
:103200002E23D5F84041C4E9112362796B695BE74D
:10321000A16B05F1A400FFF74DFAD5F84041D5F8B0
:10322000A4106B696279A1644EE700283FF468AF8F
:10323000E269574882EAE271A1EBE271AA6880FB79
:1032400002C0D217C2EB6002914282DAA26D5149EC
:103250008A425CD8D5F88C301344A36579E7042200
:103260009A710AB070BD216B05F19000FFF7D8F993
:10327000D5F84041627903E7616B05F1E400FFF79F
:1032800097FBD5E93923D5F84041C4E91123627988
:103290006B6919E7E16905F1A400FFF707FAD5F8B2
:1032A00040416279ECE6E269A16A05F1B800FFF7F6
:1032B0004FFAD5F840416279E2E6D4E90D1205F5FE
:1032C0008270FFF795FBD5E94123D5F84041C4E969
:1032D000112362796B69F7E6D5F88C201A44E26510
:1032E0003BE7E269A16A05F1E400FFF75BFBD5F873
:1032F0004041A36A62796363C2E6E269A16A05F5A7
:103300008270FFF76DFBD5F840416279B8E64FF067
:10331000010C4FF0080E00221F4904A8496884F8E8
:1033200007C08DF80810C90141F07C0104910DEB34
:103330000E01CDE90522019307920992CDF80A20EA
:10334000ADF80E208DF809C0CDF820E0FEF7ECFABC
:10335000D5F84041019B627902F0FB02EAE60322C4
:1033600006E76379082B3FF64EAEDFE803F037053A
:103370001D2505051D2505002046D4E91112FFF77E
:103380004DFCD5F8404163793DE600BF1F85EB5108
:10339000676666663F420F0088160020586C596BBE
:1033A000884231D00222E3E62046A16CFFF7D8FB29
:1033B000D5F84041637926E6E26CA368002AA16A49
:1033C000226326DD58680144D3F84801616503682B
:1033D0005B689847D5F84041637914E6D5F8480111
:1033E00003689B689847D5F8404163790BE6986C71
:1033F000996B884208BF0122BAE6DA6CD96B8A421F
:103400000CBF01220222B3E6996C002918BF0222E8
:10341000AEE61CBF5868091AD6E700BF10B50446CF
:10342000D0F8440103685B689847134A137823B9BE
:103430002046BDE81040FFF7A3BDA068E168D4F8BE
:10344000443100EBD07CB1EB6C0FDB8805DA01EB8B
:103450006C01994206DA1B1A04E0A1EB6C01994257
:10346000C8BF1B180020D4F840111070C1E9033305
:10347000C1E9053310BD00BF040000201D4A92F8C9
:10348000341001B1D1680023D0F808C00268DCF81C
:103490000CC0C0E90333C0E90533C0E90733C0E914
:1034A0000933C0E90E33C0E91133C0F834C00171EB
:1034B000C362A0F84030C364A0F8503080F85230A6
:1034C0004365036383654371C380C36580F86030DF
:1034D000C2E90433C2E90633C2E90833C2E90A3358
:1034E000C2E91033C2E91233C2E91433C2E9163318
:1034F000704700BF8816002082684369916893FB7B
:10350000F1F001FB1033D360704700BF01607047DA
:1035100083682DE9F043D3F844310446DD6800F1B7
:1035200036024FEA650E00F5E47032F8023FB2F859
:1035300092C1A3EB0C010029B8BF494263448E45F8
:103540004FEA630304DA9E45D4BFA3EB0E03734432
:1035500082421380E9D1228FB4F8C6316942D31A6E
:103560009E45B8BF5B1BB3EB610FB8BF5B19002B67
:103570004FEA610833D0CCBF012300232375494BA8
:103580004FEAE57983FB0513C9EBA31606EB460664
:1035900006EBD676C9EBE3194FEA660664DD114601
:1035A00004F1380004F5E37705E0CC4513DB002B8C
:1035B00015DD874217D00B4630F8021FCB1A9E4507
:1035C000B8BF5B1B9845C8BF5B1983EAE37CACEBD3
:1035D000E37CB445E9DD02232373BDE8F0830123D6
:1035E0002373BDE8F0834FF0000CC82761462D4ED1
:1035F000013D104601F1C903A6FB03E2920907FB56
:1036000012331C3334F81320824204DA281AC4E936
:10361000D7100CF1010C0131C829EAD1BCF1010F1E
:1036200020D00323DCE700264FF0C80C31461D4FA5
:10363000013D104601F1C903A7FB03E292090CFB0F
:1036400012331C3334F813208242A5EB0203C8BFA7
:10365000C4E9D71301F10101C8BF0136C829E8D177
:10366000012EDED10023BBE7104604F1380104F53A
:10367000E37C05E0B945AEDC002BB0DA8C45D2D056
:10368000034631F8020FC31A9E45B8BF5B1B98452D
:10369000C8BF5B1983EAE377A7EBE377BE42E9DAB9
:1036A00099E700BF1F85EB512DE9F04F0446836871
:1036B00081B0D3F8440103685B689847637B062BAD
:1036C00017D8DFE803F02404385E778B1900A3686D
:1036D0002169D3F8480102310268526815461A6917
:1036E0002161A847A36822699B68B2EB430F00F0F1
:1036F000A18001B0BDE8F08F00221146A368D3F885
:10370000480103685B6801B0BDE8F04F18472379B2
:10371000002BEED0A3682169D3F848011A69036829
:103720005B68984700214FF48073A2689268E18239
:103730002261A381DDE7A2682169D2F804E0B1FB30
:10374000FEF30EFB1313002B71D1E08AD2F844C1B3
:10375000431CBCF804509BB20C30102BE38224F8BD
:1037600010506BD0D2F84801126903685B68984723
:10377000A26823699268B3EB420FBAD9032363733B
:10378000B7E7A3682169D3F848010131026852689C
:1037900015461A692161A847A2682169D2E9013258
:1037A00003EB830302EB4303B1EB430FA1D10423EB
:1037B00063739EE7A3682169D3F848010139026861
:1037C000526815461A692161A847A2682369926860
:1037D000B3EB420F8DD1052363738AE7A268216999
:1037E000D2F804E0B1FBFEF30EFB1313E3B9E08A59
:1037F000D2F844C1431CBCF804509BB20C30102BCF
:10380000E38224F8105000F0F580D2F848011269E4
:1038100003685B689847A36822699B689A42BFF473
:1038200068AF0623637364E701392161EDE7013175
:10383000216197E70222236162735AE7DCF80CC02A
:10384000208B658BCCF100035F102B1AB3EB6C0F50
:10385000D4BF2E46A5EB0C069F42A38BA9464FEA88
:103860006C08C8BF05EB0C061D1AA845ACBF9946ED
:10387000A3EB0C09AF42C8BF0CEB0309E38B06EBCB
:10388000000A1D1AA845CA44ACBF9946A3EB0C090F
:10389000AF42C8BF0CEB0309238CCA441D1AA845CC
:1038A000ACBF9946A3EB0C09AF42C8BF0CEB0309B0
:1038B000638CCA441D1AA845ACBF9946A3EB0C09FA
:1038C000AF42C8BF0CEB0309A38CCA441D1AA8451C
:1038D000ACBF9946A3EB0C09AF42C8BF0CEB030980
:1038E000E38CCA441D1AA845ACBF9946A3EB0C094A
:1038F000AF42C8BF0CEB0309238DCA441D1AA8456B
:10390000ACBF9946A3EB0C09AF42C8BF0CEB03094F
:10391000638DCA441D1AA845ACBF9946A3EB0C0998
:10392000AF42C8BF0CEB0309A38DCA441D1AA845BA
:10393000ACBF9946A3EB0C09AF42C8BF0CEB03091F
:10394000E38DCA441D1AA845ACBF9946A3EB0C09E8
:10395000AF42C8BF0CEB0309238ECA441D1AA84509
:10396000ACBF9946A3EB0C09AF42C8BF0CEB0309EF
:10397000638ECA441D1AA845ACBF9946A3EB0C0937
:10398000AF42C8BF0CEB0309A38ECA441D1AA84559
:10399000ACBF9946A3EB0C09AF42C8BF0CEB0309BF
:1039A000E38ED144181A8045ACBF1E46A3EB0C062B
:1039B0008742C8BF0CEB030606EB09031846002B31
:1039C000B8BF03F10F000F334FEA2010C0F2EE80B2
:1039D0008445B8BFA0EB0C0093684FF0000CCB1AE5
:1039E000B3FBFEF301311C3324F81300A4F816C016
:1039F0002161B7E6DCF80CC0208B658BCCF10003AD
:103A00005F102B1AB3EB6C0FD4BF2E46A5EB0C0640
:103A10009F42A38BA9464FEA6C08C8BF05EB0C0672
:103A20001D1AA845ACBF9946A3EB0C09AF42C8BF0D
:103A30000CEB0309E38B06EB000A1D1AA845CA44E8
:103A4000ACBF9946A3EB0C09AF42C8BF0CEB03090E
:103A5000238CCA441D1AA845ACBF9946A3EB0C0998
:103A6000AF42C8BF0CEB0309638CCA441D1AA845BA
:103A7000ACBF9946A3EB0C09AF42C8BF0CEB0309DE
:103A8000A38CCA441D1AA845ACBF9946A3EB0C09E8
:103A9000AF42C8BF0CEB0309E38CCA441D1AA8450A
:103AA000ACBF9946A3EB0C09AF42C8BF0CEB0309AE
:103AB000238DCA441D1AA845ACBF9946A3EB0C0937
:103AC000AF42C8BF0CEB0309638DCA441D1AA84559
:103AD000ACBF9946A3EB0C09AF42C8BF0CEB03097E
:103AE000A38DCA441D1AA845ACBF9946A3EB0C0987
:103AF000AF42C8BF0CEB0309E38DCA441D1AA845A9
:103B0000ACBF9946A3EB0C09AF42C8BF0CEB03094D
:103B1000238ECA441D1AA845ACBF9946A3EB0C09D5
:103B2000AF42C8BF0CEB0309638ECA441D1AA845F7
:103B3000ACBF9946A3EB0C09AF42C8BF0CEB03091D
:103B4000A38ECA441D1AA845ACBF9946A3EB0C0925
:103B5000AF42C8BF0CEB0309E38ED144181A80456D
:103B6000ACBF1E46A3EB0C068742C8BF0CEB030696
:103B700006EB09031846002BB8BF03F10F000F3303
:103B80004FEA201014DB8445B8BFA0EB0C0093680B
:103B90004FF0000CCB1AB3FBFEF3013904EB4303E7
:103BA000A3F8CA01A4F816C021612EE6604413E709
:103BB0006044ECE7437B062B00D070472DE9F041D1
:103BC00004468368D3F8480103689B6898472046F9
:103BD000FFF79EFC237BABB1A368D3F844310025EB
:103BE0002268204692681D7290470121A268237BBB
:103BF000D2F84021D17165732571002B00F01A8134
:103C0000BDE8F081226820469268C4F8643390478A
:103C1000236820461B689847A368D4F85C131A6889
:103C2000207D01EB0208474600285FD041454DDC6E
:103C30000E46354601369019B0FBF2F702FB17002D
:103C40001C3034F810705019B0FBF2FC02FB1C0061
:103C50001C3034F81020BF1AD3F84421D268B7EBD7
:103C6000620FC8BFBF1A5042B7EB600FB8BFBF1892
:103C7000A94200F00581A84500F0AD80002FC8BF23
:103C80004FF000081DDDD3E901C208FB0CF191FBE8
:103C9000F7F105FB0C111144B1FBF2FC02FB1C1106
:103CA00023682046DB6889B29847D4F8643308F16A
:103CB00001080133B845C4F86433A368E3D1D4F8EC
:103CC0005C131A6801EB0208B045B2DA236820469B
:103CD0005B689847A068D4F86413D0F84431DA6878
:103CE000914200F09C800422227378E78242EDDB4F
:103CF00002EB0806B6FBF2FC08F10105501902FBC5
:103D00001C66B0FBF2FC02FB1C001C361C3034F8B5
:103D1000102034F81660B61AD3F84421D268B6EBF6
:103D2000620FC8BFB61A5042B6EB600FB8BFB618E4
:103D3000474500F0838041452AD0002EC8BF0027A8
:103D400001DC1DE0A368D3E9011207FB01FC9CFB29
:103D5000F6FC01FB0521A1EB0C01B1FBF2FC02FB1F
:103D60001C1123682046DB6889B29847D4F8643375
:103D700001370133B742C4F86433E3D1D4F85C139C
:103D800008F1FF384145A1DCA3681A688F18AFE736
:103D9000D4F86023002AF3DD002700E0A368D3E90C
:103DA000011207FB01FC9CFBF6FC01FB0521A1EBCA
:103DB0000C01B1FBF2FC02FB1C1123682046DB68FE
:103DC00089B201379847D4E9D8230133BA42C4F8FD
:103DD0006433E3DCD2E7D4F86023002A7FF771AFC5
:103DE0004FF00008D3E901C208FB0CF191FBF7F199
:103DF00005FB0C111144B1FBF2FC02FB1C11236802
:103E00002046DB6889B208F101089847D4E9D82335
:103E100001334245C4F86433A368E3DC4FE7227BF7
:103E2000002A7FF4DCAE0121D0F840011972C17183
:103E300062732271BDE8F04101F078B9D4F8607383
:103E4000B74201DB9CE7A368D3E9011307FB01FC40
:103E50009CFBF6FC01FB0531A1EB0C01B1FBF3FC73
:103E600003FB1C1122682046D26889B29047D4F81F
:103E7000643301370133B742C4F86433E3D17DE7DB
:103E8000D4F8608347457FF71CAFD3E9012308FBD3
:103E900002F191FBF7F105FB02111944B1FBF3F2BA
:103EA00003FB121123682046DB6889B29847D4F8D7
:103EB000643308F1010801334745C4F86433A3684B
:103EC000E3D1FCE6704700BF70B54FF403410446F0
:103ED000032600253C4BC361236820461B69984795
:103EE00002462368E18B1B69204622849847238C75
:103EF000C2B242EA032292B202F0010312F00201BE
:103F000018BF01336084500784F8243044BF013364
:103F100084F82430100744BF013384F82430D006DD
:103F200044BF013384F82430900644BF013384F841
:103F30002430500644BF013384F82430100644BFB7
:103F4000013384F82430D00544BF013384F8243091
:103F5000900544BF013384F82430500544BF013339
:103F600084F82430100544BF013384F82430D00491
:103F700044BF013384F82430900444BF013384F8F3
:103F80002430500444BF013384F82430D00B1CBFCC
:103F9000013384F82430DB07228206D5731E13F028
:103FA000FF0665750ED0A18B96E701239208C1F339
:103FB0004001628221756375A369A28033F8120003
:103FC000E08070BD628AF7E700830084007A704762
:103FD00003681149DA6810B58A42044618D12046B0
:103FE0005B6898470120E168207281B14FF6FF704D
:103FF0004FF0000CA369023B03EB410133F8022FA1
:10400000824208BF84F808C08B42F7D1207A10BDE5
:1040100090472368E3E700BFC53E000838B58368D2
:1040200002680B4404461268017983609047637903
:1040300083420FD00546636968B100209847D4E9F0
:10404000023221699B1A8B428CBF022003206269D5
:104050009047657138BD01209847A3686571E3609A
:10406000F8E700BF38B503680D461B6801790446C0
:1040700098476561607138BD03681B68184700BFC9
:1040800010B5436882B019444160052A00F2CE8021
:10409000DFE802F0586103105C3640F201120023A1
:1040A00082810374837B013B032B10D8DFE803F08C
:1040B000798969580122032382810374036801907E
:1040C0001B68012200219847012301988373017E18
:1040D000022923D0032900F0848001290ED14368EE
:1040E00042699B1A642B09D9036800221B6801905E
:1040F00098470222019843680276436102B010BDDE
:10410000002201238281037400220368114601907A
:104110001B6898470198017E0229DBD143684269F8
:104120009B1A642BEAD9C37B027C0133DBB20168A2
:10413000C3739A42D1F800C06ED901220190114692
:10414000E04762E0002383810374DDE7002202235D
:1041500082810374D8E70122002382810374ADE7D2
:104160008368CB1AB3F52F7FB1D9036801221B688E
:10417000019000219847012201984368827383606F
:10418000A5E78368CB1A642BA1D9002203681146E6
:104190001B680190984704220198436882738360EA
:1041A00095E78368CB1A642B91D9002203681146E6
:1041B0001B680190984702220198436882738360CC
:1041C00085E78368CB1A642B81D9036801221B68B9
:1041D000019000219847032201984368827383600D
:1041E00075E7436842699B1AB3F57A7F86D94FF029
:1041F000000C027C0368B2EB0C0280F80FC018BF01
:10420000012201211B68019098470122019843680F
:104210000276436102B010BD002201900121E04707
:104220000322019843680276436167E7037B002B12
:104230003FF46AAF437B002B7FF434AF3EE700BF0F
:104240004FF47A7310B50F49044609780E4AB3FB50
:10425000F1F0126882B0B2FBF0F000F079FF08B91B
:104260000F2C02D9012002B010BD02460190214658
:104270004FF0FF3000F01AFF044B01981C6002B0B1
:1042800010BD00BF05000020000000200800002035
:10429000074A08B51368032043F01003136000F0C9
:1042A000F3FE0320FFF7CCFFFDF70AFD002008BD59
:1042B00000200240034A044B11681B780B44136032
:1042C000704700BFDC0C002005000020014B18687F
:1042D000704700BFDC0C002038B50446FFF7F6FF3E
:1042E000631C054602D0044B1B781C44FFF7EEFF0D
:1042F000401BA042FAD338BD05000020002800F082
:10430000AD8038B5836A0446002B6BD023689A6869
:10431000D50749D4A26AD20605D5A36A43F0100393
:10432000A362012038BDA26A6168E06922F4885264
:10433000257B22F00202014342F00202A26241EA1E
:104340004502A16894F814C0B1F5807F50D0A1F166
:104350000100B0FA80F0BCF1010F4FEA50104FEAB3
:10436000002058D05D6825F46945284358609D6851
:104370003F48284010439860012947D00020D96A5F
:1043800021F470010143D96299683A4B0B409A427B
:104390005BD0A36A23F0120343F01003A362E36A25
:1043A00043F00103E362BCE79A6822F001029A60DD
:1043B000FFF78CFF054623689A68D007AAD5FFF758
:1043C00085FF401B02282368F6D99A68D107F3D5E8
:1043D000A36A43F01003A362E36A43F00103E362BC
:1043E000A36A9AE7C36280F82430FDF739F98DE7B4
:1043F000BCF1010F0ED058681D4920F4694040F40B
:1044000080705860986801401143996020690138B4
:104410000005B4E708461DB3A56A45F02005A5626E
:10442000E56A45F00105E5625D68B1F5807F25F438
:10443000694540EA050058609D680D4805EA00009E
:1044400040EA0200986097D1E0E70020E062A36AAA
:1044500023F0030343F00103A36238BD012070473A
:10446000A569013D40EA453040F40060DCE700BF4B
:10447000FDF7E1FFFE0E1FFF704700BF436A9A6A17
:1044800012F0500F0FD19A6A196842F4007210B5F9
:104490009A628A6802F46022B2F5602F06D018464C
:1044A000FFF7EAFF10BD1B6A1B6B18471A7B002A37
:1044B000F5D19A6A22F480729A629A6AD204EED492
:1044C0009A6A42F001029A62E9E700BF704700BFB2
:1044D00008B5406AFFF7FAFF08BD00BF704700BF8C
:1044E000406A08B5836A43F040038362C36A43F0BD
:1044F0000403C362FFF7F2FF08BD00BF002330B51D
:1045000083B0019390F82430012B73D0012380F8FD
:1045100024300246D0F800C0D1E90003062B35D97B
:104520000C2B56D81F25073BDCF8304003EB8303E8
:1045300000FA03FE05FA03F324EA030343EA0E0339
:10454000CCF8303009288B6833D90724A0F10A0E43
:10455000DCF80C100EEB4E0E03FA0EF304FA0EFE0E
:1045600021EA0E010B43CCF80C30A0F11003012B13
:104570002DD8324B9C4540D00120936A43F0200354
:104580009362002382F8243003B030BD1F25013B25
:10459000DCF8344003EB830300FA03FE05FA03F36F
:1045A00024EA030343EA0E030928CCF834308B686D
:1045B000CBD84FF0070EDCF8101000EB4000834022
:1045C0000EFA00F021EA00010B43CCF81030002075
:1045D000D7E71F250D3BDCF82C4003EB830300FAE3
:1045E00003FE05FA03F324EA030343EA0E03CCF8BF
:1045F0002C30A7E7022003B030BDDCF808301B02E6
:10460000E5D4DCF80830102843F40003CCF8083077
:10461000DDD10B4B0B491B68A1FB03139B0C03EB78
:1046200083035B000193019B002BD0D0019B013BD6
:104630000193019B002BF9D1C9E700BF0024014081
:104640000000002083DE1B43002330B5026883B0E6
:1046500001939368D90727D41B4B04461B681B485A
:104660009168A0FB030341F001019B0C9160019351
:10467000019B2BB1019B013B0193019B002BF9D1C5
:10468000FFF724FE236805469B68DA070CD4FFF782
:104690001DFE401B0228236803D99A6812F001020C
:1046A00005D09B68DB07F2D5002003B030BD0120A8
:1046B000A36A84F8242043F01003A362E36A03434F
:1046C000E36203B030BD00BF0000002083DE1B4367
:1046D000F8B50446424D0068A84216D0414B9842B6
:1046E00013D094F82430012B18D00123204684F8ED
:1046F000243017460E46FFF7A7FF054688B1002372
:1047000084F8243001252846F8BD354B5B6813F446
:10471000702FF7D194F82430012BE6D102252846DA
:10472000F8BDA06A21682F4B20F4706020F00100D2
:1047300040F480709942A06243D0A36A23F48013AE
:10474000A3624B685A0505D5A36A23F4405343F48A
:104750008053A36200206FF0020CA36A84F8240047
:1047600013F4805318BFE36A206ADFF87CE018BFB7
:1047700023F00603E362C0F828E0DFF870E03B4670
:10478000C0F82CE0DFF868E03246C0F830E0C1F84D
:1047900000C0D1F808C04C314CF4807C41F844CCC6
:1047A00000F01EFD236828469A6802F46022B2F5E4
:1047B000602F9A680CBF42F4A00242F480129A6003
:1047C000F8BDA3F580635A6812F4702FB5D0A26AC1
:1047D00042F48012A2625B685B05BBD5B4E700BF00
:1047E00000240140002801407D440008D144000815
:1047F000E144000838B503689A68D40701D4002062
:1048000038BD9A68044622F001029A60FFF75EFD07
:10481000236805469B68D807F1D502E09368DB075B
:10482000EDD5FFF753FD431B022B2268F6D99368A1
:10483000D907F3D50120A36A43F01003A362E36A0A
:104840000343E36238BD00BF002370B582B001931B
:1048500090F82430012B5FD0012380F824300446E7
:10486000FFF7C8FF054628B10023284684F8243006
:1048700002B070BDA36A314A23F4885323F00203C7
:1048800043F00203A3620220166801F045FDB6FB67
:10489000F0F676000196019B2BB1019B013B019341
:1048A000019B002BF9D12046FFF7CEFE22689368CA
:1048B00043F008039360FFF709FD226806469368FA
:1048C00018070BD5FFF702FD831B0A2B226802D9BC
:1048D0009368190724D493681B07F3D4936843F0B3
:1048E00004039360FFF7F2FC236806469B685807B1
:1048F0000BD5FFF7EBFC831B0A2B226802D99368C8
:1049000059070DD493685B07F3D4A36A23F003031C
:1049100043F00103A362A7E70225284602B070BD59
:104920000125A36A284623F0120343F01003A36273
:10493000002384F8243002B070BD00BF00000020C6
:1049400000287DD038B590F820300446002B74D074
:104950002268136843F001031360FFF7B7FC0546B4
:1049600004E0FFF7B3FC401B0A285DD823685A68AF
:10497000D107F6D51A6822F002021A60FFF7A6FCEA
:10498000054604E0FFF7A2FC401B0A284CD8236828
:104990005A689207F6D4227E0025012A1A684FF041
:1049A000010C0CBF42F0800222F080021A60627E8D
:1049B0002846012A1A680CBF42F0400222F0400249
:1049C0001A60A27E012A1A680CBF42F0200222F06F
:1049D00020021A60E27E012A1A680CBF22F010023F
:1049E00042F010021A60227F012A1A680CBF42F0BE
:1049F000080222F008021A60627F012A1A680CBFBE
:104A000042F0040222F004021A60D4E902210A43AF
:104A100021690A4361690A43616801390A43DA611D
:104A2000656284F820C038BD0522636A012043F422
:104A30000033636284F8202038BDFCF70FFF87E75E
:104A40000120704790F820200346013A012A05D939
:104A50005A6A012042F480225A6270474FF0010CDA
:104A600003684869D3F8002210B542EA0C02C3F883
:104A70000022D3F81C4200F01F02D1F81CE00CFA0F
:104A800002F224EA020CC3F81CC2BEF1000F41D1AD
:104A9000D3F80CC2CC682CEA020CC3F80CC2B1F8F3
:104AA00004C003EBC0004CEA044CC0F840C28C6860
:104AB000B1F800C04CEA044CC0F844C2886918BB85
:104AC000D3F8040220EA0200C3F804020869A8B976
:104AD000D3F8140220EA0200C3F81402096A01297B
:104AE00004D1D3F81C120A43C3F81C22D3F80022C5
:104AF000002022F00102C3F8002210BDD3F81402F6
:104B00001043C3F81402E9E7D3F804021043C3F8D2
:104B10000402DBE7BEF1010FD0D1D3F80CC20C6860
:104B20004CEA020CC3F80CC2B1F804C003EBC0009D
:104B30004CEA044CC0F840C28C68B1F80CC04CEA96
:104B4000044CC0F844C2B9E738B590F820300446A8
:104B5000012B05D0436A43F400234362012038BD92
:104B60000223026880F82030136823F001031360E9
:104B7000FFF7ACFB054604E0FFF7A8FB431B0A2B3D
:104B800007D823685B6813F00103F5D11846636208
:104B900038BD0522636A43F40033636284F8202041
:104BA000DCE700BF10B590F820C01C460CF1FF3CBC
:104BB0000368BCF1010FD3F808E038D81EF0E05FBD
:104BC0004AD0CEF3016EBEF1030F36D0012000FAB9
:104BD0000EF02060D1E9020CA0B340EA0C00D1F83D
:104BE00004C040EACC000EF1180C4FEA0C1C43F84C
:104BF0000C00086903EB0E1CCCF88401097D012927
:104C000005D1DCF8841141F48071CCF8841151682D
:104C100003EB0E13C3F88C1112680020C3F888212F
:104C2000DCF8803143F00103CCF8803110BD436AD9
:104C300043F480234362012010BD436A43F4000320
:104C40004362F8E708684CEA40500EF1180C4FEA4E
:104C50000C1C43F80C00CCE7436A43F40013436296
:104C6000E9E700BF90F820C00CF1FF3CBCF1010F58
:104C700073D830B5D0F800C051B9DCF80CE01EF0A4
:104C8000030F0AD1436A43F400134362012030BD8D
:104C9000DCF810E01EF0030FF4D00CEB011EDEF880
:104CA000B04104F004049460002C5CD0DEF8B04104
:104CB000E4085460DEF8B0410CEB011C04F002047F
:104CC000D460DEF8B44104F00F041461DEF8B4419E
:104CD000DEF8B4E1DCF8B8514FEA1E4EC4F3072CFD
:104CE000C2F818C0C2F814E01D70026802EB01128D
:104CF000D2F8B821120A5A70026802EB0112D2F8F7
:104D0000B821120C9A70026802EB0112D2F8B82195
:104D1000120EDA70026802EB0112D2F8BC211A718D
:104D2000026802EB0112D2F8BC21120A5A71026821
:104D300002EB0112D2F8BC21120C9A71026802EB4C
:104D40000112D2F8BC21120EDA71036881B9DA6857
:104D500042F02002DA60002030BD436A43F4802331
:104D6000436201207047DEF8B041640D1460A1E792
:104D70001A6942F020021A61EDE700BF90F8202086
:104D80000346013A012A05D95A6A012042F48022D9
:104D90005A6270470268002053690B4353617047A1
:104DA000704700BF704700BF704700BF704700BF2B
:104DB000704700BF704700BF704700BF704700BF1B
:104DC000704700BF704700BF704700BF704700BF0B
:104DD00003682DE9F0435C695F689A68D9681E69C9
:104DE0000546B0469E6983B0B14614F0010625D051
:104DF000D60700F188804FF4005C4FF4804E002607
:104E0000D0050DD54FF480702B689860930500F1A4
:104E1000C180500500F1DF80130540F1F780764630
:104E2000D0030BD54FF480302B689860930300F1CA
:104E3000A480500340F1D18046F40046230701D5F9
:104E4000C8065AD4620701D50B0776D4A00703D54C
:104E50002B68DB68990777D1620602D518F0100F2E
:104E600061D1A30602D518F0080F78D1E00603D56A
:104E70002B681B6999075CD1A20301D5FB0667D497
:104E8000E00301D5390771D4220431D57B072A68A4
:104E90002CD509F0010314F4807F43EA060318BF00
:104EA0001E46A70517D519F0020F14D0600546F06D
:104EB000020604F4006377D519F0040F72D193B998
:104EC000042353606B6A284633436B62FFF77EFF0F
:104ED00003B0BDE8F083610504F4006302D519F066
:104EE000040F5FD113B119F0700362D10423536032
:104EF000002EE7D103B0BDE8F08310222B6846F402
:104F00000076DA609EE701269E6096073BD4530741
:104F100068D4160740F182804FF4405C4FF4A04EF5
:104F20004FF480566CE710222B6846F480661A61B5
:104F300097E72846FFF742FF9EE708222B6828469E
:104F4000DA60FFF739FF81E72846FCF7FFFC83E7CB
:104F500010222B6828465A60FFF734FF90E708229A
:104F60002B6828461A61FFF72BFF7FE708222B6882
:104F700028465A60FFF728FF86E728460091FFF78A
:104F800013FF00995AE7CDE90021FFF709FFDDE99A
:104F9000002130E72846CDE90021FFF703FFDDE9D6
:104FA00000213DE746F00406002B89D019F070037C
:104FB00086D0402B44D01CD8202B5CD0302B51D035
:104FC000102B38D10421936946F0080623F07003B2
:104FD0009361516076E7664622E7120325D546F4D1
:104FE00080362BE74FF4205C4FF4904E4FF4006670
:104FF00006E7502B2DD0602B1DD10421936946F478
:10500000807623F07003936151605BE72846CDE919
:105010000021FFF7CDFEDDE9002101E7CDE9002108
:10502000FFF7C4FEDDE90021E5E628460091FFF721
:10503000C1FE009902E7936923F07003936155E77D
:105040000421936946F0400623F070039361516098
:1050500038E70421936946F0800623F070039361DA
:1050600051602FE70421936946F0200623F0700376
:105070009361516026E70421936946F0100623F0FE
:105080007003936151601DE74FF6FF0C0649030260
:10509000CA6803F4E06302EA0C02134343F0BF63FF
:1050A00043F40033CB60704700ED00E0164B00B5D1
:1050B000DB68C3F30223A3F1030CBCF1040F19D87E
:1050C0004FF0FF3EC3F107030EFA03F3DB430EFA82
:1050D0000CFE22EA0E02194001FA0CF111430028DD
:1050E0004FEA01110ADB00F1604000F5614080F8F1
:1050F000001300BD00220F239446ECE7034B00F0A1
:105100000F00C318197600BD00ED00E0FCEC00E0D4
:10511000002807DB012300F01F01034A40098B40F0
:1051200042F82030704700BF00E100E0BFF34F8F2E
:105130000549064BCA6802F4E0621343CB60BFF333
:105140004F8F00BFFDE700BF00ED00E00400FA054F
:105150000138B0F1807F01D3012070474FF0E02388
:1051600000224FF0F00C07215861034880F823C05B
:105170009A6110461961704700ED00E038B30346AC
:1051800005C810B54FF4807E4FF0000C9968DC68BC
:105190000A4310492243104C4118A4FB014109095C
:1051A000890019641969DC690A4359690A439969D4
:1051B0000A43016822436FF30D110A430749D9637B
:1051C0000260A3F820E06046C3F838C010BD01209B
:1051D000704700BFF8FFFDBFCDCCCCCC0000024033
:1051E00090F820C0BCF1010F40D010B596461A4689
:1051F000012390F821C080F820309C4504D0002382
:1052000080F82030022010BD022380F821300023D6
:10521000046C836303680CFA04F4D3F800C02CF028
:10522000010CC3F800C0D0F83CC0CCF804405A6070
:105230004268102AC26A0BBFC3F808E09960D960BF
:10524000C3F80CE04AB11A6842F00E021A601A68FC
:10525000002042F001021A6010BD1A6822F0040218
:105260001A601A6842F00A021A60F0E702207047DA
:1052700090F821200346022A06D004229A630022D5
:10528000012083F8202070474FF0010C1A6800209D
:10529000116821F00E011160116821F00101116007
:1052A000D3E90F120CFA02F24A60002283F821C0FF
:1052B00083F82020704700BF08B590F821200346EE
:1052C000022A03D0042201209A6308BD02681C4808
:1052D0001168824221F00E011160116821F0010174
:1052E000116021D017498A421CD014318A421DD046
:1052F00014318A421DD014318A421DD014318A42A1
:1053000014BF4FF080724FF480124FF48070DFF8BA
:1053100038C0596BCCF80420188409B11846884766
:10532000002008BD1022F0E70122EEE74FF4807262
:10533000EBE74FF48052E8E74FF48032E5E700BF37
:10534000080002401C00024000000240042210B588
:10535000C46B016CD4F800C003688A4012EA0C0FD9
:10536000D3F800E020D01EF0040F1DD01A6891067B
:1053700003D41A6822F004021A60414A93425FD0B3
:105380001432934265D0143293426CD0143293425B
:105390006FD01432934261D01432934214BF4FF055
:1053A00080624FF480024CE002228A4012EA0C0F25
:1053B00023D01EF0020F20D01A68920606D40121D5
:1053C0001A6822F00A021A6080F821102C4A9342CF
:1053D0002DD01432934244D01432934246D014322A
:1053E000934238D01432934246D01432934214BFC1
:1053F0004FF000724FF400121AE008228A4012EABD
:105400000C0F1CD01EF0080F19D01A684FF4807CC6
:1054100022F00E021A600123026B03FA01F16160AF
:105420008363A0F820C052B1BDE8104010470222AB
:105430000021144C836A626080F8201033B910BDDB
:1054400004221049C36A4A60002BF8D0BDE810401E
:1054500018474022F5E74FF40052E9E74FF4802265
:10546000EFE72022E4E74FF48062EAE74FF40072AE
:10547000DEE74FF48042E4E74FF40032D8E700BFA4
:1054800008000240000002402DE9F04FDFF8BC9117
:1054900083B099F81840012C00F0CA809A46012385
:1054A00088469346064689F81830FEF70FFF4CF2FF
:1054B00050350746664C04E0FEF708FFC01BA842C3
:1054C0005DD8E368DA07F7D4E3689B0644BF20237E
:1054D000E3605F4BDA68D70658D4DA69D50755D44C
:1054E000DF6817F0040751D1012E03D0022E14BF3C
:1054F0000426022608EB46034CF25036544C019326
:10550000C7F120010AFA01F12BFA07F30B4300213E
:10551000A7F12002C9F81C102AFA02F213432269EB
:1055200042F001022261A8F80030FEF7CFFE0546E6
:1055300004E0FEF7CBFE401BB0421CD8E368D9075D
:10554000F7D4E3689A0644BF2023E360E368DB06F0
:105550003ED4E369DD073BD4E06810F0040037D1A6
:10556000236908F1020823F001032361019B10372E
:105570009845C5D104E0236923F00103236103208A
:10558000002389F8183003B0BDE8F08F304BDB689A
:1055900013F0100350D104212D4AD268540706D5C8
:1055A0000B46D9F81C2042F00102C9F81C20284AF9
:1055B000D169C80709D5D9F81C1041F00401C9F810
:1055C0001C10D16921F00101D161214AD3602BE087
:1055D0001F4BDA6812F0100228D014211022D9F8DB
:1055E0001C3043F00203C9F81C30194BDB68580724
:1055F00006D50A46D9F81C3043F00103C9F81C301F
:10560000134BD969C90709D5D9F81C1041F0040119
:10561000C9F81C10D96921F00101D9610C4BDA607D
:105620001A6922F001021A610120A9E70421DCE7CE
:10563000022003B0BDE8F08FD9F81C20142142F0FD
:1056400002021023C9F81C20A6E700BFE00C0020CE
:1056500000200240064B186910F0800006D0054972
:10566000054A59605A601869C0F3C010704700BFFE
:105670000020024023016745AB89EFCD034A00209B
:10568000136943F080031361704700BF002002409C
:1056900010B5044682B0FEF719FE621C10D0002C33
:1056A0004FD00146294AD368DB070DD50191FEF79B
:1056B0000DFE0199254A401A8442F4D2032014E0D9
:1056C000224AD368DC07FCD4204BDA68910644BF39
:1056D0002022DA601D4BDA68D20608D4DA69D407D2
:1056E00005D4D86810F0040001D102B010BD174BEA
:1056F000DB6813F010031CD10421144AD268500750
:1057000005D50B461249CA6942F00102CA610F4A27
:10571000D169C90708D50E48C16941F00401C161CA
:10572000D16921F00101D1610120084AD36002B0A2
:1057300010BD07481421C269102342F00202C26161
:10574000DBE7024BDB68D807B8D4BDE70020024096
:10575000E00C00202DE9F8432C4E337E012B52D073
:105760000123337603688046022B89464CF2503081
:105770002ED0FFF78DFF074668BB4FF0FF33C9F807
:105780000030D8E9025305EB83239D4223D2204CFD
:1057900007E005F58065D8E9023203EB8223AB42CE
:1057A0001AD9F76123694CF2503043F002032361A8
:1057B0006561236943F040032361FFF769FF2369B3
:1057C00023F0020323610028E3D0C9F8005003E06E
:1057D000FFF75EFF20B1012000233376BDE8F88398
:1057E0000B4CF06123694CF2503043F00403236109
:1057F000236943F040032361FFF74AFF236923F045
:1058000004032361E8E70220BDE8F883E00C0020F0
:10581000002002402DE9F04F0C6883B0002C00F00E
:10582000B980B94B984200F0E380002201250F2790
:1058300092461346DFF8D48206E0013334FA03F6C9
:1058400002F1040200F0A68005FA03F636EA040E1F
:1058500006EA040CF1D14C68122C00F2AF80122C35
:1058600016D8DFE814F0BE001300A700A40115004D
:105870001500150015001500150015001500150080
:105880001500150015001500A3009F00D1F80CA00D
:10589000BCF1FF0F99BF8646164600F1040EA2F137
:1058A0002006DEF8004007FA06F924EA09040AFA9D
:1058B00006F63443CEF800404C68E60070D5D8F8C0
:1058C000186003F0030946F00106C8F81860D8F81C
:1058D00018604FEA890906F001060196019E23F03F
:1058E000030606F1804606F58036D6F808E007FA8A
:1058F00009FB2EEA0B0EDFF818B2584500F037818D
:10590000DFF810B2584500F04481DFF80CB258457A
:105910000CBF4FF0030B4FF0040B0BFA09F949EAE7
:105920000E0EC6F808E0DFF8F4E114F4803FDEF86C
:10593000006014BF46EA0C0626EA0C06CEF80060AA
:10594000DFF8D8E114F4003FDEF8046014BF46EA43
:105950000C0626EA0C06CEF80460DFF8C0E114F469
:10596000801FDEF8086014BF46EA0C0626EA0C0623
:10597000CEF80860694E14F4001FF4680DD044EAB4
:105980000C04F4600C68013334FA03F602F10402EB
:105990007FF45AAF03B0BDE8F08F24EA0C04F46042
:1059A0000C684AE7CC6804F10C0A71E7CC6804F192
:1059B000040A6DE7CC6804F1080A69E7DFF860E1E2
:1059C00074450ED000F2DA80AEF5801E744508D022
:1059D0000EF5702E744504D0AEF5801E74457FF42C
:1059E00057AF8C68002C40F0DB804FF0040A4FE783
:1059F0004FF000096FF01F054FF0010C4FF00F083A
:105A00004B46DFF808E1474F05E0013334FA03F273
:105A100005F10405BED00CFA03F232EA040A04EAE6
:105A20000206F2D14C68122C00F2C480122C16D857
:105A3000DFE814F0D2001300DF00F40015001500B9
:105A400015001500150015001500150015001500AE
:105A5000150015001500E300DB00D1F80C90FF2EB7
:105A600062D9AA463C46226808FA0AFB22EA0B02DF
:105A700009FA0AFA42EA0A0222604A68D40057D5B3
:105A8000DEF8184003F0030A44F00104CEF8184091
:105A9000DEF818404FEA8A0A04F001040194019CE0
:105AA00023F0030404F1804404F58034D4F808B0F2
:105AB00008FA0AFA2BEA0A0AC4F808A0D40339D56E
:105AC000DFF858A0DAF800403443CAF800409403E5
:105AD0003AD5DFF848A0DAF804403443CAF8044065
:105AE000D4023BD5DFF834A0DAF808403443CAF8D2
:105AF00008400A4C12F4001FE2680CBFB243324364
:105B0000E2600C6881E700BF00080140001002401D
:105B1000000C01400010014000140140000401404D
:105B2000000022100408014004464FEA830A9AE765
:105B30000C686AE7DFF8F0A0DAF8004024EA06040F
:105B4000CAF800409403C4D4DFF8DCA0DAF80440BB
:105B500024EA0604CAF80440D402C3D4DFF8C8A07B
:105B6000DAF8084024EA0604CAF80840C1E74FF012
:105B7000010B0BFA09F949EA0E0ED2E6DFF8ACE0A8
:105B800074453FF42EAF0EF5803E74457FF480AE31
:105B900027E74FF0020B0BFA09F949EA0E0EC0E6AF
:105BA000012C4FF0080A0CBF0661466170E64FF009
:105BB000000A6DE6DFF878A054450DD021D8AAF58B
:105BC000801A544508D00AF5702A544504D0AAF525
:105BD000801A54457FF443AF8C68E4B1012C154C16
:105BE0001FD062614FF0080939E7CA6802F10C0959
:105BF00035E7CA6802F1080931E7CA6802F1040909
:105C00002DE7DFF828A05445E6D00AF5803A544540
:105C10007FF425AFE0E74FF0040920E74FF00009DB
:105C20001DE72261DEE700BF0004014000003110E3
:105C300000002210000801408368194214BF0120AF
:105C40000020704702B9090401617047002800F084
:105C5000BA8170B503680446DA0782B035D59C492D
:105C60004A6802F00C02042A00F0EF804A6802F051
:105C70000C02082A00F0E5806368B3F5803F10D07D
:105C8000002B00F00D81B3F5A02F00F08781904B21
:105C90001A6822F480321A601A6822F480221A608C
:105CA00004E08B4A136843F480331360FEF70EFB65
:105CB000054605E0FEF70AFB401B642800F2ED8074
:105CC000834B1B689803F5D523689A0729D5804A2A
:105CD000516811F00C0F00F08E80516801F00C013A
:105CE000082900F084802369002B00F01C81012228
:105CF000784B1A60FEF7EAFA054605E0FEF7E6FA89
:105D0000401B022800F2C980714B1B689807F5D52B
:105D10006F4962690B6823F0F80343EAC2030B6022
:105D200023681A071FD45D0742D5694BDA69D00092
:105D30007CD50026684B1B68D90540F19C80E36840
:105D4000012B00F00181002B00F0CC80052B604B73
:105D50001A6A00F0308122F001021A621A6A22F0F7
:105D600004021A62F5E0A369002B4ED00122594BC0
:105D7000C3F88024FEF7AAFA054605E0FEF7A6FA66
:105D8000401B022800F28980514B5B6A9B07F5D5C6
:105D9000524B534A1B68A2FB03235B0A019300BFCB
:105DA000019B5A1E0192002BF9D123685D07BCD4D8
:105DB000E369CBB1464A526802F00C02082A00F0AF
:105DC000DB800022022B434B1A6600F0FE80FEF7B8
:105DD0007DFA044604E0FEF779FA001B02285CD83D
:105DE0003B4B1B689B01F6D4002002B070BD52688B
:105DF000D6033FF578AF364A126895072FD522694A
:105E0000012A2CD0012002B070BD324AC2F8803481
:105E1000FEF75CFA054604E0FEF758FA401B02283C
:105E20003BD82B4B5B6A9E07F6D4BEE7DA690126A6
:105E300042F08052DA61DB6903F080530093009BEB
:105E400078E74A68D6037FF517AF214A12689503B1
:105E50007FF53BAF6268002A7FF437AFD2E71C4979
:105E600060690A6822F0F80242EAC0020A601A0772
:105E70007FF559AF77E7184A136843F480731360CE
:105E8000FEF724FA0546144B1B68DA053FF557AFB9
:105E9000FEF71CFA401B6428F5D9032002B070BD40
:105EA0000B4A136823F480331360136823F48023B0
:105EB0001360FEF70BFA054604E0FEF707FA401BF5
:105EC0006428EAD8024B1B689903F6D4FCE600BFAD
:105ED000001002400000424200700040000000201C
:105EE000D34D6210524A136A23F001031362136AFE
:105EF00023F004031362FEF7E9F9054606E0FEF716
:105F0000E5F941F28833401B9842C6D8484B1B6ADA
:105F10009807F4D4002E3FF44BAF454AD36923F0E1
:105F20008053D36144E7434A1360FEF7CFF9054637
:105F300004E0FEF7CBF9401B0228AED83C4B1B68AF
:105F40009907F6D42368ECE6394A136A43F0010353
:105F50001362FEF7BBF9054606E0FEF7B7F941F21A
:105F60008833401B984298D8314B1B6A9B07F4D565
:105F7000002E3FF41DAFD0E7012B3FF443AF2C4B75
:105F8000226A5B6803F4803191427FF43BAF606A20
:105F900003F47013181A18BF012026E703F1804399
:105FA000A3F53C331A6842F480221A601A6842F45E
:105FB00080321A607AE642F004021A621A6A42F0EB
:105FC00001021A62C5E701207047FEF77FF9054616
:105FD00005E0FEF77BF9401B02283FF65EAF144B4D
:105FE0001B689901F5D4236AB3F5803F06D11048A8
:105FF000A168426822F400320A4342600120616ACB
:106000000B4C0B4362680B4922F474121343636018
:106010000866FEF75BF9044605E0FEF757F9001B3A
:1060200002283FF63AAF024B1B689A01F5D5DBE632
:10603000001002400000424278B15F4A136803F04A
:1060400007038B420BD2136823F007030B43136043
:10605000136803F007038B4201D0012070472DE93C
:10606000F041036886B09D0714D55C0704D5534CF6
:10607000626842F4E06262601A0704D54F4C6268BD
:1060800042F4605262604D4C8568626822F0F00212
:106090002A436260DB078846074620D54268474BA3
:1060A000012A1B687CD0022A77D09C0728D5434C54
:1060B00041F28835636823F0030313436360FEF7FE
:1060C00005F9064604E0FEF701F9801BA8426CD8EA
:1060D00063687A6803F00C03B3EB820FF3D1364A9E
:1060E000136803F0070343450ED9136823F0070331
:1060F00043EA08031360136803F00703434503D022
:10610000012006B0BDE8F0813B68580706D52B4951
:10611000F8684A6822F4E06202434A60190731D401
:1061200040F20124264B06AD0FCB05E90F002349B1
:10613000ADF804404A6802F00C03042B33D0082B5E
:1061400029D1C2F383436B44D2031B7A2FD54A680B
:106150001C49C2F3404201FB03F36A441279B3FBCA
:10616000F2F3164A184852681849C2F30312805CC9
:10617000174AC34008681360FEF762F8002006B0B3
:10618000BDE8F0810D4A3969536823F4605343EA4E
:10619000C1035360C4E70F4BE3E79D0187D4AFE72A
:1061A0009E0384D4ACE7074BDBE70320A9E70A4A48
:1061B00002FB03F3D5E700BF0020024000100240BD
:1061C0001C040108001BB700A0FB00080800002009
:1061D0000000002000127A0000093D00044B054A2F
:1061E0005B680549C3F30223CB5C1068D840704755
:1061F000001002400000002098FB0008044B054AF4
:106200005B680549C3F3C223CB5C1068D840704774
:10621000001002400000002098FB0008F0B5036861
:106220000446D80783B02DD5384BDA69D1003FD565
:10623000374D00272B68DA0548D5344D61682B6A45
:1062400013F4407312D001F440729A420ED0002031
:106250004FF0010C2B6A2F4A23F44071C2F840C45E
:10626000C2F84004D807296242D46168274A136AF9
:1062700023F440730B4313621FB1D36923F080539F
:10628000D36123689A0706D52049A0684A6822F49A
:10629000404202434A60DB0602D4002003B0F0BD56
:1062A0001A4AE168536823F480030B435360F4E710
:1062B000DA69174D42F08052DA61DB69012703F099
:1062C00080530193019B2B68DA05B6D42B6843F405
:1062D00080732B60FDF7FAFF06462B68DB05ACD414
:1062E000FDF7F4FF801B6428F7D9032003B0F0BD4D
:1062F000FDF7ECFF06462B6A9907B6D4FDF7E6FFDB
:1063000041F28833801B9842F5D9EEE70010024035
:10631000007000400000424200B5334B87B0844615
:106320000FCB0DF1180E0EE90F0040F20123BCF166
:10633000020FADF8043028D0BCF1100F05D0BCF12D
:10634000010F2ED0002007B000BD284B5A681868F6
:1063500010F08070F7D0C2F383416944D203087A09
:106360003ED55B68224AC3F340436B441B79B2FBC2
:10637000F3F303FB00F01D4B5B685B02E3D41D4BA2
:106380004000A3FB00304008DDE7FFF737FF174B65
:106390005B68C3F3813301335B00B0FBF3F007B0FC
:1063A00000BD124A106A00F44073B3F5807F0BD031
:1063B000B3F5007F0CD0B3F5407FC3D1106810F463
:1063C0000030C0D00C48BEE7C0F34000C003BAE7BD
:1063D000536A49F6404013F0020F08BF0020B2E7AD
:1063E000064B03FB00F0C6E71C0401080010024046
:1063F000001BB700ABAAAAAA366E010000093D0037
:10640000F0B585B09D1816460C460746FDF75EFFB1
:106410002D1AFDF75BFF284B01361B68C3F3CB3306
:1064200005FB03F3039315D002463B689B6834EAEF
:10643000030314D10192FDF749FF019A801AA84283
:1064400010D20399039B002903F1FF3308BF0025F5
:106450000393EAE73A68936834EA0303FBD0002029
:1064600005B0F0BDD7E900315A68B1F5827F22F05E
:10647000E0025A6013D0BA6AB2F5005F07D11A6819
:1064800022F400521A601A6842F400521A60012283
:106490000023032087F8512087F85030E0E7BA68DE
:1064A000B2F5004F02D0B2F5806FE4D11A6822F045
:1064B00040021A60DFE700BF00000020002862D021
:1064C00030B5426A034683B0002A4BD00022C0E9AF
:1064D0000422002193F85120996202F0FF0C002A57
:1064E00046D00D46D3E9012102204FF0000E01F401
:1064F000044102F482720A43D96883F85100186992
:1065000001F400610A4300F00200024358699C69EB
:1065100000F001000243D86904F4007400F0380C64
:10652000186A2243196800F0800042EA0C02024314
:106530009869D1F800C0000C2A4300F004002CF048
:10654000400CC1F800C00A604860CA69704622F475
:106550000062CA614FF00102C3F854E083F8512091
:1065600003B030BD4168B1F5827FB2D0C261B0E7FF
:10657000184683F850C00193FBF75EFB019B9A6AB3
:1065800002F40055AEE70120704700BFF0B50446A5
:1065900090F8500085B0012800F08E801646012248
:1065A00084F850200D460193FDF790FE074694F8BD
:1065B000510062680128019BC1B210D0B2F5827F00
:1065C00008D002200122002384F8512084F85030A2
:1065D00005B0F0BDA0680028F3D10429F1D1002D49
:1065E00072D0002E70D0002B6ED094F8511020681D
:1065F00004291CBF052184F8511000216165E3873F
:10660000E386C4E910110168A6634906A3872563E0
:10661000A38603D4016841F040010160E168B1F54F
:10662000006F00F08680002A7AD0012B78D00A9B78
:106630000125013326D049E02268936899070ED5D9
:10664000E38E9BB25BB155B10025236B1B781373AE
:10665000E18E236B013901332268E186236393685D
:1066600013F001030CD0E18F89B249B1D2681D4605
:10667000A36B1A70A26BE38F0132013BA263E38725
:10668000FDF724FEE38E9BB2002BD5D1E38F9BB2A6
:10669000002BD1D13B46802120460A9AFFF7B0FE5D
:1066A00068B9A368002B8DD123680390DA68039240
:1066B0009B680393039B85E7022005B0F0BD202271
:1066C000636D13436365626501207BE7E38E9BB2D4
:1066D0001BB9E38F9BB2002BDCD0226893689B0729
:1066E0000ED5E38E9BB25BB155B10025236B1B78B1
:1066F0001373226BE38E0132013B22632268E3862F
:10670000936813F0010303D0E18F89B200297ED191
:10671000FDF7DCFD0A9BC01B9842D7D3032051E74D
:106720002B780373226BE38E0132013B2263E386F5
:106730007DE7002A38D1294631F8023BC360E38E59
:106740002163013BE3860A9B0125013323D02EE020
:10675000226893689E070CD5E38E9BB24BB13DB186
:10676000216B31F8023BD360E38E2163013BE3866A
:106770000025936813F001030BD0E18F89B241B17A
:106780001D46D368A26B22F8023BE38FA263013B54
:10679000E387FDF79BFDE38E9BB2002BD8D1E38FFF
:1067A0009BB2002BD4D175E7012BCCD1C3E7E38E8C
:1067B0009BB223B9E38F9BB2002B3FF46BAF2268EF
:1067C000936898070CD5E38E9BB24BB13DB1216B1A
:1067D00031F8023BD360E38E2163013BE386002561
:1067E000936813F001030BD0E18F89B241B11D46CC
:1067F000D368A26B22F8023BE38FA263013BE387DD
:10680000FDF764FD0A9BC01B9842D0D386E7D2688F
:106810001D46A36B1A70A26BE38F0132013BA2638A
:10682000E38775E7002865D030B590F83D20034632
:1068300083B002F0FF01002A55D0D3E900100222F4
:10684000DFF8B4C0DC6883F83D2061452546D3F805
:1068500018E00A6829D0B1F1804F26D0274CA14218
:1068600038D004F58064A14234D022F0800242EA9C
:106870000E020A60CD628862012200204A6183F81C
:10688000462083F83E2083F83F2083F8402083F899
:10689000412083F8422083F8432083F8442083F882
:1068A000452083F83D2003B030BD9C6822F0700283
:1068B00022431C6922F44072224322F0800242EA01
:1068C0000E020A600C4ACD6291428862D4D15A69A4
:1068D0000A63D1E79C6822F0700222431C6922F40B
:1068E00040722243C1E780F83C100190FBF728FC7E
:1068F000019BA2E701207047002C014000040040EA
:1069000090F83D30012B1FD10222036880F83D2012
:10691000DA680E4942F001028B42DA6009D0B3F125
:10692000804F06D00A4A934203D002F58062934218
:1069300004D19A6802F00702062A03D01A6842F0CE
:1069400001021A600020704701207047002C0140AE
:1069500000040040002865D030B590F83D20034683
:1069600083B002F0FF01002A55D0D3E900100222C3
:10697000DFF8B4C0DC6883F83D2061452546D3F8D4
:1069800018E00A6829D0B1F1804F26D0274CA142E7
:1069900038D004F58064A14234D022F0800242EA6B
:1069A0000E020A60CD628862012200204A6183F8EB
:1069B000462083F83E2083F83F2083F8402083F868
:1069C000412083F8422083F8432083F8442083F851
:1069D000452083F83D2003B030BD9C6822F0700252
:1069E00022431C6922F44072224322F0800242EAD0
:1069F0000E020A600C4ACD6291428862D4D15A6973
:106A00000A63D1E79C6822F0700222431C6922F4D9
:106A100040722243C1E780F83C100190FBF7F8FB7D
:106A2000019BA2E701207047002C014000040040B8
:106A300059BB90F83E30012B33D1022380F83E3011
:106A40000122036801F01F01186A8A4020EA02004F
:106A50001862196ADFF878C00A4363451A622AD0BF
:106A6000B3F1804F06D01B4A934203D002F58062F7
:106A7000934204D19A6802F00702062A03D01A68EA
:106A800042F001021A600020704704290BD0082947
:106A900016D090F84130012B03D1022380F8413009
:106AA000CEE70120704790F83F30012BF9D1022347
:106AB00080F83F30C4E75A6C42F400425A64D9E788
:106AC00090F84030012BECD1022380F84030B7E73A
:106AD000002C014000040040704700BF002865D032
:106AE00030B590F83D20034683B002F0FF01002A44
:106AF00055D0D3E900100222DFF8B4C0DC6883F877
:106B00003D2061452546D3F818E00A6829D0B1F147
:106B1000804F26D0274CA14238D004F58064A14292
:106B200034D022F0800242EA0E020A60CD6288620E
:106B3000012200204A6183F8462083F83E2083F832
:106B40003F2083F8402083F8412083F8422083F8D7
:106B5000432083F8442083F8452083F83D2003B088
:106B600030BD9C6822F0700222431C6922F44072FE
:106B7000224322F0800242EA0E020A600C4ACD62F1
:106B800091428862D4D15A690A63D1E79C6822F0A5
:106B9000700222431C6922F440722243C1E780F84C
:106BA0003C100190FFF798FF019BA2E7012070477E
:106BB000002C01400004004090F83C30012B00F014
:106BC000A78070B5D1E900C42646CC680368254685
:106BD000D1F808E032B3042A55D0082A76D0196AD1
:106BE0004FEA0C3221F480511962D969D3F820C0E0
:106BF00021F4407141EA062164F30F31D96102F4B6
:106C000000522CF400510A431A62DA6922F44062FD
:106C1000DA61DA6942EA0E22DA61002380F83C3058
:106C2000184670BD1A6A3C4C22F001021A62A34257
:106C30009A69196A0DD0B3F1804F0AD0A4F5943443
:106C4000A34206D004F58064A34202D042F00102C0
:106C500002E022F00302324365F307129A610CF05E
:106C60000A0C21F00A024CEA02021A629A6922F026
:106C70000C029A619A6942EA0E029A61002380F836
:106C80003C30184670BD1A6A4FEA0C1C22F0100204
:106C90001A629A69196A22F4407242EA062264F37F
:106CA0000F329A610CF0A00C21F0A0024CEA020213
:106CB0001A629A6922F440629A619A6942EA0E2243
:106CC0009A61002380F83C30184670BD1A6A4FEA7A
:106CD0000C2C22F480721A62DA69196A22F003021B
:106CE000324364F30712DA610CF4007C21F4007281
:106CF0004CEA02021A62DA6922F00C02DA61DA69FD
:106D000042EA0E02DA61002380F83C30184670BD7A
:106D100002221046704700BF002C0140034690F845
:106D20003C00012800F0D98030B50C2A36D8DFE8C5
:106D300002F0073535356E353535A13535353A0034
:106D40001A680C68106A20F001001062106AD2F80C
:106D500004E0D2F818C020F002002CF0730C4CEACA
:106D6000040C8C682043774CA24200F0B880C2F833
:106D700004E0D1F804E0C2F818C0D1F810C0C2F89D
:106D800034E01062916941F008019161916921F04C
:106D900004019161916941EA0C019161002283F83B
:106DA0003C20104630BD1A680C68106A20F48050F0
:106DB0001062106AD2F804E0D2F81CC020F400502F
:106DC0002CF4E64C4CEA042C8C6840EA04305D4C10
:106DD000A24200F0A180C2F804E0D1F804E0C2F8B9
:106DE0001CC0D1F810C0C2F840E01062D16941F473
:106DF0000061D161D16921F48061D161D16941EA39
:106E00000C21D161002283F83C20104630BD1A6865
:106E10000C68106A20F010001062106AD2F804E0CA
:106E2000D2F818C020F020002CF4E64C4CEA042CD8
:106E30008C6840EA0410434CA2425ED0C2F804E0E1
:106E4000D1F804E0C2F818C0D1F810C0C2F838E098
:106E50001062916941F400619161916921F480614E
:106E60009161916941EA0C219161002283F83C20F3
:106E7000104630BD1A680C68106A20F480701062E9
:106E8000106AD2F804E0D2F81CC020F400702CF094
:106E9000730C4CEA040C8C6840EA0420294CA24292
:106EA00040D0C2F804E0D1F804E0C2F81CC0D1F828
:106EB00010C0C2F83CE01062D16941F00801D16114
:106EC000D16921F00401D161D16941EA0C01D1619C
:106ED000002283F83C20104630BD02207047CC6869
:106EE00020F0080020432EF4407ED1E905452C43D4
:106EF00020F0040044EA0E0E39E7CC6820F0800050
:106F000040EA04102EF4406ED1E905452C4320F0F0
:106F100040004EEA840E91E74C692EF4804E4EEA12
:106F2000841E58E7CC6820F4006040EA04202EF468
:106F3000405ED1E905452C4320F480604EEA041EF2
:106F4000AFE700BF002C014090F83C20012A00F080
:106F5000A780034602201A6810B583F83D009068A8
:106F6000D1F800C020F47F4020F07700BCF1600F22
:106F7000906061D01FD8BCF1400F78D03AD9BCF1F5
:106F8000500F2FD14868D1F80CC0116A21F00A01C6
:106F90000843116A21F001011162916921F0F001A9
:106FA00041EA0C1191611062916821F0700141F089
:106FB0005701916016E0BCF1700F2BD0BCF5005F5B
:106FC00010D188684C68D2F808C0C968204340EAEC
:106FD00001202CF47F4C40EA0C009060916841F451
:106FE000804191600022012183F83C2083F83D100C
:106FF000104610BDBCF1200F03D053D83CF0100157
:10700000F0D1916821F0700141EA0C0141F00701D3
:107010009160E7E788684C68D2F808C0C9682043E7
:1070200040EA01202CF47F4C40EA0C00906091680B
:1070300041F077019160D5E7D1F804C0D1F80CE0B8
:10704000116A21F0100111629069116A20F47040F8
:1070500021F0A00141EA0C1140EA0E30906111626A
:10706000916821F0700141F067019160BAE74868CA
:10707000D1F80CC0116A21F00A010843116A21F00D
:1070800001011162916921F0F00141EA0C11916155
:107090001062916821F0700141F047019160A1E711
:1070A00002207047BCF1300FABD09BE790F83C302A
:1070B000012B48D00223026810B580F83D30936858
:1070C0008446486823F07003D1F800E0034323F0BE
:1070D000070343EA0E03602893604FD025D8402869
:1070E00033D0502810D18B680869116A21F00A0149
:1070F0001943136A23F001031362936923F0F00329
:1071000043EA00139361116200214FF0010ED3682E
:10711000084623F04003D360D36823F48043D36050
:107120008CF83DE08CF83C1010BD7028ECD1CB6899
:107130008C6890680969234320F47F4043EA012367
:1071400003439360E0E702207047BEF1050F0DD0C6
:10715000106A136A096923F001031362936923F02B
:10716000F00343EA011393611062CDE7012300228B
:107170008CF83D308CF83C20184610BD136A8868A6
:1071800023F01003D1F810E013629169136A21F41F
:10719000704123F0A00341EA0E3143EA00139161EC
:1071A0001362B1E790F83C20012A29D0034602205F
:1071B0001A6810B583F83D0050680C68DFF844E0A9
:1071C00020F0700020437245D2F808C0506009D00A
:1071D000B2F1804F06D00C48824203D000F58060A7
:1071E000824205D149682CF0800C4CEA0101916083
:1071F0000022012183F83C2083F83D10104610BD89
:1072000002207047002C014000040040002867D095
:1072100038B590F83D30044603F0FF02002B57D0FC
:10722000D4E9022E2421236884F83D10D96820690E
:1072300021F40051D4F818C002436069D96019697B
:10724000024321F4405141EA0E011961D9682548F1
:1072500021F4B05121F00C010A43DA605A698342EB
:1072600022F4407242EA0C025A6136D0FEF7B6FFB1
:10727000626800EB8003920003EB8303B3FBF2F33D
:1072800019484FF0000EA0FB035264254FF0200C6C
:10729000520905FB12331B013233A0FB03032168A3
:1072A000120102EB53128A600B69704623F490437B
:1072B0000B614B6923F02A034B61CB6843F4005305
:1072C000CB60C4F840E084F83DC084F83EC038BDCF
:1072D00080F83C20FAF7E2FFA2E7FEF78FFFC7E74E
:1072E00001207047003801401F85EB512DE9F04126
:1072F000174690F83D20202A74D10D46002941D030
:10730000002F3FD090F83C200446012A6AD0212269
:1073100001211E46002380F83C10036480F83D20C4
:10732000FCF7D4FFA2688046B2F5805FA784E784AB
:107330005BD000270023E28C84F83C3092B22368B3
:10734000002A58D0711C32D0FEB11A6810061FD422
:10735000FCF7BCFFA0EB080086422368F5D2DA6890
:10736000202122F4D072DA605A69032022F001024F
:107370005A61002384F83D1084F83C3084F83E10B4
:10738000BDE8F0810120BDE8F0811A681106E6D55C
:10739000A5B12A7801355A60E28C013AE284E28C88
:1073A00092B242B3721CCFD11A681006F1D41A6897
:1073B0001206EDD41A681206F9D5E9E73A880237C1
:1073C000C2F308025A60E28C013AE284E28C92B283
:1073D0008AB1711CB8D11A681206EFD41A68120665
:1073E000E8D5D5E70220BDE8F0812269002AA0D1C6
:1073F0002F4615469EE7751C0BD09EB11B6859069B
:107400000AD4FCF763FFA0EB080296422368F5D28A
:10741000A5E71A685006FCD5202384F83D300020EB
:10742000BDE8F0811A68520699D5F5E72DE9F041DB
:107430000D4690F83E1082B0202975D1002D46D01F
:10744000002A44D090F83C10044601296CD0012059
:1074500022211E46002384F83C00236484F83E1059
:1074600023630192FCF732FF019A8046A285E285F0
:10747000A268B2F5805F5BD00027002384F83C301F
:10748000E38D9BB2002B3CD0731C24D0002E55D032
:1074900023681A68910622D4FCF718FFA0EB0800B5
:1074A0008642F5D22368202100250320DA6822F4E1
:1074B000D072DA605A6922F001025A6184F83D10F4
:1074C00084F83C5084F83E1002B0BDE8F081012001
:1074D00002B0BDE8F08123681A689006FCD5DDB1E2
:1074E000A268B2F5805F02D092B9226982B95B6866
:1074F00005F8013BE28D013AE285E28D92B2002A65
:10750000C2D12023002084F83E3002B0BDE8F081D3
:107510005B6803F07F03EBE73A465B68C3F308035D
:1075200022F8023B1746E5E7022002B0BDE8F081F1
:107530002269002AA0D12F4615469EE723681A68C3
:107540009206B0D5CBE700BF90F83E30202B44D157
:10755000002940D0002A3ED030B590F83C30044697
:10756000012B83B03BD0134600254FF0010E4FF0A6
:10757000220C81628385806B84F83CE0AE462563F3
:107580002564184D84F83EC00A4621688562164D70
:107590000431C562154DC0F834E005637546FDF74A
:1075A0001FFE4FF000012846236801951A680192DA
:1075B0005A6884F83C100192019ADA6842F48072A9
:1075C000DA605A6942F001025A615A6942F0400297
:1075D0005A6103B030BD012070470220704702207D
:1075E00003B030BD497700082D7700089D7600086C
:1075F000034600B5026883B0506993F83D10212915
:1076000007D0506993F83E1022291BD0002003B008
:1076100000BD0006F5D55169586B21F0800151611C
:1076200020B10193FDF724FE019B1A682020D16848
:1076300021F0C001D16083F83D00506993F83E10FD
:107640002229E3D14106E1D55169986B21F040012F
:10765000516120B10193FDF70BFE019B1A68D168BF
:1076600021F49071D160516921F001015161196BD0
:10767000012903D1D16821F01001D160202100221D
:10768000002083F83E101A6303B000BD704700BFAE
:10769000704700BF704700BF704700BF08B5406A21
:1076A0000368596990F83D20212A0BD0596990F858
:1076B0003E20222A16D0036C43F010030364FFF728
:1076C000EBFF08BD0906F1D500222021C284DA684B
:1076D00022F0C002DA6080F83D10596990F83E202F
:1076E000222AE8D14A06E6D50022C285DA6822F4C9
:1076F0009072DA605A6922F001025A61026B012A23
:1077000003D1DA6822F01002DA602022002380F828
:107710003E200363CFE700BF08B50023406AC3855E
:10772000C384FFF7B9FF08BD704700BF406A08B5C2
:10773000036B012B02D0FFF7ADFF08BD818D490817
:10774000FFF7F2FF08BD00BF08B50368406A1B6879
:1077500013F0200313D120210268C385D36823F4DA
:107760008073D360536923F001035361536923F09D
:107770004003536180F83E10036B012B09D0036B6B
:10778000012B02D0FFF784FF08BD818DFFF7CCFFEE
:1077900008BDD36823F01003D360F0E78368016865
:1077A000B3F5805F826A36D0002B2ED04B6803F091
:1077B0007F031370826A0132C38D8262013B9BB2E8
:1077C000C3853BBB4FF0200C026800B5D16883B085
:1077D00021F02001D160D16821F48071D16051691C
:1077E00021F00101516180F83EC0016B01291BD1DC
:1077F0000363D16821F01001D1601168C90617D464
:10780000818DFFF791FF03B000BD0369002BCDD13F
:107810004B68CEE770470369002BF9D14B68C3F37F
:10782000080322F8023BC7E7FFF732FF03B000BDB1
:1078300001931368019353680193019BE0E700BF34
:10784000026800B51168034611F00F0FD2F80CE082
:1078500085B0D2F814C017D111F0200F03D01EF05C
:10786000200F40F0B080186B012852D0080603D5D5
:107870001EF0800F40F0B180490603D51EF0400F86
:1078800040F0CA8005B000BD1CF0010040F08580CA
:107890001EF4907FE7D011F0010F0FD01EF4807F0F
:1078A00000F01C81D3F840C011F0040F4CF0010C23
:1078B000C3F840C000F0C880002873D111F0020F57
:1078C00000F0C980080700F10481186C0028D9D0A5
:1078D00088060CD51EF0200F09D093F83E102229FF
:1078E00005D118460093FFF759FF009B1A685169AC
:1078F000186C01F0400100F00800014340F0B9802D
:10790000184601910093FFF7C7FEDDE900311964C5
:10791000B8E7C806AAD51EF0100FA7D04FF0000E8A
:10792000CDF80CE0116803915168039103995169F6
:1079300011F0400C00F0D780986B0168496889B25B
:1079400000299FD0B3F82CC08C459BD9D98581697B
:1079500020291AD0D168009321F48071D160516937
:1079600021F001015161516921F040015161202153
:1079700083F83E10C3F830E0D16821F01001D160E7
:10798000FDF776FC009BB3F82CC0DA8D1846ACEB03
:10799000020189B2FFF7C8FE74E711F0010F4CD164
:1079A000480745D5186C40F002001864880741D597
:1079B000186C40F004001864080786D5186C40F075
:1079C0000800186481E790F83E30222B7FF45AAF0C
:1079D00005B05DF804EBFFF7E1BE93F83D102129F7
:1079E0007FF450AF9868196AB0F5805F00F09D8011
:1079F000481C186209785160D98C013989B2D98440
:107A000000297FF43FAFD36823F08003D360D368AD
:107A100043F04003D36035E74FF0200CD16818469F
:107A200021F04001D16083F83DC0FFF72FFE29E728
:107A30008807BDD40807C1D447E71EF4807F7FF4D0
:107A400031AF11F0040FADD111F0020F03D00028B7
:107A50003FF438AFACE711F0080F3FF436AF0EF04B
:107A6000200C5CEA000CA9D1196C00297FF43FAF0F
:107A700008E7D16821F49071D160516921F00101CA
:107A80005161196B012903D1D16821F01001D16036
:107A90000021202083F83E0019635169490614D55E
:107AA0005169986B21F04001516170B1244A0093F3
:107AB0004263FDF701FC00283FF4E4AE009B986BA5
:107AC000436B05B05DF804EB18471846FFF7E4FD7B
:107AD000D8E61EF0200F7FF471AFC5E711F0040F58
:107AE0007FF4ECAEB0E7D88DD98D89B200293FF490
:107AF000C9AE998D091A89B200293FF4C3AE4FF07F
:107B0000200ED06820F49070D060506920F0010001
:107B1000506183F83EE0C3F830C01846D36823F0C4
:107B20001003D360FFF700FEACE6186900287FF46D
:107B30005FAF31F8020BC0F30800506019625BE7D9
:107B400019770008014B185C704700BF000D00203A
:107B5000014B1954704700BF000D002008B54FF4C9
:107B6000806202490248F9F749FC08BD00FC01089F
:107B7000000D002070B50020002401210123144ACB
:107B800086B0CDE90201CDE904230194FDF762FD41
:107B900008B106B070BD34220E4B01A902A8DA600C
:107BA000FDF7D8FD78B90C4D094C0C4E01E0B442FC
:107BB00009D0D5E9002321460320FDF765FC0834F0
:107BC00008350028F3D0FDF759FD06B070BD00BFA1
:107BD00000FC010800200240000D00200000020807
:107BE0002DE9F041054686B0FDF734FDAB68E3B101
:107BF000002401272646DFF83C802B6801A903EB0F
:107C0000842302A8CDE904370296FDF7A3FD4FF0C7
:107C1000FF30FDF73DFDD8F81030013423F00203AA
:107C2000C8F81030AB68A342E7D806B0BDE8F04111
:107C3000FDF724BD0020024010B50446FDF70AFD03
:107C40002368E36010BD00BFFDF718BDF8B50E4610
:107C50000368C168994219D34468234401EB420484
:107C60009C4213D892B1174604460025023E00E01C
:107C7000E1680023012036F8022FFDF705FC0135ED
:107C800010B9E3680233E360AF42F1D1F8BD00BF41
:107C9000054BD3F8E817D3F8F027B3F8EE071144F3
:107CA00040EA0140090C704700F0FF1F84460023A2
:107CB000044A05491068C1F800C0022219468068CC
:107CC00003F096BFC006002000110020022801D852
:107CD0000120704708B504F00DFA09220346002080
:107CE0001A6008BD013801280AD810B51446064AA2
:107CF0004FF0FF331068A2B2FFF7F8FA204610BD2C
:107D00004FF0FF30704700BF00110020022801D85B
:107D10000020704708B504F0EDF9092203464FF042
:107D2000FF301A6008BD00BF08B504F0E3F909226E
:107D300003464FF0FF301A6008BD00BF08B558B9C0
:107D400009484FF0FF3301220068FFF76FFB00285E
:107D500014BF0520012008BD04F0CCF90922034618
:107D60004FF0FF301A6008BD00110020022808B54E
:107D700004D84FF4005300204B6008BD04F0BAF95A
:107D800009230360002008BD012908B50DD0022990
:107D900009D104210648FDF74FFFA0F10100B0FA18
:107DA00080F0400908BD002008BD4FF48051F1E784
:107DB000000C014008B50368104A1B680179934222
:107DC00016D101290BD0022901D0012008BD0421C0
:107DD0000B48FDF731FF013818BF012008BD4FF4F3
:107DE00080510748FDF728FF013818BF012008BD62
:107DF000984780F00100C0B208BD00BF897D00082F
:107E0000000C01400148FFF717BF00BF0C00002025
:107E10000148FFF719BF00BF0C0000200148FFF721
:107E2000DFBE00BF0C00002000B583B0ADF8061027
:107E3000012203480DF10601FFF708FF03B000BD62
:107E40000C00002049B1012900D070474FF4804157
:107E5000054882F00102FDF7F5BE4FF400510248DB
:107E600082F00102FDF7EEBE00100140F9F7B8BE46
:107E700030B54FF0FF3C4FF400450A4C87B0ADF8E9
:107E80000E10012365610DF116020DF10E01CDF802
:107E900000C00548FEF77AFBBDF81600256107B063
:107EA00030BD00BF00080140000A0020034B8908D4
:107EB0001B6892081964DA63704700BFEC0A00205F
:107EC00039B12021074B196142B11022054B1A61CB
:107ED00070472021034B5961002AF6D11022014B33
:107EE0005A6170470008014039B10821074B1961F8
:107EF00042B10422054B1A6170470821034B5961B6
:107F0000002AF6D10422014B5A6170470008014053
:107F1000002200B587B0CDE90222CDE90422174B3B
:107F20003C21D3F818C016484CF0040CC3F818C014
:107F3000D3F818C00CF0040CCDF800C0DDF800C078
:107F4000D3F818C04CF0080CC3F818C09B6903F0B4
:107F500008030193019BFDF775FE002003213C22DD
:107F60000123CDE9040100F1804002A900F584302D
:107F7000CDE90223FDF74EFC07B000BD0010024022
:107F800000080140F9F7B0BF022808B50FD0032858
:107F900000D008BD0D4803F023FE0D4BD3F840314F
:107FA0005A7972B100210B48C260197108BD0123D2
:107FB00009480371FBF778FBBDE808400648FBF76A
:107FC000F9BD044AD2681A7108BD00BF3004010827
:107FD000D81400208816002038110020022808B587
:107FE0000CD0032800D008BD144803F0F9FD144B51
:107FF000D3F84001BDE80840FAF746BF104BD3F86C
:1080000040014279072AEED80123934013F022025F
:108010000ED113F0440106D113F0880FE3D0BDE870
:108020000840FAF725BF1146BDE80840FAF7DEBE62
:108030000021BDE80840FAF777BE00BF3804010808
:10804000D81400202DE9F047FFF722FE4FF480718D
:108050007248FDF7F1FD4FF4007105466F48FDF7DA
:10806000EBFD4FF4806104466C48FDF7E5FDB0FA86
:1080700080F3B4FA84F25B0952094FEA830949EAB2
:108080004209FFF76BFD664F002D08BF49F001095B
:108090007C1E07F13705C7F101063019FFF752FDC5
:1080A00004F8010FAC42F8D13B78DFF878A1012B3E
:1080B0007FD1002387F83630BB68B969CAF80C3025
:1080C0003B695948CAF814307B69CAF81C10CAF8D1
:1080D0001830C7F80490FAF7E7FA5448B969FAF784
:1080E00029FBFB695249CAF810307B6A4D48CAF82F
:1080F0005830BB6ACAF85C30FB6ACAF860303B6A29
:10810000CAF8543097F835308AF88430FAF724FDED
:1081100048494448FAF71CFDDAF84001FBF7AEF98C
:10812000DAF8480103681B689847DAF844010368E5
:108130001B68984740494148FBF794FF4049414834
:10814000FBF790FF6420FCF7C7F83F48FEF7D8FB29
:108150003E48FEF7D5FB3948FFF72CFE002854D1E6
:108160004FF001093A48FBF725FD3B78022B13D06D
:10817000002BF7D17C1E301914F8011FFFF7E8FC23
:10818000AC42F8D1FFF7F6FCFCF7D0FF3048FBF724
:1081900011FD3B78022BEBD17C1E87F80090A019D3
:1081A00014F8011FFFF7D4FCAC42F8D1FFF7E2FC52
:1081B000D8E7382200211A48DAF8084003F028FEF0
:1081C0001E2364204FF4FA62012104FB03F300FB39
:1081D00004F4C7E90312C7E90534FA614FF4967352
:1081E00050224FF0C80CC7E90923FA23C7F820C072
:1081F0003970FB627C1EA01914F8011FFFF7A8FC60
:10820000AC42F8D1FFF7B6FC53E70E48FFF7D2FDBA
:108210000028A5D001220E4B1A71A1E700080140E9
:1082200088160020D81400207C150020901500200E
:10823000C8140020A0140020897F0008201100200D
:10824000DD7F000808110020380B00205C0A0020A8
:10825000381100206FF0010208B51A4B0A211B6883
:1082600019481A61FBF7DAFE0A211848FBF7D6FE17
:10827000174B0A21D3F8403116489A79FBF700FFD3
:10828000154A92F8363073B114490B680133632BE9
:108290000B6009D8322B0ED9BDE8084001220D48E9
:1082A0001146FBF7E9BE08BDF9F73AFA00230A4A7E
:1082B0000A4910630B600022BDE80840012105480F
:1082C000FBF7DABE380B0020201100200811002037
:1082D000D81400201C000020881600200411002063
:1082E0006FF00101054B06481A68037911610BB163
:1082F000FBF7DAB90348FBF791B800BF5C0A00202E
:1083000038110020D81400204FF448422DE9F041E4
:10831000734CC827A26044F620624FF48071C4F801
:1083200088200022002532204FF4FA634FF47A7837
:1083300004F18806C4E90071C4F8CC2069496A4A8E
:10834000C4F89460C4F8A860C4F8C060C4E92655B5
:10835000C4E92855C4E92B55C4E92D55C4E9315564
:10836000C4E93455C4E93655C4E93855C4E93C5527
:10837000C4F88450C4F89050C4F8BC50C4F8E85015
:10838000C4F8EC60C4F88C0004F5A670C4E9425649
:10839000C4E94657C4E93E55C4E94055C4E94455CB
:1083A000C4E94955C4E94B55C4E94D55C4E9515593
:1083B000C4E95355C4E95655C4E95855C4E95A555A
:1083C000C4E95C5584F82051C4F83C51C4E95E55B9
:1083D000C4E90612C4F840013022294604F1240001
:1083E000C4E903532362C4E96155C4E96355C4E990
:1083F0006555C4E96755C4E96955C4F8805184F8E6
:10840000AC51C4F85441A4F85051C4F8148084F815
:10841000845003F0FDFC1E2305222946C4E90A23EB
:1084200004F16400202203F0F3FC50214FF4967312
:10843000C4E91613FA23304604F10C01236667657C
:10844000FAF754FBD4F8400104F12401FBF75EF87D
:108450004FF4804225492648264B0860C1E9015562
:10846000CD602549254E99612549DA6019602022A1
:10847000294606F118005D601D811D619D827561B0
:1084800003F0C6FC29464FF4C97206F1380003F028
:10849000BFFC4FF4C972294606F5E57003F0B8FC3D
:1084A0000127B460022440F6B830164B164A17492B
:1084B0003360174BC2E90175C3E90014B581C6E901
:1084C000D755C3E90255C2F8108035713561C6F839
:1084D0006453D560556111605D611861BDE8F0813C
:1084E000D81400200070170000400D03C8140020AD
:1084F00068070108A0140020007C01083811002042
:1085000034070108D406010820110020880601085C
:1085100008110020F0B501380B4683B0882800F21E
:108520009C80DFE810F0B602B202960276024D029D
:108530001902DF019A009A009A009A009A009A00A4
:108540009A009A009A00CA01B801A401840173013B
:10855000640159014E014301380189009A009A00D3
:108560009A009A009A001B01FE00E000D500BD00B1
:108570009A009A009A009A009A009A009A009A002B
:108580009A009A009A009A009A009A009A009A001B
:108590009A009A009A009A009A009A009A009A000B
:1085A0009A009A009A009A009A009A009A009A00FB
:1085B0009A009A009A009A009A009A009A009A00EB
:1085C0009A009A009A009A009A009A009A009A00DB
:1085D0009A009A009A009A009A009A009A009A00CB
:1085E0009A009A009A009A009A009A009A009A00BB
:1085F0009A009A009A009A009A009A009A009A00AB
:108600009A009A009A009A009A009A009A009A009A
:108610009A009A009A009A009A009A009A00B8006C
:10862000B400AF009A009A009A009A009A009A004B
:108630009A009A009A009C00A44AA5481168A54A8D
:10864000A1F10101B1FA81F1490980F8841082F8A1
:1086500035101B790BB10223137003B0F0BD00215C
:108660009B4BD3F840010171FAF7C0FB984B0021F6
:10867000D3F84001FAF7FCFB974803B0BDE8F0409F
:1086800003F0AEBA03B0BDE8F040FCF74FBD0022E6
:10869000904B1A70E1E701228E4B83F83620DCE71D
:1086A0008C4A891A3139022940F21282116B196001
:1086B0004FF0000CC3F804C0194653688748DB012B
:1086C00043F02503036003B0BDE8F040F9F72CB98F
:1086D0007F49804AC9688148196052681946D301A8
:1086E00043F02403EEE77A4A0091D2F840010021DA
:1086F000FAF786FB0146009B754A1960DFF8D4C182
:108700007648D2F8402192791946A2F10102B2FAD4
:1087100082F252091A71DCF80430DB0143F02303C2
:10872000D0E76B4A0091D2F84001FAF787FB014687
:10873000009B674A1960D2F84021DFF898C192790E
:108740001946A2F10102B2FA82F252091A71DCF85A
:1087500004306248DB0143F02203B3E75C4A009136
:10876000D2F84001FAF77AFB0146009B584A19609B
:10877000D2F84021DFF85CC192791946A2F10102DA
:10878000B2FA82F252091A71DCF804305348DB0164
:1087900043F0210396E74D4A4D4811684D4A016662
:1087A000D1621B79002B7FF456AF56E7474A484801
:1087B0001168484AC16591621B79002B7FF44BAF69
:1087C0004BE7424A42481168424A816551621B792F
:1087D000002B7FF440AF40E73C4A3D4811683D4ADA
:1087E000416511621B79002B7FF435AF35E73749BE
:1087F000384A0968A1F10101B1FA81F1490982F809
:1088000034101B79002B7FF426AF26E7304AD2F8CC
:108810004001FAF771FE02202D4A2E49D368926872
:10882000087093FBF2F002FB10338B6015E7284CC5
:108830000191A068F8F7E2F9244A1168F8F732FAD2
:10884000F8F70CFC014604F1A400E1610091F9F78E
:108850002BFF009904F1B800F9F76CFF1D4AE1699C
:10886000019B91611B79002B7FF4F5AEF5E6184C66
:108870000091A068F8F7C2F9144A1168F8F712FAE3
:10888000F8F7ECFB134A009BA06150611B79002BA9
:108890007FF4E1AEE1E60D4A009110681049F8F767
:1088A00001FAF8F7DBFB0A490A4A009B48611061AC
:1088B0001B79002B7FF4CFAECFE60449054A096847
:1088C00051601B79002B3FF4C8AEC4E6C4090020F8
:1088D000D8140020881600205C040108380000200D
:1088E00000007A44814A1446D2F840211746527952
:1088F000012A40F0D8807E4AA068CDE90023F8F72D
:108900007DF97C4D06466968F8F7CCF9F8F7A6FBC7
:108910002968A0613046F8F7C5F9F8F79FFB0146D2
:108920003846FAF701FA0021D4F84001FAF768FA5C
:108930000146019B009A1960D4F840116E4891F8E5
:1089400006C01946ACF1010CBCFA8CFC4FEA5C1C69
:1089500083F804C05368E0E6644CD4F840014279DF
:108960000546012A06D000910121FAF7DBF9D4F877
:108970004051009B5F49A0684A6801930092F8F754
:108980003DF95C490968F8F78DF9F8F767FB009A3B
:1089900001462846FAF7CEF9019B1A79002A3FF4DE
:1089A0005CAE0021D4F840010093FAF729FA0246A0
:1089B000009BDFF83CC11A604F48D4F84021A2E682
:1089C0004A4CD4F84021517901290AD048480093F3
:1089D000436901211046A361FAF7A4F9D4F84021B4
:1089E000009BA068CDE90023F8F708F94149096820
:1089F000F8F758F9F8F732FB01460098FAF794F9BE
:108A00003E4803F0EDF8019B1A79002A3FF425AEA9
:108A1000C7E7364CD4F840315A79022A08D0344A94
:108A2000184652690221A261FAF77CF9D4F8403164
:108A3000A0680093F8F7E2F82E4A1168F8F732F9C7
:108A4000F8F70CFB0146009803B0BDE8F040FAF7D8
:108A5000CDB9264AD2F840315979032906D01846B3
:108A60000321FAF75FF9214AD2F84031214A24491B
:108A700010680093F8F716F9F8F7F0FA0146009835
:108A800003B0BDE8F040FAF7F3B901221D4B1A71AB
:108A9000E3E5184B154A1B68D2F84001012B10D0B2
:108AA00000230371D9E5124A019151693846A16149
:108AB00001210092FAF736F9DDE90023D4F840717C
:108AC0001AE70223037103B0BDE8F040FAF7DCB9FE
:108AD00092F83010197092F83110597092F83210E3
:108AE000997092F83310D970E2E500BFD8140020D5
:108AF00088160020C4090020380000204004010826
:108B000000007A443811002010B5037882B0702B31
:108B10003DD0762B1DD0632B5AD13A4903F0F8F99A
:108B200001F06CFBF7F760FF374A0446D2F840319A
:108B3000597903295ED1354920460093F8F7B2F8F8
:108B4000F8F78CFA0146009802B0BDE81040FAF739
:108B50008FB92F4903F0DCF901F050FBF7F744FF20
:108B6000294B0446D3F840215179022936D198681F
:108B70000092F8F743F82146F8F794F8F8F76EFA00
:108B80000146009802B0BDE81040FAF72FB921491C
:108B900003F0BEF901F032FBF7F726FF1A4B01464E
:108BA000D3F840215079CDE9002101281CBF0120D4
:108BB00010719868F8F722F80199F8F773F8F8F748
:108BC0004DFA0146009802B0BDE81040FAF7ACB883
:108BD000114802B0BDE8104003F002B80F4802216E
:108BE0004069009398611046FAF79CF8009BD3F80F
:108BF0004021BCE718460321FAF794F8024AD2F85C
:108C0000403198E7E0050108D814002000007A44BC
:108C1000880401088C0401089004010888160020CB
:108C20000C480D490D4A002302E0D458C4500433C7
:108C3000C4188C42F9D30A4A0A4C002301E013609D
:108C40000432A242FBD3F9F70DF903F059FAF8F711
:108C5000A9FF704700000020CC080020F00D01089B
:108C6000D0080020D4190020FEE70000102370B5C2
:108C7000002484B00293036815469E6912686B460F
:108C8000009401940394B0479DF8043003F0060368
:108C9000062B09BF01202046009B2B6004B070BD4D
:108CA000009890420CBF06200120704710B5044682
:108CB000024B036000F0ECF8204610BDC807010825
:108CC00010B50446044B036000F0E2F8204608218A
:108CD00000F04CF8204610BDC807010830B583B03D
:108CE00015460899069A04468A420DD01946204630
:108CF00000F0D2F828B10123099A06991571116084
:108D00009371002003B030BD0799019300F0C4F8BF
:108D1000019B0028EAD00020099A557103B030BDAC
:108D200010B582B00193144600F0B6F8019B20B153
:108D3000082106221C60D9601A7102B010BD00BF64
:108D40002DE9F041074616461D460C4600F0A4F8F2
:108D500048B9032D07D82368324639462046BDE876
:108D6000F0415B691847BDE8F08100BF00F0AAB888
:108D700010B50446024B0360FFF798FF204610BD74
:108D80002808010810B50446044B0360FFF78EFF66
:108D900020460C21FFF7EAFF204610BD28080108F5
:108DA00070B582B0069C054694420E460BD0A8686A
:108DB0003146D0F800C00694DCF82040A44602B04A
:108DC000BDE87040604719460192009300F064F8D6
:108DD000DDE900320028EAD0062002B070BD00BFF5
:108DE0002DE9F0430F4683B01946DDE90A48DDE975
:108DF0000C6501920093814600F04EF8DDE90032E7
:108E000078B9B44220D0D9F8080039460768CDE9CE
:108E10000C65CDE90A48FC69A44603B0BDE8F043FF
:108E20006047002F2C602A7109DB3C44A64214BF26
:108E300001240624AC71002003B0BDE8F0830237A2
:108E4000F9D10123AB71F6E741464846CDE900234D
:108E500000F022F8DDE900230028D4D06A71EAE7A7
:108E60002DE9F04104460F4616461D46FFF758FF10
:108E700058B9A0682B46D0F800C03246DCF818E09C
:108E80003946F446BDE8F0416047BDE8F08100BFD7
:108E9000704700BF00207047814211D008B540687C
:108EA00003782A2B0AD049680B782A2B08BF013196
:108EB000F8F7C6F9B0FA80F0400908BD002008BDF7
:108EC0000120704701F0A6B9F8B504460D4600F040
:108ED000C7F8224606460F462B4620462946F7F796
:108EE0006DFDA8B90022002320462946F7F75CFD56
:108EF00070B90022002320462946F7F72DFD50B116
:108F000003F0F8F80021094A22230E4617460360B1
:108F100030463946F8BD03F0EDF8212203460448F7
:108F20001A60BDE8F84000F023B800BF0000F0FF71
:108F30002C04010838B5054600F020F829460446FF
:108F40002846F8F775F820B928460021F8F748F8C0
:108F500008B9204638BD03F0CDF821220346002190
:108F60001A600846F7F752FF0446204638BD00BF96
:108F700000200149704700BF0000F87F20F0004248
:108F8000B2F1FF4F70B5044651D2002A4ED00028EE
:108F9000034655DB10F0FF4250D15B00180211462A
:108FA00002F10102F9D549420024C3F316024FF041
:108FB000190EA1F17F034FF0807CC907214642F4CE
:108FC000000258BF52005E10520001EB0C039342A6
:108FD000CFBF134603EB0C016444D31ABEF1010E5C
:108FE0004FEA43024FEA5C0CEFD1D3B11A4B1B4A54
:108FF000186811681A681546F7F74AFD01462846B1
:10900000F7F7F8FF68B1144B144A186811681B6829
:109010001D46F7F73FFD01462846F7F7E1FFB0B1DF
:109020000234601000F17C5000EBC65070BD014668
:10903000F7F738FE2146F7F72DFD70BDC115B3E7F0
:109040000146F7F725FD0146F7F7E0FE70BD013454
:1090500024F00104E5E700BF68080108640801087E
:109060002DE9F04FB1F5801F02460B460C4687B044
:1090700080F2878021F0004E5EEA000E00F026812B
:109080000029C0F280810022D74BF7F7FDF90C468A
:109090000B46D6496FF0350C8C42024676DC201523
:1090A000C4F3130404F51521A0F2FF3001F6647136
:1090B000604401F4801100EB115581F07F5181F47F
:1090C000401141EA0403104619460022C84BF7F745
:1090D00023F8A31CC3F31303022BAB4681468A4635
:1090E0004FF0000259DC0023F7F736FC002840F06F
:1090F000F680A9A3D3E9002348465146F7F7C4F9FF
:1091000002460B460020BB49F7F706F84A460646DA
:109110000F46534648465146F7F7B6F902460B4606
:1091200030463946F7F7B0F94C465546CDE90001CF
:10913000BBF1000F1CD05846F7F73CF998A3D3E9D0
:10914000002306460F46F7F79FF997A3D3E90023BC
:1091500004460D4630463946F7F796F902460B4667
:10916000DDE90001F6F7D8FF4A465346F6F7D4FF8B
:1091700002460B4620462946F6F7CEFF07B0BDE86B
:10918000F08F9A494FF0000C8C4288DD104619464A
:10919000F6F7C4FF07B0BDE8F08F4FF08043F6F755
:1091A000BDFF02460B4648465146F7F797FA074679
:1091B00028468846F7F7FEF83A46CDE904014346CB
:1091C00038464146F7F760F902460B46A4F5C2253A
:1091D000A5F27A45CDE900230295F7F755F974A376
:1091E000D3E9002305460E46F7F74EF972A3D3E9FB
:1091F0000023F6F793FF2A463346F7F745F970A3A5
:10920000D3E90023F6F78AFF2A463346F7F73CF9FD
:109210006DA3D3E90023F6F781FFDDE90023F7F71B
:1092200033F96BA3D3E90023CDE900012846314689
:10923000F7F72AF968A3D3E90023F6F76FFF2A4668
:109240003346F7F721F966A3D3E90023F6F766FF63
:109250002A463346F7F718F90B460246DDE90001C6
:10926000F6F75CFFC4F5D724029B51341C43002C55
:1092700005460E4650DD00225E4B48465146F7F744
:1092800003F94A465346F7F7FFF802460B462846CD
:109290003146CDE90023F6F741FF3A464346F7F75A
:1092A000F3F80A460146CDE90212BBF1000F40F087
:1092B000A58013460246DDE90001F6F72DFF0246C0
:1092C0000B4648465146F6F727FF63E70022002386
:1092D00000204949F7F702FA07B0BDE8F08F2846A9
:1092E000002D00F0A280F7F765F82DA3D3E9002345
:1092F00006460F46F7F7C8F82BA3D3E90023044628
:109300000D4630463946F7F7BFF802460B46204671
:109310002946F6F703FF3DE70B460246514648460D
:10932000F6F7FAFE3A464346F7F7AEF84C4655468E
:10933000CDE90001BBF1000F3FF41AAFDDE90445B0
:1093400017A3D3E9002320462946F7F79DF816A373
:10935000D3E9002306460F4620462946F7F794F83E
:1093600002460B46DDE90001F6F7D6FE4A465346B3
:10937000F6F7D2FE02460B4630463946F6F7CCFEEB
:1093800007B0BDE8F08FF6F7C7FE00220023F7F71D
:10939000A5F9FFE6AFF30080555555555555D53F16
:1093A0000000E0FE422EE63F763C7935EF39EA3D9B
:1093B00044523EDF12F1C23FDE03CB966446C73F04
:1093C000599322942449D23F935555555555E53F1D
:1093D0009FC678D0099AC33FAF788E1DC571CC3F28
:1093E00004FA97999999D93F00005043FFFFEF7F06
:1093F0000000F03F0000E03F000050C3DDE90445FD
:109400000BA3D3E9002320462946F7F73DF80AA32A
:10941000D3E9002306460F4620462946F7F734F8DD
:10942000DDE90223F6F77AFE9AE700200021B1E693
:109430000000E0FE422EE63F763C7935EF39EA3D0A
:1094400003685A004CBF43F0004323F00043184424
:10945000704700BF2DE9F04739B301F1FF3990465D
:1094600006464F460025E91901EBD171491006EB7C
:10947000C10A5046FFF7E4FF89454FEAC1040ED008
:10948000404504F1080030440BD8FFF7D9FF0138FC
:10949000404501F10105E6D35046BDE8F08740455F
:1094A000FAD98D4201D04F1EDDE74FF0000A504639
:1094B000BDE8F087012806D0022802D028B9044868
:1094C000704704487047044870470020704700BF49
:1094D000999B0008A99B0008A19B000810B5234B8D
:1094E000044684B08A1E43B3104603A90192AFF329
:1094F0000080E8B10399019AFFF7ACFF0146B8B1CB
:10950000FFF79EFFA0644B68012B2BD0002B26DBBE
:10951000081DFFF795FF002323650368E064002B17
:1095200012DBFFF78DFF03460020236104B010BD5E
:1095300000230920236104B010BD0D4B0D491846CE
:10954000C91AC9100391D7E7C3F30360FFF7B2FF4D
:10955000031E0CBF09200020236104B010BD0123AD
:10956000081DD9E700230520DFE700BF0000000049
:10957000200C0108E00D0108036810B5DA07044665
:1095800006D49B0700F1500009D5F7F7A1FD236829
:10959000590709D51A070ED5DB0613D510BDF7F705
:1095A0008FFD23685907F5D404F1D800F7F798FD2B
:1095B00023681A07F0D404F5AC70F7F799FD236817
:1095C000DB06EBD404F5EC70BDE81040F7F7D4BD32
:1095D000036803B103441846704700BF704700BFDB
:1095E00070B504460D462046296CFFF777FF064606
:1095F00098B9D5F840C02A46214601202369C4F80D
:1096000014C098470828EED0072806D13046296CA8
:10961000FFF7E4FF281DF7F747FD00F0E7FD00BF67
:109620002DE9F04F4FF0000EADF5777D0DF10C0CEC
:109630000F1DD0F80C90D0F818A0064614460FCF96
:10964000ACE80F000FCFACE80F000FCFACE80F0075
:1096500097E80F0002AD8CE80F00C5F800E021E0AC
:109660002B6C4FF4F472294673617CA8F7F7C6FEA1
:109670003146584633697CAA98478A9F2146AF6491
:109680008346334601203246CDE9005AC847044696
:1096900028BB4FF4F47228467CA9F7F7AFFEBBF164
:1096A000080F19D13046296CFFF718FF0934074617
:1096B0005FFA84FB0028D3D0A96B3346A9643246F5
:1096C0000120CDE9005A4BF01001C84738B938469F
:1096D0000DF5777DBDE8F08FBBF1070F05D00927A9
:1096E00038460DF5777DBDE8F08F2046296CFFF7F1
:1096F00075FF03A8F7F7D8FCF0B54FF0FF37CB6B39
:10970000FBB00DF1040C0B6401F1040E0E4604468F
:10971000BEE80F00ACE80F00BEE80F00ACE80F0099
:10972000BEE80F00ACE80F009EE80F0000978CE841
:109730000F0006E06A462146236998470828074635
:1097400008D120461099FFF7C9FE0028F2D0092061
:109750007BB0F0BD6846FFF70FFF062FF7D131460B
:109760002046FFF73DFF00BF9446C160C0F818C017
:10977000D3F83CC000221946C3F840C0FFF750BFE1
:10978000436970B50B64C668AEB90A4603690446FE
:109790000D46014602209847072805D008280FD11A
:1097A00029462046FFF71CFF3046296CFFF716FFBD
:1097B000281DF7F779FC0122FFF732FF00F016FDB4
:1097C00000F014FDC26832B1D1F83CC00022C1F8EB
:1097D00040C0FFF725BFFFF78FBF00BF052915D891
:1097E000DFE801F00A031403030501207047436C0E
:1097F000009A00201360704743B90F2A06D800EB87
:1098000082004368009A002013607047022070476E
:10981000002300B585B00A4603A900911946FFF759
:10982000DDFF039805B000BD052915D8DFE801F07C
:109830000A031403030501207047009B1B6843645F
:109840000020704743B90F2A06D8009B00EB820026
:109850001B6843600020704702207047002300B55A
:1098600085B00DF10C0C0392CDF800C00A461946E4
:10987000FFF7DAFF05B000BD2DE9F0414FF0FF38EA
:10988000D36BADF5107D0DF15C0E136402F1040C89
:1098900007460E46BCE80F00AEE80F00BCE80F001C
:1098A000AEE80F00BCE80F00AEE80F009CE80F0028
:1098B000CDF858808EE80F0012E00C2116A86A46F9
:1098C000FFF7CCFF314616A8B84778B9694608209B
:1098D000049B16AA98470528804609D0092805D078
:1098E00068462699FFF7FAFD0028E6D04FF00908F0
:1098F00016A8FFF741FE40460DF5107DBDE8F0814A
:109900002DE9F04F1646CA6C0C4652F8041B89B07C
:1099100000F0030C0692E3B102250F0C8DF81D70C8
:109920000904FFB2059102EB8702216DBCF1020F21
:1099300008BFA26B11F001018DF81C500FD030460A
:1099400005A900F0CFFA00283AD1082009B0BDE8F7
:10995000F08F0902032505918DF81D30E5E7D2F857
:109960000080B8F1000FEAD0C2469946E046029165
:1099700000F008010191B9F1020F25D0B2F800A062
:109980005788151DA36C0F21304627F0010B9B440F
:10999000FFF73EFF834515D82AF001035B4483425D
:1099A00094BF002001207B0003F002030AF0010AAB
:1099B00043EA0A03012B0BD0022B4BD0002B41D0E2
:1099C0000920C3E70020EEE7576802F10805D9E750
:1099D000B8F1000F6CD1A8B16B689A1CF0D004F1FB
:1099E000580701332A68049700F0C880281DFFF744
:1099F000EFFDD20F014604AB2046AFF300800028F4
:109A000040F0938005F10802D2F800A0BAF1000FEF
:109A1000B1D1304605A900F065FA0028D0D1029BEB
:109A2000002B92D00F213046FFF7F2FE0E210246A6
:109A30003046FFF713FF0F213046564AFFF70EFF5F
:109A4000072083E7B8F1000F02D0002840F084809F
:109A50002A1DD9E72F6827F0004BB8F1000F0ED16F
:109A600028B1019B002B3BD0BBF1000F38D0002F59
:109A700000DA04350BF1010305EB8302C4E70D2185
:109A80003046FFF7C5FED4F820A08245EFD1A26A88
:109A90009542ECD100270422C4E90B72AA18C4F83D
:109AA00028B062632A68BA426EDB01230293E1E7C1
:109AB0000D213046FFF7ACFE276A8742A2D1A36A88
:109AC0009D429FD12846FFF7BBFC0F21024630463E
:109AD000FFF7C4FE224600213046FFF7BFFEAFE786
:109AE000CDF80C800027A04605F1040A58340CE09C
:109AF00050460494FFF76CFD0022014604AB40463B
:109B0000AFF300800AF1040A08BB5F4507F10107C3
:109B1000EED10D213046FFF77BFE0246049B062066
:109B2000C8E90823C8F8285010E701900D213046F5
:109B3000FFF76EFE019A049F022A08BFE7622062C7
:109B400008BF04F12C070620C4E90975FEE6444667
:109B50002F68DDF80C808AE72846FFF771FC043592
:109B60000746A5632046AFF3008000283FF428AFE6
:109B70003A460F213046FFF771FE61E70D2130466E
:109B8000FFF746FE2062DEE70BF1010205EB8200E3
:109B900099E700BF000000000023FFF7B1BE00BF3F
:109BA0000123FFF7ADBE00BF0223FFF7A9BE00BF30
:109BB0002DE9F0430446C5B0052908D8DFE801F0D7
:109BC000162E07749B0B1144102940F2BF8002200F
:109BD00045B0BDE8F083002AF9D1A36B53F8042BFC
:109BE0006264A363002045B0BDE8F083002BEED192
:109BF0004FF0010EA16B1FFA82FC251D0EFA03F037
:109C000010EA0C0F1CBF51F8040B45F82300013378
:109C1000102BF3D19304E5D4A163E3E7110C012BDE
:109C20000E4692B2CFD0052BD1D111442029CED8E7
:109C30000F2E40F2CA80002AD4D0216890464F07E8
:109C400040F12581204621F0040140F8D81B009303
:109C5000F7F74AFA02A80546F7F746FAD4F838E0CB
:109C6000009B102E31464FEA480238BF1021013ABE
:109C70001746704605EBC101843950F804CB013A10
:109C8000B2F1FF3F41F804CFF7D10EF1040E012BE2
:109C90000EEB870200F0F2800F2EA26340F2F980F3
:109CA0002846F7F71DFA9DE7032B90D193B21E4685
:109CB00003EB1243102B4FEA124888D823681F0782
:109CC00000F1B18022AD2846F7F734FA2F46A16B98
:109CD00073005EB105EBC802013B881A1558013BC1
:109CE00042F8045B5D1CF9D101EBC6013846A16363
:109CF000F7F7FEF976E7002B7FF469AF102A3FF6FD
:109D000066AF2368DD0600F1848022A80092F7F791
:109D10003DFA00234FF0010ED4F838C0009A22AF6C
:109D200022A80EFA03F1114203F1010304D06146A7
:109D300051F8045B8C460560042B00F10400F0D15F
:109D40003846C4F838C0F7F717FA4BE7102E3FF43F
:109D50003EAF2168C8070AD5204621F0030140F82C
:109D6000501BCDE90023F7F7AFF9DDE9002322A866
:109D7000CDE90023F7F7A8F9009AD4F838E022AF2C
:109D8000002A7DD04FF00008019B5200013A914615
:109D9000704607EBC601043950F804CB013A551C54
:109DA00041F804CFF8D10EF1040E0EEB890EB8F194
:109DB000000F40D1012B63D00F2EC4F838E03FF6DE
:109DC00011AF3846F7F784F90CE72068102900F046
:109DD000010C32D8BCF1000F0CD020F0010120465C
:109DE00041F0020140F8501BCDE90023F7F774F968
:109DF000DDE9002322A8CDE9002322AFF7F76CF9B3
:109E0000DDE90023002ADCD04FF00008D4F838E068
:109E1000BBE723F01003236004F5EC700092F7F722
:109E2000B5F9009A71E723F00803236004F5AC70DC
:109E3000F7F780F946E702AD13E7A1F11008BCF18E
:109E4000000F0BD020F00102204642F0020240F841
:109E5000502B0093F7F740F92068009B42071CD471
:109E6000009322A8F7F738F902A8F7F73DF9A26B9B
:109E7000009B964622AFC6F1100286E7964622AFB7
:109E80000EF104033846A363F7F71AF9AAE6009324
:109E9000E0E622A8F7F71CF902E720F004022046CA
:109EA00040F8D82B0093F7F71FF9DAE7027A034658
:109EB0007AB9427AA2B14FF0030C4168013A42727A
:109EC00008680A1D5A60020283F808C0000E1A6072
:109ED00070470068013A1A7202021A60000E704759
:109EE000B02070472DE9F04106460D464FF00008BE
:109EF00086B02846FFF7DAFFB028044600F0198143
:109F000007065BD500F0F003A02B1AD030D8802BC9
:109F100000F08180902B27D100F00D030D2B23D072
:109F2000002304AF194600F00F0200973046FFF7F8
:109F300055FC00230D22194630460097FFF774FCAC
:109F4000D7E7C3434FF47F6203F007031A410023AE
:109F5000010702F47F6248BF42F48042304619464E
:109F6000FFF726FE0028C4D0092006B0BDE8F08126
:109F7000B02B66D0C02B3CD1C62800F0CF80C728BC
:109F800000F0DC8000F0F803C02B00F0E980C82866
:109F900000F0F480C928E7D12846FFF787FF0121A8
:109FA000020300F00F00084402F47022024305236C
:109FB0003046FFF7FDFD00289BD0D5E78300DBB2DC
:109FC00004330393002304AF19460D223046009753
:109FD000FFF704FCDDE9033260064CBFD21A9A1881
:109FE0000023049230460D2219460097FFF71CFC0F
:109FF0007FE700F0F803D02BB6D100F00702013262
:10A0000005230121304642F40022FFF7D1FD00284C
:10A010003FF46FAFA8E72846FFF748FF40EA042067
:10A02000B0F5004FA0D00023040119463046A2B27B
:10A03000FFF7BEFD002897D1C4F3C03048EA0008FE
:10A0400057E7A0F1B103042B00F2BD80DFE803F075
:10A050005429160C0300002305AA009230460D2255
:10A060001946FFF7BBFB44E70023052130461A469B
:10A07000FFF79EFD00283FF43CAF75E72846FFF749
:10A0800015FF0123020300F00F0002F470221844B0
:10A09000024319463046FFF78BFD00283FF429AFF5
:10A0A00062E7002304AF0D22194630460097FFF700
:10A0B00095FB2846FFF7FAFE02064FF00203049CC8
:10A0C0000DD500F07F0098400444073328460393E1
:10A0D0000494FFF7EBFE10F0800F039BF1D1984042
:10A0E000002304F50174204404900D2230461946E3
:10A0F0000097FFF799FBFCE62846FFF7D7FE431EC3
:10A10000DBB20E2B3FF630AF002302461946304635
:10A11000FFF74EFD00283FF4ECAE25E72846FFF799
:10A12000C5FE020300F00F00032302F47022013089
:10A13000AEE7B8F1000F36D0002016E72846FFF74B
:10A14000B5FE431EDBB20E2B3FF60EAF02460023D8
:10A1500004213046FFF72CFD00283FF4CAAE03E788
:10A16000032300F00F0201323046194642F4202248
:10A17000FFF71EFD00283FF4BCAEF5E62846FFF7CA
:10A1800095FE012100F0F00200F00F0002F1100432
:10A1900042180523304642EA0432FFF709FD002841
:10A1A0003FF4A7AEE0E604AC434641460E223046FB
:10A1B0000094FFF713FB0F224346414630460094BC
:10A1C000FFF732FBB8E700F0FC03B42B3FF4CCAE52
:10A1D000012300F007021A443046194642F40022D7
:10A1E000FFF7E6FC00283FF484AEBDE6062008B584
:10A1F00001F0CCFE0120F7F713FE00BF002101F0B3
:10A2000093BB00BF024B0146186800F00BB800BFBB
:10A21000C0060020024B0146186802F043B800BF98
:10A22000C00600202DE9F04F01F10B02162A8146ED
:10A2300085B024D8102900F2A88000F0B5FA0225D4
:10A2400018211022B24C21444E68A1F10800864228
:10A2500000F058817268F168B46822F00302324459
:10A26000E1608C605168484641F00101516006F19F
:10A27000080400F09FFA204605B0BDE8F08F32F0E8
:10A28000070200F1828091427FD8019200F08CFA9F
:10A29000019AB2F5FC7FC0F0B081530A7DD0042B47
:10A2A00000F26881930903F1390503F138064FEA9A
:10A2B000C50E974CA644DEF80470AEF1080EBE45FC
:10A2C00007D10DE00028FB6880F20B819E4507D086
:10A2D0001F46796821F00301881A0F28F2DD354600
:10A2E00023698C498B4200F0E9805E6826F0030602
:10A2F000B11A0F2900F3858186480029C4E90400BA
:10A3000080F26E81B6F5007F676880F00F810121D1
:10A3100001EBD60C7609B14054F83C000F4304EB36
:10A32000CC0108399860D960676044F83C30C3605C
:10A330000126AB109E40BE4234D83E4206D125F0E5
:10A34000030576003E4205F10405FAD0284604EBE9
:10A35000C50804EBC507F9680FE0D1F804C00B4647
:10A360002CF0030EAEEB020CBCF10F0FC96800F32A
:10A370000E81BCF1000F80F223818F42EDD10130BC
:10A38000830707F10807E6D175E10C23C9F800300F
:10A390000024204605B0BDE8F08F4FF4007E402534
:10A3A0003F2686E7A768796821F0030393429A461F
:10A3B00003D3991A0F2900F38380574908200968AD
:10A3C000564E10311144CDE9011201F0C9FE02468A
:10A3D000019955424B1E1344834630681D40B0F12D
:10A3E000FF3F18BF29464846019101F05BFE411C22
:10A3F0000546DDE9011200F0218107EB0A0C8445D6
:10A4000000F21A81464B0BF1FF3E186808441860B1
:10A4100000F07B81D6F80080CDE90223B8F1FF3F40
:10A420001BBFA5EB0C0C60443560186015F00700ED
:10A43000019000F03C81C0F1080005446B1803EA6C
:10A440000E015844401A00EA0E0631464846984626
:10A4500001F028FE421CDDE9022300F08581401B4B
:10A46000304440F001011868A7423044A5601860EC
:10A47000696017D0BAF10F0F40F251810526AAF199
:10A480000C0121F0070C7968BCF10F0F01F00101FC
:10A4900041EA0C01796007EB0C01C1E9016600F2A9
:10A4A000568169681F4B1E68864238BF18601E4B74
:10A4B0001E68864200D218602F46C1E0676837E701
:10A4C000BD1841F0010142F001027A604846A560E2
:10A4D000696007F1080400F06DF9204605B0BDE899
:10A4E000F08FBA683944D3609A604A68484642F0AF
:10A4F00001024A6007F1080400F05CF9204605B04B
:10A50000BDE8F08FCE68B1427FF4A4AE0235E7E635
:10A510005800002060000020F016002050000020AD
:10A52000C0160020EC160020E8160020B6F5206FBB
:10A530004FEA56207AD3142800F2CD8000F15C0156
:10A54000C9005B3004EB010C6158ACF1080C8C4580
:10A5500003D1A5E089688C4504D0486820F0030049
:10A56000B042F7D8D1F80CC0C3E9021CCCF80830CF
:10A57000CB60DDE6142B70D9542B00F2B480130BA2
:10A5800003F16F0503F16E064FEAC50E91E69D18C3
:10A5900042F001025A609E68814AF1608E60C4E90F
:10A5A0000455C5E902224CF001026A60484643F8AE
:10A5B0000EC0019300F0FEF8019B03F10804E8E6E9
:10A5C0001C469E44DEF80430484643F00103CEF8B2
:10A5D000043054F8083FD9608B6000F0EBF8D8E6FF
:10A5E0001E447268484642F001027260019300F016
:10A5F000E1F8019B03F10804CBE6D50802F108015C
:10A6000020E69D1842F001025A60654AC4E90455EB
:10A61000C5E9022241F001026A604846995101935E
:10A6200000F0C8F8019B03F10804B2E6B00900F19C
:10A630003901C900383085E7A7425FD0A76879683B
:10A6400021F003009042A0EB020102D30F293FF753
:10A6500037AF484600F0AEF89AE603F15C0503F127
:10A660005B064FEAC50E24E6414651F808398B4295
:10A67000884640F0928015F0030F05F1FF35F3D1C5
:10A68000636823EA0603636076009E423FF68AAE63
:10A6900016B987E6760004301E42FBD0054655E623
:10A6A0000126801006FA00F0074367605CE705EBBF
:10A6B000010808EA0E01ABEB010606EA0E06314678
:10A6C000484601F0EFFC431C019B04BF40461E4678
:10A6D000DDE90223C3E6542824D8300B00F16F01D2
:10A6E000C9006E302EE7B3F5AA7F24D8D30B03F14F
:10A6F000780503F177064FEAC50EDAE5294B0BF131
:10A70000FF3E18680844186084E615EA0E0F7FF4CF
:10A7100081AEA568514441F001016960C2E60123A0
:10A720006B6096E7B0F5AA7F24D8F00B00F17801B2
:10A73000C900773006E740F254518B4224D8930C7D
:10A7400003F17D0503F17C064FEAC50EB1E54846ED
:10A7500007F10801CDE9012301F0A4FDA568029BE2
:10A7600069681868019A9DE601990026083908EB86
:10A77000010074E640F2545188420AD8B00C00F14E
:10A780007D01C9007C30DDE64FF47E7E7F257E268C
:10A790008FE54FF47E717E20D4E6636874E700BFD6
:10A7A00060000020C0160020014801F0D5BC00BFA9
:10A7B00034180020014801F0D1BC00BF341800203B
:10A7C0002DE9F04F9DB005460692184600220B4633
:10A7D00000210024CDE904121A4618941792174656
:10A7E00012F8018BB8F12D0F5ED801A151F828F0B5
:10A7F00051AA0008A9A80008A9A80008A9A800084B
:10A80000A9A80008A9A80008A9A80008A9A80008E4
:10A81000A9A80008DDA70008DDA70008DDA700083B
:10A82000DDA70008DDA70008A9A80008A9A800085E
:10A83000A9A80008A9A80008A9A80008A9A80008B4
:10A84000A9A80008A9A80008A9A80008A9A80008A4
:10A85000A9A80008A9A80008A9A80008A9A8000894
:10A86000A9A80008A9A80008A9A80008A9A8000884
:10A87000DDA70008A9A80008A9A80008A9A8000841
:10A88000A9A80008A9A80008A9A80008A9A8000864
:10A89000A9A80008A9A80008A9A800080BAD0008ED
:10A8A000A9A8000823AD000800220792B8F1300FD4
:10A8B00000F0948000220892B8F12F0F40F2188522
:10A8C0004FF0000AC14638465646544618E0082C58
:10A8D000C8BF0AEB8A0A00F10100C8BF08EB4A08AA
:10A8E0001790C8BFA8F1300A90F80080D8BFA2F135
:10A8F0003006B8F12F0FC14604F1010440F3B480D3
:10A9000006EB8602B8F1390F08EB4202DFDD0122C7
:10A910008B49099301F0C0FA099B002871D117995E
:10A920004A1C1792497810468C46002C40F0F7805C
:10A93000BCF1300F40F0DB85024600210132179256
:10A9400092F800C00846BCF1300F01F10101F5D0CA
:10A95000ACF13104082C00F2CC81811C0E91002155
:10A9600017460124ACF1300E0A91002106EB860651
:10A970000EEB460601321792107801F1010CA0F19E
:10A98000300EBEF1090F00F27B84BEF1000F00F023
:10A9900093870E98BCF1010F60440E9000F08A87F7
:10A9A00004F10108C44609E04FEA49060CF1010C24
:10A9B000ACEB04000138814240F388840CF1FF398C
:10A9C0000AEB8A00B9F1080F4FEA400006EB86094E
:10A9D000EADDBCF1100FD8BF8246E7E77A7802F0D3
:10A9E000DF02582A00F00D840137179797F800808E
:10A9F000B8F1300FF8D0B8F1000F0ED00122089254
:10AA00005AE7B8F1650F1AD0B8F1450F17D0002CEE
:10AA100032D1089A002A00F0CC804FF000084FF0A5
:10AA20000009069A0AB1179B1360079BBBB109F195
:10AA300000439946404649461DB0BDE8F08F002CC2
:10AA400040F082800A940E94089A002A40F0E7822F
:10AA50004FF000084FF00009069A02B1136040461B
:10AA600049461DB0BDE8F08F01223549099301F038
:10AA700013FA099B00284ED03046F5F78BFC092CC1
:10AA8000CDE9040140F3D0820023102CA046A8BFDA
:10AA90004FF01008CDE90E3309930A94294B03EBCC
:10AAA000C80353E91223F5F7EFFCCDE90401504642
:10AAB000F5F770FC02460B46DDE90401F5F72EFBC5
:10AAC0000F2CCDE9040100F3AF80099B002B00F0AF
:10AAD000AB82099B40F39182162B40F38684099A3E
:10AAE000C4F125039342C0F29F80DDE90423154D94
:10AAF000C4F10F0405EBC401D1E90001F5F7C4FC72
:10AB0000099B1C1B05EBC405D5E90023F5F7BCFC2C
:10AB10008046894685E717994A1C17924978A1F122
:10AB20003000092800F2DA800E90002800F0C78675
:10AB30000120DDF838E021460A940E90C8E300BFFA
:10AB4000B4040108F809010800218E46179A0A94F6
:10AB50000E91531C179392F80190B9F12B0F00F04E
:10AB6000BA80B9F12D0F00F0AF804FF00008A9F1C5
:10AB7000300CBCF1090F38D8B9F1300F179B40F0F9
:10AB8000D5800133179393F80090B9F1300FF8D0C6
:10AB9000A9F13100082840F2C78000230F9354BB6D
:10ABA000089B0B437FF439AFBEF1000F40F04F8498
:10ABB0001346B9F1690F00F02C8400F32484B9F135
:10ABC000490F00F02684B9F14E0F7FF441AF7A4966
:10ABD00017A8089301F0C0FF002840F098844FF0B8
:10ABE00000084FF00009089B36E7002317920F93E7
:10ABF000D5E700230F930A9A3046002A14BF134664
:10AC00002346102C0A93DDE90E23A3EB0203A04692
:10AC10000993A8BF4FF01008F5F7BCFB092CCDE94C
:10AC200004013FF73BAF50E7099AA4EB0803134434
:10AC3000002B40F3A28013F00F0123F00F0940F026
:10AC40003583B9F59A7F00F3F383B9F1100F4FEA1A
:10AC5000291800F08A85DDE904014FF0000ADFF8C9
:10AC60005C9118F0010F03D0D9E90023F5F70CFC33
:10AC70004FEA6808B8F1010F0AF1010A09F1080961
:10AC8000EFD1CDE904014D4B03EBCA01059BD1E99E
:10AC90000001A3F154730593DDE90423F5F7F4FBF8
:10ACA000474BDFF820C10B4063450A46CDE904015C
:10ACB00000F2BE8344498B4240F2D0844FF0FF3211
:10ACC000424BCDE904235AE04FF00108931C17933F
:10ACD00092F802904BE74FF00008F7E701F0DF0130
:10ACE00045297FF4C9AE00214FF0010E0A940E9160
:10ACF0002FE70CF0DF0CBCF1450F7FF48EAE002483
:10AD00004FF0010E0A940E9423E7002207927A1C5A
:10AD1000179297F80180B8F1000F3FF499AE1746EB
:10AD2000C4E501220792F2E7A9F1300C581C1790F4
:10AD300093F80190B9F12F0F09DCF1E2013017907F
:10AD400090F80090ABF1300CB9F12F0F06DD0CEB51
:10AD50008C0BB9F1390F09EB4B0BEFDDC01A08284A
:10AD600040F3DE8244F61F630F93B8F1000F3FF407
:10AD700016AF0F9B5B420F9311E740F0D98200237F
:10AD800008932346394628460A9A009602F090F81E
:10AD90001390002800F04C83DDE90E329B1A099ACB
:10ADA0004FF0000B002AA8BF00230E9322EAE273A3
:10ADB0004FF000091293DFE0C4040108D009010834
:10ADC0000000F07F0000A07C0000907CFFFFEF7F80
:10ADD000A149D21A8B42A4EB0204C0F2A98101233B
:10ADE00003FA02F800231093089B26443C44A74230
:10ADF0001E443B46A8BF2346B342A8BF3346002BA0
:10AE000002DDE41AF61AFF1A0E9B002B00F33281C2
:10AE1000002C00F34A81099B002B00F37F81002E58
:10AE200000F36E81002F08DD59463A46284602F0AD
:10AE300049FA8346002800F06C815246284618994A
:10AE400002F0D4FA8146002800F063810023C26832
:10AE50005946C3600F9202F0A9FA0028C0F240845C
:10AE6000059C00F094835946484602F05FFC00229E
:10AE70004FF0804306460F46F5F782FD002800F0AC
:10AE8000D6800F9B002B40F06081049B002B40F08C
:10AE9000E781C4F31303002B40F084810022304685
:10AEA00039466E4BF5F762FD002840F03C830022E6
:10AEB0006B4B30463946F5F7E7FA0B460246CDE9CB
:10AEC000102301F100430C900D93664A664B22401B
:10AED0009A429046DDE90C6700F03E81089B1BB367
:10AEE000B2F1D46F20D85AA3D3E90023DDE91001D1
:10AEF000F5F746FDA0B1DDE91001F6F7F5FA0128F6
:10AF000038BF0120F5F746FA0F9BCDE91001002B61
:10AF100040F0A48201F1004314901593DDE9146719
:10AF200007F1D663A3EB0807DDE90A0102F01EFB77
:10AF300002460B4630463946F5F7A6FADDE90A2304
:10AF4000F5F7ECF80C46CDE90401089B23B9454B15
:10AF50002340984500F02F812846189901F04CFFB6
:10AF60005146284601F048FF5946284601F044FF63
:10AF70004946284601F040FF139C2846616801F0CD
:10AF800015FF8246002800F0C480226904F10C01FC
:10AF9000023292000C30F6F731FA1AAB019319AB7A
:10AFA00000932846DDE904341A46CDE90A342346E5
:10AFB00002F060FB1890002800F0808001212846F4
:10AFC00002F032F88346002800F0A380199B002B82
:10AFD000C0F292800E9A129E9F18089A1A9C9B1A91
:10AFE0002344224A013B9342C4F13604FFF6F0AEFB
:10AFF00000234FF001081093F6E61633FFF614AE67
:10B00000DDE90E32DDE904019A1A194B03EBC203A4
:10B01000D3E90023F5F762FB8046894601E5A646A1
:10B020000024179A214694E5DDE90489F9E40C4BE4
:10B03000304639460022F5F727FA0F9BCDE910017B
:10B04000002B7DD101F100430C900D933DE700BF33
:10B050000000C0FFFFFFDF41E3FBFFFF0000F03F08
:10B060000000E03F0000F07F0000E07F02FCFFFFF7
:10B07000F809010859461A46284602F0C7F8189AF6
:10B080008346002800F06C830146284601F0FAFF51
:10B090001899002800F060830F90284601F0ACFE5C
:10B0A0000F9B002C18937FF7B6AE224628461899BE
:10B0B00002F008F9189000287FF4ADAE564601461C
:10B0C0005C46CA4622234FF00008DFF8C4922B608A
:10B0D000284601F091FE3146284601F08DFE2146BA
:10B0E000284601F089FE2846139901F085FE514655
:10B0F000284601F081FE94E4129A0E9FD61A6CE75E
:10B1000051463246284602F0DDF8824600287FF498
:10B1100089AE56465C46CA461899D3E7514628463A
:10B12000129A02F073F8824600287FF478AEF0E7B6
:10B130000121984A8846D21A01FA02F3109353E685
:10B14000DDE91023CDE90C23BFE60022924BCDE9C7
:10B150000C23CDE91023B8E6A4F154730593DDE97F
:10B1600004673046394602F001FADDE90C23F5F7B1
:10B170008BF932463B46F4F7D1FF854B874E0B40A7
:10B18000B342CDE9040140F28D80DDE90A01844B30
:10B19000994201D10130BCD04FF0FF33804CCDE952
:10B1A0000434D9E600227F4BCDE90C2300227A4BF0
:10B1B000CDE9102389E6DDE910673046394604F011
:10B1C000A7FCF5F733F902460B4630463946F4F74B
:10B1D000A3FF0F9B049AC4F31304134323430646AF
:10B1E0000F462BD164A3D3E90023F5F7BFFB00285A
:10B1F0003FF4B2AE5C465646CA46DDE9048918996A
:10B2000066E7079B0290019318AB00932846664AB5
:10B2100019AB17A901F0A6F910F00F0604463FF488
:10B22000FCAB062E40F01F81002301374FF00008D1
:10B230004FF0000907931797FFF7F3BB50A3D3E92B
:10B240000023F5F793FB0028D4D14FA3D3E90023C3
:10B2500030463946F5F7A8FB00283FF47DAEC9E734
:10B26000049B012B9ED1002C9CD156465C46CA46BD
:10B2700022234FF000084FF0000918992B6027E7B0
:10B2800000F0DF00452800F0DB80002C7FF4B1AC3B
:10B29000089A4FF0000811434FF000093FF4DCAB6F
:10B2A000FFF7BFBB01F1547405944EE63F48DDE95A
:10B2B000042300EBC101D1E90001F5F7E5F8CDE980
:10B2C0000401B9F1000F3FF45AADBAE40139414429
:10B2D000082901F101047FF748AB102CD8BF0AEB15
:10B2E0008A0A4FF00001D8BF0EEB4A0AFFF742BBB3
:10B2F000012238462E49099300F0CEFD099B48B93A
:10B3000082461798564602460130179092F801C0BF
:10B31000FFF70EBB089A002A3FF49AABFFF77DBBFC
:10B3200044F61F639C45A8BF9C46CDF83CC01CE575
:10B330005B424FEA231813F00F030ED0DDE904013E
:10B340001A4A02EBC303D3E90023F5F7C7F9CDE9A5
:10B350000401B8F1000F3FF412ADB8F11F0F00F374
:10B360007981DDE9040118F0100318BF6A23DFF8C2
:10B370004490089324E000BF9535A094FFFFCF3F91
:10B380009535A094FFFFDF3F35E5AF350000E03F86
:10B390000000F07FE2FBFFFF0000F03FFFFF9F7C1B
:10B3A000FFFFEF7F0000F0BF80080108F8090108E7
:10B3B000B4040108980801084FEA680809F108096F
:10B3C00018F0010F06D14FEA680809F1080918F0D2
:10B3D000010FF1D0D9E90023F5F756F85FEA6808C4
:10B3E00000F0AF8009F10809F1E70998A949DDE902
:10B3F000042301EBC001D1E90001F5F745F88046CF
:10B400008946FFF70EBBB9F16E0F3FF4E0ABFFF7D3
:10B410001FBBA14917A8049301F09EFB002840F030
:10B42000A8804FF000084FF00009049BFFF714BB01
:10B4300022232B604FF00008DFF86092FFF7F1BA8B
:10B44000002C00F04B824FF0010EFFF782BB4FF053
:10B4500000084FF000091346FFF7FEBADDE910348B
:10B46000CDE914345AE5189A3AB135211AA802F0F8
:10B470008BF92846189901F0BFFC013E042E00F21A
:10B480003E82DFE806F0032E2B2003001A9B049374
:10B49000199B03F233421B9B23F4801343EA0253AC
:10B4A0000593E20502D543F0004305937B4ADDE9AD
:10B4B00004891A40002A7FF4B4AA00F01BFE22235C
:10B4C0000360FFF7AEBA4FF0FF326FF00043CDE9F3
:10B4D0000423E3057FF5A8AD059BE4E76F4B0593D7
:10B4E000F7E7DDE91A121B9BCDE90412D9E7ACF1AD
:10B4F0003102082A20D92CF0200CBCF1450F7FF432
:10B5000009AF002201240A920E92FFF79DBA179B01
:10B510001B78282B00F0D0806148FDF729FD80467C
:10B520008946FFF77EBA00225E4BCDE90C2300224C
:10B530005D4BCDE91023C8E4012102460E91FFF7CF
:10B540000EBA089BCDE90401002B7CD0C1F30A524E
:10B55000C2F16B03002B76DD1F2B6CDD342BCDF895
:10B56000108040F387814FF05C7305936A23089342
:10B5700007E4179B4D49013B17A8179301F0ECFA1C
:10B5800000287FF457AF179B0133179352E72746E4
:10B590000F9A5646C646CA46DDE90A895C46DDF87A
:10B5A00040C04349C7F31303002A5CD08B4200F02C
:10B5B0001681BCF1000F00F00C811CEA070F36D099
:10B5C0004046494601F0D2FF089B002B00F0148151
:10B5D000C7F30A57C7F16B07002F40F374813F058B
:10B5E00007F17F53002203F54013F4F74DFF0246A5
:10B5F0000B4640464946F4F791FD80468946404651
:10B6000049462C4B0022F4F73FFF244B80460B4069
:10B610008946002B7FF4F3AD22232B60EFE5BCF1CC
:10B62000000F00F0AC801CEA070F40F0AC80089BD4
:10B63000002BE4D1E3E54FF0FF3202FA03F30340BD
:10B640000493DDE9040100220023F5F785F90028C1
:10B650003FF497AB22232B60FFF7DFB902F154735D
:10B660000593FFF78CBB002B40F08480DDE90412CA
:10B670000B460029D3D1089B002B00F0EB80DFF8AC
:10B680001CB007EA0B0BBBF1D66F58D8BBF15C7F3F
:10B69000B5D8EDE5F8090108B80401080000F07F0D
:10B6A0002C0401080000E0BF0000E03FBC040108DA
:10B6B000FFFF0F0000005039974917A81AAA01F0A0
:10B6C0006FFA05287FF428AF1B9B43F0FF4343F438
:10B6D000E00305931A9B0493DDE90489FFF7A1B900
:10B6E0000F9BDDE90401034356465C46CA46DDE98B
:10B6F0000A899CD1C1F313030F46002B97D121F087
:10B70000004B4FEA1B5B4FEA0B5BBBF1D66F8ED948
:10B71000DAF814201AB9DAF81020012A87DD514628
:10B720000122284601F0CEFD2146824601F03EFE70
:10B7300000287FF77CAF089B002B00F08B80ABF5D7
:10B7400080136FEA13536FEA035305934FF0FF33EF
:10B750000493DDE9048952E756465C46CA46B1E4E3
:10B76000564611465C46CA46ACE44FF0000A6B4BA5
:10B77000FFF78ABABCF1000F7FF455AF049B1EEAB5
:10B78000030F3FF454AF4046494601F0EFFE089BDB
:10B79000002B4FD0C7F30A57C7F16B07002F40F3B8
:10B7A0009A803F0507F17F53002203F54013F4F719
:10B7B0006BFE02460B4640464946F4F7ADFC0022BC
:10B7C000002380468946F5F7C7F800283FF417AFF5
:10B7D0004EE5049B1EEA030F3FF429AFF0E6089BF9
:10B7E00004999BB9481C18D0BCF1000F6ED01CEA1C
:10B7F000070F3FF404ADE3E602460B4640464946D8
:10B80000F4F78CFC89468046189961E4444B3B4030
:10B81000B3F1D46F38D94A1C3FD1424B9F4263D019
:10B820003F4B3B4003F58013059300230493DDE970
:10B830000489FCE602460B4640464946F4F76CFC98
:10B840000022002380468946F5F786F800283FF459
:10B85000D6AC0DE5324B18993B40A3F580136FEA47
:10B8600013536FEA035305934FF0FF330493DDE95D
:10B8700004892DE44FF0FF33C2F14B0293400B409B
:10B880000593DDE90401DEE64FF0FF301B0DC3F147
:10B890006B0300FA03F39942BFD0BCF1000F04D050
:10B8A0001CEA070F3FF4ABAE8AE611EA0E0F3FF435
:10B8B000A6AE85E621460BE56146FFF75BB80121A0
:10B8C0000A94FFF757B802460B4692E611EA0E0FAC
:10B8D0003FF495AC74E602460B466CE700297FF412
:10B8E000B2AD0124FFF7B0B8013199D122234FF056
:10B8F00000081899DFF828902B60FFF7E9BBE105F5
:10B9000005D54FF000430593DDE90489D5E54FF0F7
:10B9100000084FF00009D0E56C080108D0090108C3
:10B920000000F07FFFFFEF7F84460A460249034B89
:10B9300008686146FEF744BFC00600206C04002082
:10B94000024A0349034800F0C9B800BF6004002060
:10B9500039D80008C80600200C4B416810B5994240
:10B96000044601D001F068FFA168094B994202D05A
:10B97000204601F061FFE168064B994204D0204661
:10B98000BDE8104001F058BF10BD00BFF416002004
:10B990005C170020C41700202DE9F843002504237C
:10B9A000304C314A3149DFF8C890DFF8C880324F57
:10B9B000324E116004F15C0029460822C4E90335C7
:10B9C000C4E90055C4E90555A560656600F020FA94
:10B9D00004F15800C4E90749C4E90987E66200F0A8
:10B9E000B7FB274B2946082204F1C4006367C4E96A
:10B9F0001A55C4E91E552567C4F8CC50C4F88050C8
:10BA000000F006FA04F1680304F1C000C4F88430C1
:10BA1000C4E92298C4E9247600F09AFB194B294620
:10BA200004F596700822C4F8DC30C4E93455C4E942
:10BA30003855C4F8D850C4F83451C4F8E85000F070
:10BA4000E7F904F1D003C4E93D87C4F8F09004F5A8
:10BA50009470C4F8FC60C4F8EC30BDE8F84300F022
:10BA600077BB00BFF41600202C18002041B9000855
:10BA700081BD0008A5BD0008E5BD000809BE00089D
:10BA8000090001001200020010B504460A4800F047
:10BA900063FB636B23B9094B094A1B68626323B1DB
:10BAA000BDE81040044800F059BBFFF775FFBDE842
:10BAB0001040014800F052BB3C1800202C18002018
:10BAC00059B90008014800F047BB00BF3C180020EE
:10BAD000014800F043BB00BF3C1800202DE9F843AB
:10BAE00080460F464FF0000916467568013D11D497
:10BAF000B468A389012B08D9B4F90E30013304D0FE
:10BB000021464046B84749EA0009013D6B1C04F153
:10BB10006804EED13668002EE7D14846BDE8F883C8
:10BB200030B5054689B008460C4600F027FB0123D6
:10BB300002222A49CDE90440079318446B6B069111
:10BB400004A9CDE90112AC680390002B3ED0636ECE
:10BB5000B4F90C20D8071CD5910423D442F4005228
:10BB600023F40053A2816366990433D42846214606
:10BB700001AA01F08BFF002814BF4FF0FF350A2502
:10BB8000636EDA0702D4A3899B0510D5284609B055
:10BB900030BD900511D59104E0D59B04E6D54FF05A
:10BBA000FF35F0E79B04E1D54FF0FF35EEE7A06DE0
:10BBB00000F0D4FA284609B030BDA06D00F0CCFAF0
:10BBC000B4F90C20636E9004CED4C7E72846FFF783
:10BBD0005BFFBCE74FF0FF35D3E700BFC8040108A7
:10BBE000024B01461868FFF79BBF00BFC00600204C
:10BBF0002DE9F041614D04462F6890460E461D46E2
:10BC000084B01FB17B6B002B00F0A180B8F1020F54
:10BC100006D0B8F1010F00F29E80002DC0F29B808B
:10BC2000636EDB073ED52146384601F0F7FE216BF7
:10BC300041B104F14003994202D0384600F032FB92
:10BC4000002323630022B4F90C30A261190662605C
:10BC500056D423F44A6323F00303B8F1020FA381FF
:10BC600055D003AB2146384602AA02F0F3F8A38967
:10BC70001843A081EDB1EEB17B6B43B3029AB4F9E6
:10BC80000C30AA421CBF43F40063A381B8F1010F3A
:10BC900021D01807C4E90465266025D5D9074BD4FF
:10BCA000A56023E0A3899805BDD4A06D00F054FAE7
:10BCB000B9E7029D2846FEF7A5FA064600284DD0B2
:10BCC000A38943F08003A3817B6B002BD6D1384638
:10BCD000FFF7DAFED2E7C4E9046543F0010226600B
:10BCE0001E07A28129D413460022A260626ED207E9
:10BCF00001D49B0527D50025284604B0BDE8F08176
:10BD00003846216900F0CEFAB4F90C30A1E70025DD
:10BD10000020012104F1430222602261626E43F09F
:10BD20000206D207A681A0606161E5D49F05E3D435
:10BD3000A06D00F013FADFE71A4600216D421346AA
:10BD4000A561A160D2E7A06D00F008FAD3E73846FC
:10BD5000FFF79AFE5AE74FF0FF35CDE7029BAB4263
:10BD600007D018460193FEF74DFA019D06460028BC
:10BD7000A6D14FF0FF35B4F90C30C9E7C00600205A
:10BD800010B50C46B1F90E1000F060F9002803DB85
:10BD9000236D0344236510BDA38923F48053A3813D
:10BDA00010BD00BF2DE9F0411F46B1F90C30164619
:10BDB000DA050C4605460BD423F48051A1813B469D
:10BDC00032462846B4F90E10BDE8F04100F07CB9C7
:10BDD00002230022B1F90E1000F022F9B4F90C3060
:10BDE000EAE700BF10B50C46B1F90E1000F018F9E3
:10BDF000B4F90C30421C0EBF23F4805343F480533B
:10BE00002065A38110BD00BFB1F90E1000F0F6B897
:10BE100030B584078646034606D0A2B303F8011B5B
:10BE2000980702F1FF32F8D1032A26D95FFA81FC84
:10BE30000CEB0C2C0F2A0CEB0C402AD922F00F0C27
:10BE40009C44C3E90000C3E9020010336345F8D104
:10BE500012F00C0F02F00F0517D01A464FEA950C9E
:10BE60000CF1FF3403EB8C0C42F8040B6245FBD160
:10BE7000043305F0030203EB840322B11A4403F8F0
:10BE8000011B9A42FBD1704630BD2A46002AF5D1EB
:10BE9000F9E71546E1E700BF8AB340EA01039B07D3
:10BEA00030B504468E4618D1032A0BD815E0043A63
:10BEB00023D01CF0803F20D1032A01F1040E00F1B1
:10BEC000040422D92368DEF80050A3F10131AB420B
:10BED00021EA030C20467146E9D003780C78A3428E
:10BEE0000FD1013A024406E06BB110F8013F11F89E
:10BEF000014FA34205D19042F6D1002030BD10463B
:10BF00007047181B30BD184630BD20467146E4E727
:10BF1000024A01231268503200F002B8C006002025
:10BF200030B5154620B386464C1E7246A44612F81C
:10BF3000010B01E0884214D01CF8011F0029F9D13F
:10BF4000E0B11046A44610F8011B00E063B11CF8F4
:10BF5000013F9942FAD149B100231370286070461D
:10BF600030BD73B19646E0E70246EAE70846F5E7DA
:10BF7000D2F800E0BEF1000FD6D100E0286000202A
:10BF800030BD2A6070468EF80030E9E710B5174BD7
:10BF90001F281C6882B023D8D4F8F811024671B16A
:10BFA00051F820305BB1012B06D0B3F1FF3F12D026
:10BFB000002441F820409847002002B010BD2046E0
:10BFC000019200F06DF801462046019A02B0BDE8EA
:10BFD000104000F051B816230120236002B010BDBC
:10BFE00016234FF0FF302360E7E700BFC0060020B4
:10BFF000014B93F8100270476C04002038B5002301
:10C00000064C054608462360FBF780FE431C00D023
:10C0100038BD2368002BFBD02B6038BD30180020C2
:10C020008C461146002238B5074C05462260604612
:10C030001A46FBF779FE431C00D038BD2368002B5D
:10C04000FBD02B6038BD00BF301800208C46114655
:10C05000002238B5074C0546226060461A46FBF7B9
:10C060006DFE431C00D038BD2368002BFBD02B6035
:10C0700038BD00BF3018002038B50023074C0546F6
:10C08000084611462360F5F7C1FE431C00D038BDB9
:10C090002368002BFBD02B6038BD00BF3018002078
:10C0A000F5F7B2BE38B50023064C054608462360B6
:10C0B000F5F7BCFE431C00D038BD2368002BFBD035
:10C0C0002B6038BD301800208C461146002238B550
:10C0D000074C0546226060461A46FBF703FE431CE8
:10C0E00000D038BD2368002BFBD02B6038BD00BFCB
:10C0F00030180020014B1868704700BFC0060020B0
:10C1000070B50F4B0F4E9E4209D01D460024F61A03
:10C11000B61055F8043B01349847A642F9D803F00D
:10C120002DFD094E094B9E4209D01D460024F61AEA
:10C13000B61055F8043B01349847A642F9D870BDB3
:10C14000E00D0108E00D0108EC0D0108E00D01080B
:10C15000704700BF704700BF704700BF704700BF07
:10C16000082802D14FF48050704708B5FFF7C2FF8E
:10C17000162203464FF0FF301A6008BD20F003017D
:10C1800010F00300C0F1000051F8043B00F1040C72
:10C190004FEACC0C6FF000021CBF22FA0CF21343E2
:10C1A0004FF0010C4CEA0C2C4CEA0C4CA3EB0C02AB
:10C1B00022EA030212EACC1204BF51F8043B043015
:10C1C000F4D0C2F1000102EA0102B2FA82F2C2F135
:10C1D0001F0200EBD2007047024B13B1024800F07F
:10C1E00005B870470000000075E100080023014613
:10C1F0001A46184602F012B8F8B5064608200C4652
:10C20000FFF7AEFF07463046FEF7CEFA224A9368A4
:10C210005D6825F00305A5F111031C1B3C44B4FB2C
:10C22000F7F4013C07FB04F4A74208DC0021304688
:10C23000FFF738FF184A93682B44984204D03046E1
:10C24000FEF7B8FA0020F8BD30466142FFF72AFF3A
:10C250000130114A0DD0114993682D1B45F001059D
:10C260005D600B6830461B1B0B60FEF7A3FA0120D4
:10C27000F8BD00213046FFF715FF074A9268831A80
:10C280000F2BDCDD43F001035360054B03491B68B2
:10C29000C01A0860D3E700BF58000020C016002075
:10C2A00050000020002960D02DE9F0410C460746DF
:10C2B000FEF77AFA54F804EC7949A4F1080C2EF050
:10C2C00001030CEB03028D685068954220F00300D7
:10C2D00000F08780506015186D6805F001060EF0BB
:10C2E00001058DBB54F8084C01F1080EACEB040CB1
:10C2F0002344DCF80840744566D0DCF80C50E56057
:10C30000AC60002E00F08A8043F00100CCF80400FD
:10C310001360B3F5007F32D25809DA080123834055
:10C320004868013203434B6051F8320001EBC2030D
:10C33000083BCCE9020341F832C0C0F80CC03846D3
:10C34000BDE8F041FEF736BA86B9034401F1080EA4
:10C35000906843F00104704579D0D268C260906063
:10C36000CCF804404CF80330D3E770474EF001029C
:10C37000B3F5007F44F8042C4CF80330CCD3B3F56C
:10C38000206F4FEA53224BD29A0902F1390002F191
:10C390003804C20088188A580838904203D15FE0F8
:10C3A0009268904204D0516821F003019942F7D875
:10C3B000D068CCE90220C0F808C03846BDE8F0419A
:10C3C000C2F80CC0FEF7F6B9AEBB1844D2E902239E
:10C3D000D3609A6040F00103CCF804304CF80000C0
:10C3E000ADE718440EF0010343B954F8083CACEB38
:10C3F000030C1844DCE90223D3609A6040F0010387
:10C40000CCF80430274BC1F808C01B68834296D88B
:10C41000254B38461968FFF7EFFE90E7034497E78E
:10C42000142A0ED9542A22D81A0B02F16F0002F1F5
:10C430006E04C200AEE743F00101CCF804101360B3
:10C440007DE702F15C0002F15B04C200A2E7C1E9F2
:10C4500004CCCCE902EECCF804404CF803306EE793
:10C460000123A410A3404C6823434B60A1E7B2F51D
:10C47000AA7F06D8DA0B02F1780002F17704C20035
:10C4800088E740F25450824206D89A0C02F17D00AF
:10C4900002F17C04C2007DE74FF47E727E2479E7CE
:10C4A0005800002054000020F01600202DE9F04133
:10C4B000D0F810E0BEEB611F05DC00230361002310
:10C4C0004361BDE8F08100F114044E1111F01F0C1E
:10C4D00004EB8E0504EB860327D054F826100433B2
:10C4E0009D4221FA0CF137D92746CCF120081A6871
:10C4F00002FA08F20A4347F8042B53F8041B9D4242
:10C5000021FA0CF1F3D8AEEB060E4FEA8E0EAEF127
:10C51000050E4FEA9E02231D2EF0030E43F8221053
:10C520009E4489B10EF1040E0EE09D4288BF00F1D9
:10C530001002C2D953F8041B9D4242F8041FF9D8D7
:10C54000AEEB060E04EB8E0EAEEB04039B10A6457D
:10C550000361B4D0BDE8F08141610029ADD0A646A9
:10C56000E0E700BF2DE9F04F8B46096885B00293E4
:10C570008B789246302B009040F01C82CA1C1378B6
:10C580001446302B02F10102F9D0A4EB0108A8F106
:10C590000208B04EF35C002B00F0EE8000232278FE
:10C5A0001D46B25C002A00F06E81274617F8012F65
:10C5B000B25C002AFAD101223846A7490193FFF75D
:10C5C0006BFC019B8146002850D03A78002D00F08A
:10C5D000C781A5EB07094FEA890902F0DF02502A5B
:10C5E0003D4650D0CBF80070002B74D12A1B013A85
:10C5F000072A194604DD5210072A01F10101FADC6D
:10C60000009800F0D3FB8346002800F09A8200F1E6
:10C610001407AC42019780F00182CDF80C904FF0E6
:10C620000008A14600240CE0202C19D02146043437
:10C630002A78B25C02F00F028A4048EA02084D45AF
:10C6400052D015F8012D2E2AEED14D45ECD3012202
:10C6500028468149FFF720FC0028F0D0202CE5D1A6
:10C66000002147F8048B04248846E1E7002D00F000
:10C6700094813A78A5EB070902F0DF02502A3D4683
:10C680004FEA8909AED16A782B2A00F067812D2AFA
:10C6900040F0E4800120AA78AF1CB15C4A1E182A41
:10C6A00000F2E4807A781039B25C013752B90BE0BD
:10C6B00001EB810102EB4102A2F1100117F8012FF9
:10C6C000B25C0AB1192AF3DD00B149428944CBF8C2
:10C6D0000070002B8AD0B8F1000F0CBF0624002494
:10C6E000204605B0BDE8F08FDDF80C90019B47F8BF
:10C6F000048BFF1ABB104046CBF8103000F02CFC26
:10C70000DAF80050C0EBC700A84255DCC0F22A811D
:10C71000DAF808304B45C0F21881DAF80430994550
:10C7200080F2A680A3EB0909A94570DA09F1FF346C
:10C73000002C40F08681264601230199621151F8B0
:10C74000222004F01F04A340134249465846A5EB9B
:10C75000090500F08581FFF7A9FEDAF80C40DAF848
:10C760000490022C00F03981032C00F09381012CFD
:10C7700000F08C8112247CE0012220463649FFF72C
:10C780008BFB0346002840F080806278651CB15C1A
:10C7900000297CD0302A2C4640F07E8114F8013FDD
:10C7A000302BFBD0F25C4FF00108B2FA82F35B0948
:10C7B000002A7FF4FAAE66E0441B2146584601F099
:10C7C0000BF8064678B10126621E0199531151F803
:10C7D000231002F01F0306FA03F30B4203D0B24208
:10C7E00000F33581022621465846FFF75FFEDAF84E
:10C7F0000830A1444B45C0F2A880DAF804304B451C
:10C8000040F3DC80A3EB09094D4500F30B81DAF816
:10C810000C20022A43D0032A00F02C81012A41D1A6
:10C82000A9453FD1B9F1010F08D0584609F1FF31B0
:10C8300000F0D2FF002835D0DAF804300122029946
:10C8400062240B60019BCBF810201A600E9BC3F88A
:10C8500000B045E7C0080108B4040108B15C00203D
:10C860004A1E182A05F101077FF61CAF2F46B9E6CC
:10C87000012420460E9BC3F800B0029BC3F8009031
:10C8800005B0BDE8F08F274695E62546227802F0F0
:10C89000DF02502A00F0EA80CBF800501BE70F9A25
:10C8A000002ACBD050240098594600F0A5FA002366
:10C8B00020460E9A136005B0BDE8F08FDBF8083013
:10C8C0009E4280F2EC800122022C06EB02000BEB70
:10C8D0008606CBF81000DDF80480726100F0CF808E
:10C8E000002840F30281DBF8143008EB80000BF1E4
:10C8F000180188424FEA530340F2178144460A6800
:10C9000043EAC27344F8043B51F8043B88424FEABF
:10C910005303F4D8A0EB0B02193A08F10401900874
:10C9200022F0030241F820300A4403B10432A2EBA2
:10C9300008039B104245CBF8103000F0D980DAF89C
:10C94000083009F101094B4566DA5946009800F0B4
:10C9500053FA00230E9AA3241360C1E600209AE63E
:10C96000A9463AE62C1A59462246009800F0AAFC3D
:10C97000DAF80830A9EB040999458346E5DCDAF8D2
:10C9800004309945BFF674AFA3EB090900F1140216
:10C99000A9450192BFF63BAFC8E67A787D1CB15C31
:10C9A0002F4600293FF419AE17F8012FB15C00297A
:10C9B000FAD10EE64FF000088C1CEAE50124002EA7
:10C9C0003FF457AFDAF80C30022B06D0032B08D017
:10C9D000012B2ED044F010044BE70F9BC3F1010351
:10C9E0000F930F9B002BF5D0019BDBF8106098464E
:10C9F0001A46002003EB860104E042F8040B914242
:10CA00007FF65CAF13685F1CF7D00133022C136014
:10CA100035D015F01F056FD121242AE74FF000080B
:10CA2000019F63E609F1FF34002E3FF481AE012639
:10CA300082E6B207CED5019B1B681E43F307D3D411
:10CA4000C8E72146584600F0C7FE064674E6584639
:10CA5000A11E00F0C1FE00283FF4C4AE0326C2E6CA
:10CA6000FFF724FD0224DAF80490A8E74FF000094C
:10CA7000012308E60F9A002A7FF4E0AE12E7DAF805
:10CA80000030013BAB4244D02224F2E6022446F0BF
:10CA90000206D0E70224A4E74FF0010885E5DBF8A1
:10CAA00004100098013100F081F90746002842D0B7
:10CAB000DBF810300BF10C0102339A000C30F4F764
:10CAC0009DFC5946009800F097F901213A69022C23
:10CAD00002EB010007EB82023861BB4607F1140844
:10CAE0005161CCD0864294DAFAE60023CBF81030BC
:10CAF0000023CBF8143022E708EB860656F8040C26
:10CB000000F02AFAC5F12005A84285DADBF810000A
:10CB1000E6E601236A1158F8222005F01F05AB4014
:10CB2000134214BF21242224A3E6C8F80030002BAE
:10CB3000DBD04246FAE602468421054B054801F067
:10CB4000AFFB0246E421024B024801F0A9FB00BF03
:10CB500010050108240501080139036811F8012FA7
:10CB600003F1010CB2B100B502E011F8012F62B17E
:10CB70001CF8013BA3F1410EBEF1190F98BF203301
:10CB80009342F2D00023184600BD0123C0F800C034
:10CB9000184600BD0123C0F800C01846704700BF0A
:10CBA0002DE9F04F15460B6882465A1105EB8202BB
:10CBB00013F01F0385B000934FF000000DBF134624
:10CBC000131D9646A2F1040EDAF8002043F8040C77
:10CBD0005178002900F0B4801F46CDF804A00B4620
:10CBE00080467446F446814682467146634E013261
:10CBF00010E0202B00F29E80504508DDA44502D2B3
:10CC0000B8F1070F69DD65455ED34FF0080812F8EB
:10CC1000013FCBB116F803B0BBF1000FE9D008F12A
:10CC20000108B8F1080F00F1010042DCDCF8003027
:10CC30004FEA031E0BF00F0B4BEA0E03CCF800304B
:10CC400012F8013F002BE5D13B468E46002877D0F5
:10CC5000A44502D2B8F1070F7ADD65455BD2624682
:10CC6000291F52F8040B724541F8040FF9D9AEEBB5
:10CC70000C020EF1010122F003020CF1010C8C45B3
:10CC800088BF00220020291D0A4411460432724543
:10CC90000860FAD953F8041C19B106E05EF8043DA7
:10CCA0001BB97545FAD101232B60052005B0BDE8FD
:10CCB000F08F6545ABD24CF8049C4FF0000E4FF05E
:10CCC0000108ACF1040CB5E7ACF104044CF8049C89
:10CCD0008246A4464FF0000899E7C8F1080ECDE956
:10CCE00002C7E046DCF8003094464FEA8E0ECEF1E3
:10CCF000200BD8F8042002FA0BF71F4322FA0EF398
:10CD0000C8F8007048F8043FA045F2D36246039F7C
:10CD1000DDF808C077E7009A53F8041C002ABBD05E
:10CD20004FF0FF30C2F1200220FA02F2114043F826
:10CD3000041CB1E7292B8E463B46DDF804A003D046
:10CD4000042005B0BDE8F08F0132CAF800207DE76D
:10CD5000DCF8001066460846C8F108029200C2F1ED
:10CD60002008776807FA08F1014327FA02F03160DA
:10CD700046F8040FA642F4D36FE700BFC0080108CD
:10CD800082B049B15AB16BB113780B601278101EA2
:10CD900018BF012002B0704701A9002AF3D1104644
:10CDA00002B070476FF00100F4E700BF38B5436C84
:10CDB00005460C464BB153F8240080B1026843F895
:10CDC00024200023C0E9033338BD2122042101F0CF
:10CDD00089FA034668640028EDD1002038BD01219E
:10CDE000284601FA04F56A1D920001F07BFA00283A
:10CDF000F3D0C0E90145E4E731B1436C4A6853F828
:10CE00002200086043F82210704700BFF0B51746B3
:10CE10000E4600221C460D6983B001F1140EDEF8A7
:10CE2000001001328BB207FB0343090C4FEA134C8D
:10CE300007FB01CC9BB203EB0C4395424EF8043B3D
:10CE40004FEA1C44EBDC3CB1B368AB4207DD06EBB8
:10CE5000850301355C613561304603B0F0BD716812
:10CE600007460131FFF7A2FF0346B0B1326906F170
:10CE70000C01023292000C300193F4F7BFFA7A6C85
:10CE8000716852F82100306042F82160019E06EB83
:10CE9000850301355C613561DEE70246BA21024B4C
:10CEA000024801F0FDF900BF1005010888050108DE
:10CEB0002DE9F843092B1E46054688461746089C6F
:10CEC0003CDD01230021214806F10802A0FB0202FB
:10CED000DA405B009A4201F10101FADC2846FFF7D3
:10CEE00065FF014660B30123092F4461036113DC30
:10CEF000092708F10A04BE420BDDF61B264414F88C
:10CF0000013B0A222846303BFFF780FFB44201462E
:10CF1000F5D10846BDE8F88308F10904A146B844F4
:10CF200014F8013B0A222846303BFFF76FFF4445C7
:10CF30000146F5D109EB0704083CDCE70021CDE709
:10CF40000246D321024B034801F0AAF9398EE33897
:10CF50001005010888050108B0F5803F03463ABF77
:10CF6000102083400020B3F1807F3CBF1B020830BB
:10CF7000B3F1805F06D3B3F1804F0FD29A0012D481
:10CF8000033070471A01B2F1804F00F1040006D25D
:10CF90009B0108D45B00F3D4202070471A46002A76
:10CFA000FBDB013070470230704700BF0368590750
:10CFB0000AD0DA0721D499074BBF012202225B086D
:10CFC0009B080360104670479AB282B91B0CDAB214
:10CFD000B2B11022190701D104321B09990714D0EC
:10CFE000D90701D401325B08036010467047DAB2FA
:10CFF0004AB11A0712D10422EFE700221046704707
:10D0000018221B0AE6E70822FBE7590702D502327D
:10D010009B08E9E7DB0804D12022D3E70322D340B1
:10D02000E2E70332E0E700BF38B5436C04460D4643
:10D030004BB15868B0B102685A60002201234561C3
:10D04000C0E9032338BD2122042101F04BF9034636
:10D0500060640028EDD1002240F24511074B0848DA
:10D0600001F01EF91C220121204601F03BF90028A5
:10D07000F1D001220223C0E90123DEE710050108F7
:10D08000880501082DE9F04F0F6915690E46AF427A
:10D09000904685B005DB2A4643463D4688461746FE
:10D0A0001E46D8F80830D8F80410EC19A342B8BFCF
:10D0B0000131FFF77BFE8446002800F09C8014308D
:10D0C00000EB840E704505D20346002143F8041B93
:10D0D0009E45FBD8143606EB870296427CD208F1B7
:10D0E000140707EB850508F11503A5EB0808AB420B
:10D0F000A8F11508CDE902E491468CBF0024012473
:10D10000E3464FEA980A05E0090C34D1B14500F135
:10D1100004005ED956F8041B8AB2002AF4D0B8463F
:10D1200086460023CDE9009058F8041BDEF8000085
:10D130001FFA81F94FEA114C81B202FB0911000C70
:10D1400002FB0C00194400EB114089B241EA004196
:10D1500045454EF8041B4FEA1043E5D8DDE9009041
:10D16000002C4FEA8A0208BF00220244536056F89E
:10D17000041C090CCAD003688846BC4686460022B7
:10D180001946CDF80090BCF800909BB208FB092925
:10D1900009EB114943EA09434EF8043B5CF8043BB0
:10D1A000DEF800101B0C8AB208FB0323654503EB75
:10D1B00019434FEA1342E6D8002C4FEA8A0208BF0F
:10D1C0000022DDF800900244B145536000F10400F4
:10D1D000A0D8DDE902E4DC46002C02DC05E0013CDD
:10D1E00003D05EF8043D002BF9D06046CCF8104027
:10D1F00005B0BDE8F08F02464FF4B171014B024813
:10D2000001F04EF81005010888050108F8B512F084
:10D210000303144607462FD10E46A4102AD03D6CB6
:10D22000002D32D004F0010364103BB92868B8B176
:10D23000054604F001036410002BF7D02A4631465E
:10D240003846FFF71FFF36B17B6C716853F8212019
:10D25000326043F8216074B1064628680028E7D19F
:10D260002A4629463846FFF70DFF00232860054669
:10D270000360DEE73046F8BD0F4A013B52F8232039
:10D280000023FFF7C3FD0646C7E701213846FFF735
:10D290008DFD054640B140F271230122C0E904230F
:10D2A000002338640360BDE7024640F24511034B9A
:10D2B000034800F0F5FF00BFC00901081005010890
:10D2C000880501082DE9F0470D462E69AB6806EB8D
:10D2D0006216741C9C429146074649684FEA6218E0
:10D2E00004DD5B009C4201F10101FADC3846FFF7E6
:10D2F0005DFD00284ED0B8F1000F00F1140C0BDDDD
:10D300006346002208F1050100EB810143F8042B7C
:10D310008B42FBD10CEB880C296905F1140319F041
:10D320001F0803EB810E2CD062464FF0000AC8F1B3
:10D330002009196801FA08F141EA0A0142F8041BC0
:10D3400053F8041B9E4521FA09FAF2D8AEEB050307
:10D35000153B23F0030305F11502964538BF002362
:10D3600004334CF803A0BAF1000F00D134467B6CB3
:10D370006A68046153F82210296043F82250BDE81E
:10D38000F087ACF1040C53F8042B9E454CF8042FA5
:10D39000F9D8EBE702464FF4EF71024B024800F078
:10D3A0007FFF00BF100501088805010803690A69AD
:10D3B00000B5B3EB020E12D100F1140C14310CEBDA
:10D3C000820301EB820101E09C4508D253F8040D71
:10D3D00051F8042D9042F7D003D24FF0FF3E704633
:10D3E00000BD4FF0010E704600BD00BF2DE9F04FAB
:10D3F00013690D690C46ED1A002D174683B014D140
:10D4000001F1140C143202EB83020CEB830302E0F3
:10D410009C4580F0878053F8046D52F8041D8E42BD
:10D42000F6D080F08C80012503E0FCDB00250F4660
:10D4300014467968FFF7BAFC002800F08B803B693E
:10D4400000F1140207F1140807F11001834627695F
:10D450001E46C56008EB830E04F1140001944FF0E2
:10D46000000C9146C2460B46144600EB870750F865
:10D47000041B53F8045F8AB21FFA85F8A8EB020870
:10D48000090CE044C1EB154101EB28411FFA88F873
:10D4900048EA0142874249F8042B4FEA214CE6D87A
:10D4A00091462246019C3346381B1538153420F02E
:10D4B0000300A74238BF00200AEB0001043187189F
:10D4C0008E455E460C4698BF3A461ED9A2EB0A022C
:10D4D0000437E14604EB020854F8040B1FFA80FC01
:10D4E000CC44050C484405EB2C4580B240EA05408D
:10D4F000A6454FEA254CC8F80000EAD881460EF14F
:10D50000FF32521A22F003023A44B9F1000F04D15B
:10D5100052F8041D013B0029FAD03046336103B0B4
:10D52000BDE8F08F0021FFF741FC064658B101220B
:10D530000023C0E90423304603B0BDE8F08F3B462A
:10D5400027461C4675E7024640F23721054B064840
:10D5500000F0A6FE024640F24521024B024800F0D0
:10D560009FFE00BF1005010888050108114B0B4004
:10D57000A3F15073002B03DD0022194610467047BB
:10D580005B42B3F1A07F4FEA235106DA4FF4002348
:10D5900000220B4119461046704714391E29D4BF8A
:10D5A0004FF0004201224FF00003D8BFCA4010469E
:10D5B000194670470000F07FF8B5056900F11404C2
:10D5C00004EB850555F8047C2E1F3846FFF7C4FC94
:10D5D000C0F120030A280B6034DDB442A0F10B0C2B
:10D5E0001CD255F8083CBCF1000F24D0CCF1200629
:10D5F00023FA06F207FA0CF71743A5F1080047F0E3
:10D600007F52844203FA0CF342F4401217D255F8C9
:10D610000C0C1146F04003431846F8BD0B2809D006
:10D62000002307FA0CFC4CF07F5242F440121846DB
:10D630001146F8BD002347F07F5242F440121846CD
:10D640001146F8BDB4422CBF002455F8084CC0F177
:10D650000B0327FA03FC38BFDC4000F115034CF044
:10D660007F5207FA03F342F440122343184611464F
:10D67000F8BD00BF30B5012185B0CDE90023FFF72B
:10D6800095FBDDE900230546002844D0C3F30A5486
:10D69000C3F313010CB141F48011002A039114D19A
:10D6A00003A8FFF783FC0121039B20306B612961F4
:10D6B0000CB3089BA4F2334404441C60099BC0F1E2
:10D6C00035001860284605B030BD02A80292FFF769
:10D6D0006DFCDDE9022328B1C0F1200103FA01F15C
:10D6E0000A43C340002B0CBF012102216A61AB61D8
:10D6F0002961002CDDD105EB8102A0F232431069D3
:10D70000089A1360FFF728FC099BC0EB41101860D2
:10D71000284605B030BD024640F20F31014B0248A9
:10D7200000F0BEFD10050108880501082DE9F0494B
:10D7300083B08B4669468046FFF73EFF04460D46A0
:10D74000584601A9FFF738FFD8F81030DBF8102051
:10D75000A3EB020CDDE900329B1A03EB4C13002B08
:10D760000BDD05EB03573D4602460B462046294696
:10D77000F2F7B4FF03B0BDE8F089C3EB033301EB6C
:10D78000035C6146F0E700BF02F1140310B51446D4
:10D79000126901F1FF3C4FEA6C1C03EB82010CF1B2
:10D7A000010C8B4200EB8C0C0DD2A0F1040E53F84F
:10D7B000042B99424EF8042FF9D8091B153921F092
:10D7C000030104300844844504D9002340F8043B95
:10D7D0008445FBD810BD00BF03694A11934200F194
:10D7E000140009DA00EB830302E053F8042D82B938
:10D7F0008342FAD80020704700EB8203F8DD11F075
:10D800001F01F5D050F822C02CFA01F28A4094454D
:10D81000EED00120704700BF59B1FF2A03D8012381
:10D820000A70184670478A224FF0FF33026018468C
:10D8300070470B461846704770B5002941D0064620
:10D840000C4610B1436B002B3ED0FEF73BF9636EE4
:10D85000B4F90C20DD0730D4900538D52146304688
:10D8600000F04CF8E36A054633B13046E169984769
:10D870000028B8BF4FF0FF35A3891A0639D4216BB1
:10D8800041B104F14003994202D03046FEF70AFD4F
:10D8900000232363616C21B13046FEF703FD0023B2
:10D8A00063640022636EA281DB071ED5A06DFEF7C4
:10D8B00051FCFEF70DF9284670BD002ACED1FEF7C7
:10D8C00007F90025284670BDFEF7DEF8BDE7A06D1C
:10D8D000FEF742FCB4F90C30002BBFD1636ED907C0
:10D8E000EDD4A06DFEF73AFCE9E7A06DFEF736FC3B
:10D8F000DCE730462169FEF7D5FCC0E7B1F90C2022
:10D90000F8B515070C46074649D4496842F4006348
:10D910000029A3815FDDA66A002E3ED0002112F40B
:10D9200080523D68396061D101233846E169B047D2
:10D930000246501C67D0B4F90C30A66A590705D5C9
:10D940006368D21A236B0BB1E36BD21A00233846FB
:10D95000E169B047421CB4F90C3049D139681D293E
:10D960003ED82D4ACA40D6073AD5002262602269C5
:10D97000D904226023F40062A28102D53B68002B07
:10D980003FD0216B3D6041B104F14003994202D088
:10D990003846FEF787FC002323630020F8BD0E699C
:10D9A000002EFAD0920718BF00230D6808BF4B69FC
:10D9B0000E60AD1B8B600BE02B4632463846E169AA
:10D9C000D4F824C0E0470028A5EB0005064406DD96
:10D9D000002DF1DCE1E7E16B00299CDCDDE7A389A8
:10D9E00043F040034FF0FF30A381F8BD226DA5E75F
:10D9F000002262602269226023F40062DB04A281BB
:10DA0000BFD52065BDE73B68002B94D01D2B01D00E
:10DA1000162BE4D13D60C0E70100402000B503466D
:10DA200083B008B1426B52B3B1F90C0098B14A6EA1
:10DA3000D20701D4820512D518460091FFF75EFF88
:10DA4000009903464A6ED00702D48A8992050ED502
:10DA5000184603B000BD0346184603B000BD886DEC
:10DA600001930091FEF778FBDDE90013E4E7886D90
:10DA70000093FEF773FB009B184603B000BDCDE991
:10DA80000001FEF701F8DDE90031CDE79368002BD6
:10DA900000F0AD802DE9F04FB1F90CC00C461CF040
:10DAA000080F8046174683B025D00B691BB31CF0C6
:10DAB00002033E682BD04FF0000B5D46DFF8A8A2B2
:10DAC000ADB155452B465A4628BF53464046E169FD
:10DAD000D4F824C0E047002840F38180BB68834429
:10DAE0001B1ABB60002B71D02D1A002DE9D1D6E98D
:10DAF00000B50836E4E72146404600F0DDF900288D
:10DB000072D1B4F90CC03E681CF00203D3D11CF0F2
:10DB1000010A6ED155462368002D53D01CF4007FB6
:10DB20001846D4F8089000F0A780A945CB4600F22B
:10DB3000E1801CF4906F34D021696269A3EB010984
:10DB400002EB420202EBD27209F1010352102B44A4
:10DB5000934294BF93469B46934288BF1A461CF457
:10DB6000806F00F0E58011464046FCF75BFB002823
:10DB700000F0F3804A4621690190F3F73FFCA28947
:10DB8000019B22F4906242F08002A28103EB090023
:10DB90002361C4F814B0ABEB0903A946AB46A360FC
:10DBA000206051465A4600F0F5F9A2682368A2EBBE
:10DBB0000902A260B9685B44491B2360B96029B1BE
:10DBC000B4F90CC0D6E900A50836A5E7002003B0DB
:10DBD000BDE8F08F21464046FFF720FF70B3B4F94F
:10DBE0000C3043F04003A3814FF0FF30EFE70020FB
:10DBF00070471D46B9469A4618461F465DB3002831
:10DC00002FD0524620682169AA4228BF2A4688425E
:10DC1000636904D9A16803EB010B5A457ADC93428E
:10DC20006BDC3A464046E169D4F824C0E047B0F1E5
:10DC3000000BD4DDBAEB0B0ACCD00120D9F80830A8
:10DC4000A3EB0B03C9F80830002BBFD0A5EB0B05E5
:10DC50005F44002DD3D1756833460836002DFAD0C5
:10DC60001F682A460A21384600F098FA002871D029
:10DC70000130A0EB070AC4E722699A4222D3D4F804
:10DC800014C0AC451ED86FF00043AB4228BF2B46F2
:10DC900093FBFCF352460CFB03F34046E169D4F8D6
:10DCA00024C0E047B0F1000999DDBB68A5EB090588
:10DCB000A3EB0903BB60002B88D0B4F90CC0236828
:10DCC000CA4429E7A94528BFA94618464A465146ED
:10DCD00000F060F9A2682368A2EB09024B44A2603D
:10DCE0002360002AE1D121464046FFF797FE002835
:10DCF000DBD074E7A946AB4653E73946019200F002
:10DD000049F9019AA36893469B1AA36023681344B8
:10DD100023608FE739465A4600F03CF923682146D4
:10DD20005B4440462360FFF779FE002882D056E727
:10DD3000404600F013FB034600287FF427AF40461F
:10DD40002169FEF7AFFA0C22A389C8F8002023F05E
:10DD5000800346E76A1C924654E70C22B4F90C3063
:10DD6000C8F800203DE700BF00FCFF7FB1F90C20A0
:10DD7000930706D5012201F14303C1E904320B6088
:10DD8000704730B50B46B1F90E100446002999B022
:10DD900032DB02AA009300F0C7F90028009B29DBC0
:10DDA0004FF4806120460093039DFCF73BFA009BF3
:10DDB000B3F90C2000283BD0186018614FF4806044
:10DDC00005F4704142F08002B1F5005F9A8158611C
:10DDD0003CD1B3F90E102046009300F0B9F9009B36
:10DDE000B3F90C2090B322F003024FF4006C42F020
:10DDF000010218E0B3F90C2012F0800F0CBF4FF4B1
:10DE000080614021204601930091FCF70BFA019BB1
:10DE10000099B3F90C2058B14FF0000CC3E904018C
:10DE200042F08002186042EA0C029A8119B030BDBB
:10DE30009105FBD4012022F0030203F1430142F0DB
:10DE40000202C3E904109A811960EFE74FF4006CF5
:10DE5000E9E700BF30B50C46B1F90E1015460029B0
:10DE600099B016DB02AA019300F05EF90028019B2D
:10DE70000FDB039A4FF4806102F47042A2F5005266
:10DE8000B2FA82F24FF4006052091A60296019B0A8
:10DE900030BDA28912F0800206D000224021104637
:10DEA0001A60296019B030BD4FF4806110461A60C5
:10DEB000296019B030BD00BF10B5354B0446186855
:10DEC00082B00B4610B1426B002A53D0B3F90C203C
:10DED000110711D51869C8B1B3F90C2012F001016E
:10DEE00026D04FF0000C5969C3F808C04942996127
:10DEF00020B3002002B010BDD00640D5510723D476
:10DF0000186942F008029A810028E5D19A8902F442
:10DF10002072B2F5007FDFD0194620460193FFF74B
:10DF200025FF019BB3F90C20186912F00101D8D12B
:10DF3000940758BF596999600028DAD11106D9D5DC
:10DF400042F040029A811FE0196B61B103F1400079
:10DF5000814206D020460193FEF7A4F9019BB3F954
:10DF60000C20002119630021186922F02402C3E962
:10DF70000001C6E70191FDF787FD019BA6E7092196
:10DF800042F0400221609A814FF0FF30B2E700BFBB
:10DF9000C0060020884270B531D98B1883422ED933
:10DFA000032A00EB02011DD941EA030C1CF0030F08
:10DFB0001D4618D18C464FEA920E0EF1FF36A1EBAA
:10DFC0008E0453F804ED4CF804EDA445F9D1C6EBEA
:10DFD000867301EB830105EB830CACF10403043978
:10DFE00002F0030252B102F1FF3C6FEA0C0C9C44B8
:10DFF00013F8012D634501F8012DF9D170BD032AF5
:10E000004FD941EA00039B074DD10F2A50D901F1A6
:10E01000100C664622F00F032031103B00F1100E69
:10E0200019445CF8104C0CF1100C4EF8104C5CF8D4
:10E030001C4C0EF1100E4EF81C4C5CF8184C4EF8AF
:10E04000184C5CF8144C8C454EF8144CE9D1F1187E
:10E0500012F00C0F034402F00F0503F1100325D05A
:10E060008C4625F0030EAEF1040426461A1F1C1937
:10E070005CF804EB42F804EFA242F9D10431043316
:10E080003144334405F00302002AB7D0013A01328B
:10E09000013B0A4411F801CB914203F801CFF9D1B9
:10E0A00070BD0346F0E70346013AF0E72A46EBE786
:10E0B00003461546D4E700BF10B50446084383075E
:10E0C00024D1032A22D90B46A44618681946A0F188
:10E0D000013323EA000313F0803F18D1043A032AE6
:10E0E0004CF8040B01F10403EFD8194601F1FF3E8F
:10E0F00052B163461EF8011F501E03F8011B49B1BF
:10E1000002469C46002AF4D1204610BDA44601F1E7
:10E11000FF3EEDE794440028F6D003F8011B634569
:10E12000FBD1204610BD00BF38B50023074C054683
:10E13000084611462360F9F719FE431C00D038BD8C
:10E140002368002BFBD02B6038BD00BF30180020A7
:10E1500038B50023064C054608462360F9F7B6FD9E
:10E16000431C00D038BD2368002BFBD02B6038BD8A
:10E170003018002038B5074D074C2C1BA41005D0D3
:10E18000013C55F8043D9847002CF9D1BDE83840D2
:10E1900001F0FABCF00D0108EC0D01088307C9B2CB
:10E1A0000DD00346BAB193F800C018468C4503F170
:10E1B000010302F1FF320DD09807F3D11846032A6C
:10E1C0000BD842B1024402E00130824203D003780E
:10E1D0008B42F9D170470020704700B501EB012E4A
:10E1E0000EEB0E4E03688EEA0303A3F1013C2CEA0A
:10E1F000030313F0803F05D1043A032A00F1040021
:10E20000F0D842B1024402E00130824203D00378E8
:10E210008B42F9D100BD002000BD00BFF0B51D4C00
:10E2200083B00546206816461F460191FDF794FF0E
:10E23000194A0199136823B35A6820681F2A23DCFE
:10E240004DB9541C02325C6043F82210FDF786FF82
:10E25000002003B0F0BD012403EB820ECEF88860ED
:10E26000D3F888C194404CEA040C022DC3F888C14D
:10E27000CEF80871E5D1D3F88C512543C3F88C5101
:10E28000DFE7064B1360D7E7FDF768FF4FF0FF307D
:10E29000DFE700BFC8080020401800204418002015
:10E2A00000B5DFF830C00446DCF800009E468C461E
:10E2B000C06885B05AB1084923460292019172465E
:10E2C0000649CDF800C000F0F3F9FBF78FFF0449D1
:10E2D0000A46F1E7C0060020E4050108F40501083C
:10E2E0002C04010810B5A1FB021482B074BBFBF72B
:10E2F00099FF034670B350F8042C22F00302043A4D
:10E30000242A10D8132A16D91B2AC0E900441AD986
:10E31000242AC0E902440ABFC0E9044400F1100104
:10E3200000F1180108E021460190FDF771FD019B05
:10E33000184602B010BD014600221846C1E900226D
:10E340008A6002B010BD00F10801F5E7FDF7D2FECA
:10E350000C2303600023184602B010BD002900F012
:10E360009E802DE9F04383B00C4607460092FCF7EF
:10E370001BFA009901F10B03162B60D81023994268
:10E3800060D854F804ECA4F108052EF003029A4278
:10E3900064DABA4805EB020C8068DCF8046060457A
:10E3A00000F08F8026F0010060444068C0076BD405
:10E3B00026F00306901983424BDD1EF0010F0FD1AA
:10E3C00054F8080C281A8046406820F003000644E0
:10E3D0001644B34240F3F7801618B34240F3CE80A0
:10E3E0003846CDE90023FBF71DFFDDE90023064693
:10E3F000002800F0228154F8041CA0F1080C21F040
:10E4000001012944614500F0B380043A242A00F256
:10E41000D680132A00F2A1800346224611681960B3
:10E420005168596092689A6021463846FDF73AFF74
:10E430003846FCF7BFF9304603B0BDE8F08333F04F
:10E4400007039CD50C233B600026304603B0BDE893
:10E45000F0830246DCE90201C16088606968D01A75
:10E460000F2801F0010105EB02061BD8114369607A
:10E47000736843F0010373603846FCF79BF9264646
:10E48000304603B0BDE8F0831EF0010FA8D154F868
:10E49000080C281A8046406820F003009CE71146CB
:10E4A000FBF7C0BE1943696040F00100E9184860FD
:10E4B0007368384643F0010308317360FDF7F2FEDC
:10E4C000DAE726F00306B01803F1100C604580F27D
:10E4D00095801EF0010F83D154F8080C281A80464D
:10E4E000406820F0030006441644B445B1463FF7A7
:10E4F00073AF4646D8F80C1056F8080F043A242A91
:10E50000C160886000F2B380132A40F2AE802168B7
:10E510001B2AC8F808106168C8F80C1000F2B08017
:10E52000083408F110022168116061685160A16827
:10E530009160A9EB0302514D08EB030142F0010287
:10E54000A9604A60D8F80420384602F0010213435B
:10E55000C8F80430FCF72EF992E723681B2A036001
:10E56000636843603FD804F1080200F1080355E7EF
:10E5700050F8041C21F003010A446FE74546043AB1
:10E58000D8F80C1055F8080F242AC160886023D8E9
:10E59000132A1FD921681B2AC8F808106168C8F817
:10E5A0000C103ED8083408F110022168116061682F
:10E5B0005160A16891602C46324645464EE721469F
:10E5C000FFF7E8FC30E7DCE902014546C160043AA8
:10E5D0008860D5E72A46E8E7214628460093FFF7FA
:10E5E000D9FC009BE7E7A368242A8360E368C36043
:10E5F00027D004F1100200F110030FE7C21A1F49DF
:10E600001D4442F001028D606A6054F8042C3846C3
:10E6100002F00102134344F8043CFCF7CBF8264611
:10E620002EE7A168242AC8F81010E168C8F8141071
:10E6300010D0103408F11802B7E73846FCF7BAF8E2
:10E6400002E7236904F1180203616369436100F181
:10E650001803E3E622691834C8F8182054F8042C8B
:10E66000C8F81C2008F120029FE732465BE72146EC
:10E6700030460093FFF78EFC009B5AE758000020BD
:10E68000A168242AC8F81010E168C8F8141003D053
:10E69000103408F1180246E722691834C8F8182027
:10E6A00054F8042CC8F81C2008F120023BE700BFF6
:10E6B0000EB400B5074A82B003AB0146106853F8A8
:10E6C000042B019300F008F802B05DF804EB03B0EE
:10E6D000704700BFC00600202DE9F04F8346C3B04D
:10E6E00012AF924602910822002138461C46099337
:10E6F000FDF78EFBBBF1000F04D0DBF83430002BAC
:10E7000000F01587029B5A6EB3F90C30D60740F122
:10E7100045819D0400F1BF85029943F4005322F422
:10E7200000528B814A66910401F18B80029BB3F900
:10E730000C301E0740F1BE80029A1269002A00F0D8
:10E74000B98003F01A020A2A00F0C380002319AA34
:10E750009146CDE91733CDE90B3316920D9305930E
:10E760005546944BD3F8CC41FDF742FC2A4603466C
:10E7700010A958460097A047002800F0C980C0F2B1
:10E78000BF80109B252B01D00544EAE7B5EB0A06B4
:10E79000044640F0C18000224FF0FF3390460393BF
:10E7A0006B7805F1010A8DF83B20069219460AF1B3
:10E7B000010AA1F120035A2B00F2FE80DFE813F0DA
:10E7C000FB03FC00FC00F503FC00FC00FC00D7038D
:10E7D000FC00FC006A005702FC001A021204FC0054
:10E7E0000C045B005B005B005B005B005B005B009C
:10E7F0005B005B00FC00FC00FC00FC00FC00FC007B
:10E80000FC00FC00FC00E801B903FC00FC00FC007B
:10E81000FC00FC00FC00FC00FC00FC00FC001F02F3
:10E82000FC00FC00FC00BB01FC006E03FC00FC00D3
:10E83000BB05FC00FC00FC00FC00FC00FC00FC0034
:10E84000FC00FC00FC00E8017C01FC00FC00FC007A
:10E85000AC037C017500FC006103FC0053033F0323
:10E86000F7027500FC00BB0172005D02FC00FC00B9
:10E87000F705FC0072000022A1F130031AF8011B19
:10E8800002EB820203EB4202A1F13003092BF5D91E
:10E8900006928EE7099B53F8042B002A06920993EF
:10E8A000C0F2A5819AF8003080E79AF8003048F06D
:10E8B00020087BE7029D58462946FFF7FDFA00280D
:10E8C00040F0D287B5F90C3003F01A020A2A7FF41F
:10E8D0003DAF0299B1F90E20002AFFF637AF4A6E1C
:10E8E000D00702D49A0540F16A872346524658461B
:10E8F000029900F0F9FF0590059843B0BDE8F08F4C
:10E90000082200213846FDF783FA0120054428E754
:10E91000B5EB0A06044611D0189BC9E900A633449A
:10E920001893179B0133072B179311DC09F1080982
:10E93000059B33440593002C7FF42DAF189B002BCF
:10E9400040F04B870022029B1792B3F90C3019E07C
:10E950005846029916AA01F007F880B90DF164092A
:10E96000E6E75846029916AA00F0FEFF002800F0DC
:10E970008E80079B1BB158460799FDF793FC029BBD
:10E98000B3F90C30029A526ED00740F18B805B06CF
:10E9900000F13F87059843B0BDE8F08F990540F13D
:10E9A0001B819E047FF5B8AE95047FF5C2AE00F0E2
:10E9B0004ABF00BF6C0400200029BFD00023012201
:10E9C000CDE903328DF8A410089229AD8DF83B30C3
:10E9D000079318F08406DDE917C0014662462BD183
:10E9E000069B049C1C1B002C00F3FD839DF83B3010
:10E9F0002BB300260A96012301320131C9F80430F5
:10EA0000072A0DF13B03CDE91721C9F8003000F3C7
:10EA1000948309F108090A9B73B102230132023180
:10EA2000C9F80430072A0FABCDE91721C9F8003027
:10EA300000F3768309F10809802E00F0F082039B31
:10EA400008981C1A002C00F32D83089B01321944EE
:10EA5000072ACDE91721C9F80050C9F8043000F39E
:10EA6000538309F1080918F0040F05D0069B049A96
:10EA70009C1A002C00F36E83DDE905320498824273
:10EA8000ACBF9B181B18059300297FF46AAF0023C5
:10EA90001793079B1BB158460799FDF703FC0DF12F
:10EAA00064095DE69A053FF572AF029CA06DFDF723
:10EAB00055FBB4F90C306AE718F0200F00F0088419
:10EAC000099B073323F00702536852F8084B1E4690
:10EAD0000992002BC0F23E82039A002A05DB54EA19
:10EAE000060328F0800800F075840A2C76F10003F4
:10EAF00080F0E5803034039A9DF83B30012AB8BF9E
:10EB000001228DF807410492002B00F0BD83049B85
:10EB10000024013304930123CDE907430DF20715C7
:10EB200018F08406DDE91721084694463FF458AFF3
:10EB300000230A935FE70023099E8DF83B3056F8C7
:10EB4000043B0793002B00F02985532900F04884EB
:10EB500018F0100440F04484039A002AC0F2EC84B8
:10EB600021460798FFF71AFB9DF83B30079D0028C8
:10EB700000F05D86421B089222EAE2720492002BAA
:10EB800000F0E784531C0394099604930794C7E7A5
:10EB9000432903D018F0100F00F01284082200213E
:10EBA00014A8FDF735F9099A29AD29465846126887
:10EBB00014AB00F0EDFE0890013000F02186089BB8
:10EBC00023EAE3730493099B0433099300238DF82C
:10EBD0003B3007930393FCE6029DA86DFDF7BCFA5A
:10EBE000B5F90C306A6E98043FF59DAD94E5069B2F
:10EBF0005B4206939AF8003048F00408D6E518F016
:10EC0000200F48F0100000F07583099B073323F0B4
:10EC100007031A46596852F8083B099200228DF8FA
:10EC20003B20039A002AC0F22C8353EA010220F40D
:10EC3000906800F0348342AD03F00702DB0843EA3A
:10EC40004173C908303253EA0104284605F8012D02
:10EC5000F2D118F0010340F0B582039A079342AB5A
:10EC60005B1B9A42B8BF1A4608930492B1E62B2365
:10EC70008DF83B309AF8003098E518F0200F40F0FE
:10EC80002C81099A18F0100052F8043B40F02886B5
:10EC900018F0400100F0A6848DF83B009BB20026DE
:10ECA00003991C46B14204DB28F08008002B00F0D9
:10ECB00063850A2C76F100030992FFF41BAFCDE9BE
:10ECC000078A0020DDF82CA042A908F48065CDF861
:10ECD000109025E0A319BE4A43F10003A2FB032CC8
:10ECE0002CF0030202EB9C024FF0CC3CA146B6464E
:10ECF0009B1AE31A0CFB03F2B54C66F1000604FB09
:10ED00000622A3FB0443B9F10A0F13444FEA54044B
:10ED10007EF1000E414644EAC3744FEA53062CD3F9
:10ED2000DFF8ACE2A31943F10003AEFB032C2CF097
:10ED3000030202EB9C029B1AE31AA3FB0E3266F15C
:10ED4000000C0EFB0C225B0843EAC27303EB830347
:10ED5000A4EB43033033013001F1FF3801F8013CEB
:10ED6000002DB7D09AF800308342B3D1FF28B1D03C
:10ED70000A2C76F1000380F056844546039942AA96
:10ED8000521B9142B8BF11469DF83B30DDF8109000
:10ED9000CDF82CA00491DDE9078A0892002B00F041
:10EDA000DB83049B0133049300230793B8E600211F
:10EDB00047F63003039C099A8C42ADF83C308DF83D
:10EDC0003B1052F8043BC0F2F88228F0800040F07B
:10EDD0000208002B00F0EE837E4803F00F04045D70
:10EDE0001B098DF80741099200F062850222049206
:10EDF0000DF2071503F00F02825C1B0943EA017351
:10EE0000090905F8012D53EA0102F3D1039A42AB37
:10EE10005B1B9A42B8BF1A4608931346049A002A0D
:10EE200000F05085DDE91721023318F0840608460A
:10EE30009446049300F0FD8200230793EDE518F05B
:10EE4000200F40F07682099A18F0100F52F8043B18
:10EE500040F03A8518F0400F4046099200F0CB830D
:10EE600000219BB2DAE6099A18F0200F02F10403A0
:10EE700000F04E82126805991160C917516009931C
:10EE80006EE49AF800306C2B03BF9AF8013048F01A
:10EE900020080AF1010A48F0100887E418F0200F52
:10EEA00048F010011AD1099B1A1D0026099B0398EE
:10EEB0001B68B0421C468DF83B60C0F27A8221F09C
:10EEC0008008002B7FF4F5AE0992002840F05984A9
:10EED00008900490079042AD7BE54146099B0733BB
:10EEE00023F0070200238DF83B30039B566852F84D
:10EEF000084B002B0992C0F25D8254EA060321F010
:10EF000080087FF4F2AD039B002B40F03A84089315
:10EF10000493079342AD5CE59AF80030682B03BF79
:10EF20009AF8013048F400780AF1010A48F04008E4
:10EF30003CE418F0200F48F0100340F0E281099AF9
:10EF40000432099998460C680992E6173346002B5B
:10EF5000BFF6C2AD2D238DF83B30039B644266EBB8
:10EF60004606002BFFF6C1AD28F08008BDE55846E7
:10EF700000F00AFD436818460D93FDF7FFF80C906A
:10EF80000446584600F000FD81689AF800300B9165
:10EF9000002C3FF40BAC00293FF408AC0A78002A9F
:10EFA0003FF404AC48F4806800E49AF8003048F07C
:10EFB0000108FFF7FBBB9DF83B209AF80030002AC0
:10EFC0007FF4F4AB20228DF83B20FFF7EFBB00BFAE
:10EFD000CDCCCCCC380601089AF8003048F0800837
:10EFE000FFF7E4BB504610F8011B2A2900F04784C4
:10EFF000A1F13003092B98BF002200F2E78310F83B
:10F00000011B02EB820203EB4202A1F13003092B48
:10F01000F5D942EAE27382460393FFF7CABB069B27
:10F0200004981C1A002C7FF70AAD102C40F3F683CD
:10F0300048460A95C1461026B34DDDF8088004E025
:10F04000103C102C00F1080015DD01321031072AA8
:10F05000C0E90056CDE91721F2DD4146584616AA0F
:10F0600000F082FC00287FF484ACDDE91721103C1D
:10F07000102C19A8E9DCC84681462B460A9D0132AE
:10F080002144072ACDE91721C9F80030C9F8044006
:10F0900000F37182039B089809F108091C1A002CDF
:10F0A0007FF7D3AC102C40F3B7821026484604E01B
:10F0B000103C102C00F1080016DD0132924B10318B
:10F0C000072AC0E90036CDE91721F1DD584602993B
:10F0D00016AA00F049FC00287FF44BACDDE91721AB
:10F0E000103C102C19A8E8DC8146874B01322144E2
:10F0F000072ACDE91721C9F80030C9F8044000F308
:10F10000B28009F10809A0E45846029916AA00F055
:10F110002BFC00287FF42DAC18990DF16409A2E4B2
:10F120005846029916AA00F01FFC00287FF421AC73
:10F13000DDE917210DF164097EE45846029916AA0B
:10F1400000F012FC00287FF414ACDDE917210DF16A
:10F15000640960E4102C179B40F33D8310256B4E2F
:10F16000DDF8088004E0103C102C09F1080916DDD8
:10F1700001331031072BC9E90065CDE91731F2DD04
:10F180004146584616AA00F0EFFB00287FF4F1AB89
:10F19000DDE91731103C102C0DF16409E8DC013376
:10F1A0002144072BC9E90064CDE917317FF764AC2E
:10F1B0005846029916AA00F0D7FB00287FF4D9AB75
:10F1C000189959E4302A00F0CA813023039A023892
:10F1D00005F8013C42AB1B1A9A42B8BF1A460546D5
:10F1E00008930492D1E000230A93102C624640F366
:10F1F000EB8249461023C146444EA846029D04E0D6
:10F20000103C102C01F1080117DD01321030072AE3
:10F21000C1E90063CDE91720F2DD2946584616AA58
:10F2200000F0A2FB00287FF4A4ABDDE91720103C1E
:10F23000102C4FF0100319A9E7DC4546C846894653
:10F2400001322118072ACDE91721C9F80060C9F851
:10F25000044000F33F819DF83B6009F108098EB33B
:10F260000026FFF7C8BB5846029916AA00F07CFB9F
:10F2700000287FF47EABDDE917210DF16409FFF76B
:10F28000E4BB20F48068D6E4079301230DF2071550
:10F290000893FFF79EBB90047FF54BAAB9E2039A4F
:10F2A000002A7FF4C8AC10F00102049200F00C8137
:10F2B00030238DF80731039B089207930DF2071551
:10F2C000FFF787BB0A9B002B7FF4A7ABFFF7B7BB09
:10F2D000099A18F0100F52F8044B40F0F78218F01A
:10F2E000400F099200F0738144F3C036334624B2D4
:10F2F000FFF7EFBB099B1A1D099B00211B680992B0
:10F300008CE49846FFF7DCBBC40B0108D40B010862
:10F3100018F0100F40F03D8118F0400F40F045828A
:10F3200018F4007F00F03581099A05991268117070
:10F33000A5E5404669E4B54818F0200F00F09B8031
:10F34000099B073323F007031C465A6854F8083B0F
:10F35000099418F00104049475D103998DF83B4089
:10F360000029C0F29F8053EA020128F4906840F01F
:10F37000DA80039A002A00F05181037804928DF814
:10F38000073101230DF20715089318F08406DDE913
:10F3900017210846944600F085829DF83B30002BEB
:10F3A00000F08382002307930A93FFF724BB984859
:10F3B000C2E709928846FFF798BB48F002080BE5C0
:10F3C0000122099B04921B6829AD8DF8A430089294
:10F3D000FFF7F9BB002A00F0C1813024FFF78BBB97
:10F3E000079B0822002114A81193FCF711FD039B31
:10F3F000002BC0F261810024CDF81090254699467B
:10F400000FE014AB584629A900F0C2FA431C04F1DE
:10F410000404284400F0F481484506DC00F0008232
:10F420000546119B1A59002AEBD1DDF8109003957F
:10F4300050E1069C049B0796E41A002C7FF7EDAA86
:10F4400002230A93D1E653EA02045BD100238DF82C
:10F450003B30039B002BC0F26C8128F4906800F0D5
:10F46000888103780DF207158DF80731049B089306
:10F47000039B049389E7099A18F0100F52F8043B94
:10F48000099209D118F0400F02D000229BB260E728
:10F4900018F4007F40F07D8100225AE7022148F0F5
:10F4A0000208049103F00F01415C28F480681B09F5
:10F4B00043EA02738DF80711110953EA12127FF41F
:10F4C00097AC0DF20715A1E4039B42ADCDE90733DC
:10F4D000FFF77FBA5846029916AA00F045FA064689
:10F4E00000287FF446AADDE917219DF83B30002B68
:10F4F00040F088800A9B0DF16409002B7FF48DAAEF
:10F50000FFF79DBA8DF83D1030218DF83C10002199
:10F510008DF83B1003990029C0DB28F4906141F07D
:10F5200002080221049103F00F01415CBFE7584635
:10F53000FCF7AAFAFFF7E6B8079D2846FCF71EFE7F
:10F540009DF83B3020EAE07208900492002B7FF493
:10F5500019AB079D039309960793FFF73ABA039AED
:10F5600042AB5B1B9A42B8BF1A4608930023049231
:10F570000793FFF72EBA5846029916AA00F0F4F93D
:10F5800000287FF4F6A9DDE917210DF16409FFF7E2
:10F5900056BA099A05991268116070E4039B079A9C
:10F5A000062B28BF06231B4D04930996039208934C
:10F5B000FFF70FBA0992002C00F0E68030230122F9
:10F5C0008DF80731089223460DF207152AE418F446
:10F5D000007F14BF44F3C016E617334618BF64B269
:10F5E000FFF777BA18F4007600F0D6808DF83B105C
:10F5F000DBB2FFF754BB18F400711CBF0021DBB273
:10F60000FFF70CBB0DF16409FFF7F5B924060108FB
:10F61000380601084C060108AE4B67E5039B42A87B
:10F6200005460893B1E60C9A0D99A8EB02094846E5
:10F63000FEF742FD9AF801300BB10AF1010A4FF0D2
:10F64000CC310120A44AA31943F10003A2FB03CE4D
:10F650002EF0030C0CEB9E0CA3EB0C03E31A03FB44
:10F6600001F166F10006A3FB023402FB0611C34060
:10F67000214443EAC17421FA00F6A31943F10003BF
:10F68000A2FB031C2CF0030101EB9C015B1AE31AA3
:10F69000A3FB023166F1000C02FB0C12C34043EAEB
:10F6A000C27303EB8303A4EB4303303309F1FF3848
:10F6B00009F8013CFFF756BB14AB009300235846F2
:10F6C000194611AA00F08CF90390013000F09880DF
:10F6D000079B1193039B002B35D0632B6BDD5846A2
:10F6E000591CFAF79FFD0546002800F08980079015
:10F6F0000822002114A8FCF78BFB039C14AB009399
:10F7000029462346584611AA00F06AF9844240F07F
:10F71000C2800023039A22EAE271AB54049111469D
:10F720009DF83B20002A62D1CDE908160392FFF72D
:10F7300050B9037828F480688DF80731049B0DF2E6
:10F740000715089321E69DF83B30079D003B18BF45
:10F7500001230493039B0996089316E69DF83B301A
:10F760003BB1039B42ADCDE9073301230493FFF77F
:10F77000D7B9039BFFF7CBBB039B0992002B3FF448
:10F78000C6AB0024FFF7B6B9039B42AD0893FFF761
:10F7900049BB0022DBB2DCE503991C4600298DF849
:10F7A0003B60BFF681AAFFF784BA099A05991268EF
:10F7B0001180FFF764BB002329AD079398E7886D9C
:10F7C000FCF7CCFCFFF791B8444E39E500238246A4
:10F7D0000393FEF7EEBF414EE1E45846029916AAA4
:10F7E00000F0C2F800283FF4ADA8FFF7C8B8039AAC
:10F7F0000393049BCDE9082601330493FFF790B9E6
:10F800000298B0F90C30426E43F04001D507818177
:10F8100009D54FF0FF330593FFF7BCB82D4B2EE40D
:10F82000DDF8109056E79905F3D4FFF73EB99BB188
:10F83000039B099608930133CDE903030790FFF773
:10F840006FB9D307E5D4029B9B899F05E1D4029B46
:10F85000986DFCF783FCDCE7039A0793CDE903324C
:10F8600009960892FFF7B5B8029A536EDD07D0D417
:10F8700093899C05CDD4906DFCF770FCC9E7099A7B
:10F880009AF8013052F8041B8246099241EAE1726B
:10F890000392FEF78BBF029A938943F04003938152
:10F8A000FFF767B80796FFF79BB80793FFF7C4B851
:10F8B0000122039B0892012BB8BF01230DF207150B
:10F8C000FFF7B0BA049360E5404615E54346FFF7FD
:10F8D00038BB00BFC40B0108CDCCCCCCD40B010885
:10F8E0004146FFF7E2BA00BFF0B50D4616464FF4A9
:10F8F000806100220746ADF2744DCDE907126A6EB1
:10F9000004911B92EA89A989ADF81620EA691CA81E
:10F9100009926A6A21F002010290069018A80193E8
:10F92000ADF814100B92FCF713FC32463846019BDD
:10F9300002A9FEF7D1FE061E07DB384602A9FEF734
:10F940006DF8002818BF4FF0FF36BDF814305B0685
:10F9500003D5AB8943F04003AB811898FCF7FAFB61
:10F9600030460DF2744DF0BD936810B514461BB9C6
:10F9700018460023636010BDFEF788F80023A360DB
:10F980000023636010BD00BF00487047440600209C
:10F9900030B5044687B05BB110480193D0F8C85128
:10F9A00071B12046A847421C019B10D007B030BD62
:10F9B00000F5827309480193D0F8C8510029F0D1AD
:10F9C0000A46204603A9A847421C019BEED100210C
:10F9D0008A221960226007B030BD00BF6C0400208D
:10F9E0009C4600B583B0049BCDF800C001934FF056
:10F9F000FF3300F079F803B000BD00BF2DE9F04FF0
:10FA000089B01C46DDE91278DDF850900090B8F11D
:10FA1000000F4FD00029C34608BF4FF0FF37002525
:10FA2000884692461668019104E056F8040B0028B7
:10FA300032D06546AF4239D9002C37D0DBF80030E0
:10FA400000980293DBF8043032680393D9F8C8C1F8
:10FA50005B4604A9E047431C2FD000EB050CBC45D6
:10FA600036D8019B013C002BDFD000280BDD08F1CC
:10FA7000FF3204A900EB020E11F8013B02F8013F2E
:10FA80007245F9D18044DAF8002056F8040B0432AC
:10FA9000CAF800200028CCD10199D84609B1CAF88B
:10FAA000000000220CF1FF35C8F80020284609B0FC
:10FAB000BDE8F08F00F58678ACE705468A21002284
:10FAC0002846009B1960CBF8002009B0BDE8F08FF4
:10FAD000D8462846DDF808A0DDF80CB0C8E900AB30
:10FAE00009B0BDE8F08F00BF00B585B00698DFF81B
:10FAF00018C000900798019004480068CDF808C02D
:10FB0000FFF77CFF05B000BD6C040020C00600209C
:10FB100038B50022002304460D46F0F727FF28B928
:10FB200020462946BDE8384000F00AB8204605F1D5
:10FB3000004100F005F8404261EB410138BD00BFD3
:10FB400070B500220B4B04460D46F0F79DFCF1F713
:10FB5000CBFC0646F0F71EFC0022074BF0F794FCA6
:10FB600002460B4620462946F0F7D6FAF1F7BCFCD0
:10FB7000314670BD0000F03D0000F041F8B500BF17
:10FB8000F8BC08BC9E467047F8B500BFF8BC08BC7E
:04FB90009E467047D6
:10FB98000000000001020304000000000000000053
:10FBA8000102030406070809313044726976657258
:10FBB8004261736500000000C8070108B0FB000837
:10FBC800313254423637483435304261736500006B
:10FBD80028080108C8FB0008C0FB0008000019003D
:10FBE80032004B0065007E009700B000C900E200BB
:10FBF800FB0014012D0146015F0178019101AA0162
:10FC0800C301DC01F5010E0227024002590272020B
:10FC18008B02A302BC02D502EE0206031F033803BF
:10FC28005003690381039A03B203CB03E303FC0384
:10FC380014042C0444045D0475048D04A504BD0457
:10FC4800D504ED0405051D0534054C0564057C0542
:10FC58009305AB05C205DA05F10508061F06370648
:10FC68004E0665067C069306AA06C106D706EE066A
:10FC780005071B07320748075E0775078B07A107AB
:10FC8800B707CD07E307F9070E0824083A084F0815
:10FC980065087A088F08A508BA08CF08E408F808A4
:10FCA8000D09220937094B095F09740988099C095C
:10FCB800B009C409D809EC09FF09130A260A3A0A47
:10FCC8004D0A600A730A860A990AAC0ABF0AD10A61
:10FCD800E40AF60A080B1B0B2D0B3E0B500B620BAC
:10FCE800740B850B970BA80BB90BCA0BDB0BEC0B32
:10FCF800FC0B0D0C1E0C2E0C3E0C4E0C5E0C6E0CF0
:10FD08007E0C8E0C9D0CAC0CBC0CCB0CDA0CE90CEC
:10FD1800F80C060D150D230D320D400D4E0D5C0D22
:10FD2800690D770D850D920D9F0DAC0DB90DC60DA2
:10FD3800D30DDF0DEC0DF80D040E100E1C0E280E61
:10FD4800340E3F0E4B0E560E610E6C0E770E810E62
:10FD58008C0E960EA10EAB0EB50EBF0EC80ED20EAF
:10FD6800DB0EE40EEE0EF70EFF0E080F110F190F43
:10FD7800210F290F310F390F410F480F500F570F1F
:10FD88005E0F650F6C0F720F790F7F0F850F8B0F4A
:10FD9800910F970F9C0FA20FA70FAC0FB10FB60FC3
:10FDA800BB0FBF0FC40FC80FCC0FD00FD40FD70F86
:10FDB800DB0FDE0FE10FE40FE70FEA0FEC0FEF0F99
:10FDC800F10FF30FF50FF70FF80FFA0FFB0FFC0FFA
:10FDD800FD0FFE0FFF0FFF0F0010001000100010A6
:10FDE8000010FF0FFF0FFE0FFD0FFC0FFB0FFA0FA8
:10FDF800F80FF70FF50FF30FF10FEF0FEC0FEA0FF6
:10FE0800E70FE40FE10FDE0FDB0FD70FD40FD00F92
:10FE1800CC0FC80FC40FBF0FBB0FB60FB10FAC0F7D
:10FE2800A70FA20F9C0F970F910F8B0F850F7F0FB6
:10FE3800790F720F6C0F650F5E0F570F500F480F39
:10FE4800410F390F310F290F210F190F110F080F0B
:10FE5800FF0EF70EEE0EE40EDB0ED20EC80EBF0E2E
:10FE6800B50EAB0EA10E960E8C0E810E770E6C0E93
:10FE7800610E560E4B0E3F0E340E280E1C0E100E41
:10FE8800040EF80DEC0DDF0DD30DC60DB90DAC0D3C
:10FE98009F0D920D850D770D690D5C0D4E0D400D72
:10FEA800320D230D150D060DF80CE90CDA0CCB0CF0
:10FEB800BC0CAC0C9D0C8E0C7E0C6E0C5E0C4E0CAF
:10FEC8003E0C2E0C1E0C0D0CFC0BEC0BDB0BCA0BAA
:10FED800B90BA80B970B850B740B620B500B3E0BE1
:10FEE8002D0B1B0B080BF60AE40AD10ABF0AAC0A51
:10FEF800990A860A730A600A4D0A3A0A260A130AF8
:10FF0800FF09EC09D809C409B0099C0988097409D2
:10FF18005F094B09370922090D09F808E408CF08D9
:10FF2800BA08A5088F087A0865084F083A0824080F
:10FF38000E08F907E307CD07B707A1078B07750771
:10FF48005E07480732071B070507EE06D706C106F6
:10FF5800AA0693067C0665064E0637061F0608069F
:10FF6800F105DA05C205AB0593057C0564054C056A
:10FF780034051D050505ED04D504BD04A5048D044F
:10FF880075045D0444042C041404FC03E303CB034C
:10FF9800B2039A0381036903500338031F0306035E
:10FFA800EE02D502BC02A3028B0272025902400281
:10FFB80027020E02F501DC01C301AA0191017801B3
:10FFC8005F0146012D011401FB00E200C900B000E9
:10FFD80097007E0065004B00320019000000E7FF23
:10FFE800CEFFB5FF9BFF82FF69FF50FF37FF1EFF63
:08FFF80005FFECFED3FEBAFE8A
:020000040801F1
:10000000A1FE88FE6FFE56FE3DFE24FE0BFEF2FDB5
:10001000D9FDC0FDA7FD8EFD75FD5DFD44FD2BFDE9
:1000200012FDFAFCE1FCC8FCB0FC97FC7FFC66FC0E
:100030004EFC35FC1DFC04FCECFBD4FBBCFBA3FB21
:100040008BFB73FB5BFB43FB2BFB13FBFBFAE3FA22
:10005000CCFAB4FA9CFA84FA6DFA55FA3EFA26FA0A
:100060000FFAF8F9E1F9C9F9B2F99BF984F96DF9D8
:1000700056F93FF929F912F9FBF8E5F8CEF8B8F886
:10008000A2F88BF875F85FF849F833F81DF807F80F
:10009000F2F7DCF7C6F7B1F79BF786F771F75BF776
:1000A00046F731F71CF708F7F3F6DEF6C9F6B5F6B2
:1000B000A1F68CF678F664F650F63CF628F614F6BF
:1000C00001F6EDF5DAF5C6F5B3F5A0F58DF57AF59F
:1000D00067F554F541F52FF51CF50AF5F8F4E5F44C
:1000E000D3F4C2F4B0F49EF48CF47BF469F458F4C5
:1000F00047F436F425F414F404F4F3F3E2F3D2F302
:10010000C2F3B2F3A2F392F382F372F363F354F304
:1001100044F335F326F317F308F3FAF2EBF2DDF2CA
:10012000CEF2C0F2B2F2A4F297F289F27BF26EF252
:1001300061F254F247F23AF22DF221F214F208F28F
:10014000FCF1F0F1E4F1D8F1CCF1C1F1B5F1AAF193
:100150009FF194F189F17FF174F16AF15FF155F14A
:100160004BF141F138F12EF125F11CF112F109F1B9
:1001700001F1F8F0EFF0E7F0DFF0D7F0CFF0C7F0E3
:10018000BFF0B8F0B0F0A9F0A2F09BF094F08EF0C0
:1001900087F081F07BF075F06FF069F064F05EF04D
:1001A00059F054F04FF04AF045F041F03CF038F08F
:1001B00034F030F02CF029F025F022F01FF01CF084
:1001C00019F016F014F011F00FF00DF00BF009F02B
:1001D00008F006F005F004F003F002F001F001F081
:1001E00000F000F000F000F000F001F001F002F08B
:1001F00003F004F005F006F008F009F00BF00DF044
:100200000FF011F014F016F019F01CF01FF022F0AE
:1002100025F029F02CF030F034F038F03CF041F0CB
:1002200045F04AF04FF054F059F05EF064F069F098
:100230006FF075F07BF081F087F08EF094F09BF01A
:10024000A2F0A9F0B0F0B8F0BFF0C7F0CFF0D7F04F
:10025000DFF0E7F0EFF0F8F001F109F112F11CF135
:1002600025F12EF138F141F14BF155F15FF16AF1D1
:1002700074F17FF189F194F19FF1AAF1B5F1C1F127
:10028000CCF1D8F1E4F1F0F1FCF108F214F221F232
:100290002DF23AF247F254F261F26EF27BF289F2F9
:1002A00097F2A4F2B2F2C0F2CEF2DDF2EBF2FAF281
:1002B00008F317F326F335F344F354F363F372F3BF
:1002C00082F392F3A2F3B2F3C2F3D2F3E2F3F3F3C5
:1002D00004F414F425F436F447F458F469F47BF488
:1002E0008CF49EF4B0F4C2F4D3F4E5F4F8F40AF517
:1002F0001CF52FF541F554F567F57AF58DF5A0F568
:10030000B3F5C6F5DAF5EDF501F614F628F63CF688
:1003100050F664F678F68CF6A1F6B5F6C9F6DEF678
:10032000F3F608F71CF731F746F75BF771F786F736
:100330009BF7B1F7C6F7DCF7F2F707F81DF833F8CB
:1003400049F85FF875F88BF8A2F8B8F8CEF8E5F838
:10035000FBF812F929F93FF956F96DF984F99BF97F
:10036000B2F9C9F9E1F9F8F90FFA26FA3EFA55FAA5
:100370006DFA84FA9CFAB4FACCFAE3FAFBFA13FBAE
:100380002BFB43FB5BFB73FB8BFBA3FBBCFBD4FB9B
:10039000ECFB04FC1DFC35FC4EFC66FC7FFC97FC72
:1003A000B0FCC8FCE1FCFAFC12FD2BFD44FD5DFD38
:1003B00075FD8EFDA7FDC0FDD9FDF2FD0BFE24FEEF
:1003C0003DFE56FE6FFE88FEA1FEBAFED3FEECFE99
:1003D00005FF1EFF37FF50FF69FF82FF9BFFB5FF40
:1003E000CEFFE7FF000000003131456E636F6465AA
:1003F0007242617365000000C8070108E803010844
:1004000031304D543638313642617365000000009A
:100410002808010800040108F80301080203040584
:10042000060708090A0B0C0D0E0F10100000000043
:100430004B4559310D0000004B4559320D0000006D
:10044000534554204D4F544F525B307830355D202A
:10045000504F534954494F4E5B5D0D005B43414E35
:100460002042524F4144434153545D20456D6572D3
:1004700067656E63792053746F7020526563656998
:10048000766564210D000000760000007000000019
:100490004F6E6C7920737570706F7274205B635D42
:1004A000205B765D205B705D20636F6D6D616E64B7
:1004B00073210D002E0000006E660000696E6974E5
:1004C00079000000616E00000A0000004C435F43A9
:1004D0004F4C4C41544500004C435F4354595045E8
:1004E000000000004C435F4D4F4E455441525900AF
:1004F0004C435F4E554D4552494300004C435F54B9
:10050000494D45004C435F4D4553534147455300CA
:1005100042616C6C6F6320737563636565646564C9
:10052000000000002F646174612F6A656E6B696E54
:10053000732F776F726B73706163652F474E552D04
:10054000746F6F6C636861696E2F61726D2D3135E8
:100550002F7372632F6E65776C69622D637967778D
:10056000696E2F6E65776C69622F6C6962632F7399
:1005700074646C69622F6764746F612D6765746859
:1005800065782E63000000002F646174612F6A6536
:100590006E6B696E732F776F726B73706163652F0B
:1005A000474E552D746F6F6C636861696E2F617271
:1005B0006D2D31352F7372632F6E65776C69622DE7
:1005C00063796777696E2F6E65776C69622F6C69E6
:1005D00062632F7374646C69622F6D707265632E31
:1005E000630000002C2066756E6374696F6E3A209C
:1005F00000000000617373657274696F6E202225BC
:100600007322206661696C65643A2066696C6520B6
:10061000222573222C206C696E65202564257325A4
:10062000730A0000303132333435363738394142BD
:10063000434445460000000030313233343536370C
:10064000383961626364656600000000286E756C6D
:100650006C2900003130427574746F6E42617365AD
:1006600000000000C80701085406010836427574EE
:10067000746F6E00280801086C0601086406010802
:100680000000000074060108897D00083231456EC3
:10069000636F64657243616C69627261746F724208
:1006A00061736500C80701088C0601083137456E83
:1006B000636F64657243616C69627261746F72002A
:1006C00028080108AC060108A40601080000000083
:1006D000C0060108057E0008117E00081D7E000886
:1006E000297E0008374C6564426173650000000094
:1006F000C8070108E4060108334C656400000000E7
:1007000028080108F8060108F006010800000000AA
:1007100000070108457E0008364D54363831360052
:10072000280801081807010810040108000000004B
:1007300020070108D13F0008C93E0008CD3F00084E
:100740006D7E0008717E00083854423637483435D3
:10075000300000002808010848070108D8FB0008FD
:100760000000000054070108DD230008F9240008F8
:100770008D24000821240008C9230008117F0008E7
:10078000857F0008AD7E0008C17E0008E97E000874
:100790004E31305F5F637878616269763131375FFF
:1007A0005F636C6173735F747970655F696E666FA8
:1007B0004500000028080108900701085C080108AE
:1007C00000000000B4070108AD8C0008C18C0008CF
:1007D000958E0008958E0008418D00086D8C0008EC
:1007E000218D0008DD8C0008A18C00084E31305F9F
:1007F0005F637878616269763132305F5F73695F19
:10080000636C6173735F747970655F696E666F4561
:100810000000000028080108EC070108B4070108DF
:100820000000000014080108718D0008858D000883
:10083000958E0008958E0008418D00086D8C00088B
:10084000618E0008E18D0008A18D00085374397491
:100850007970655F696E666F00000000C807010867
:100860004C0801086042A20D0000803F34000000E7
:10087000CEFBFFFFCB0300000100000000000000E2
:1008800035000000CEFBFFFFCB030000010000009D
:100890000000000000000000BC89D897B2D29C3C48
:1008A00033A7A8D523F649393DA7F444FD0FA53257
:1008B0009D978CCF08BA5B25436FAC6428066811FE
:1008C0000000000000000000000000000000000028
:1008D0000000000000000000000000000000000018
:1008E0000000000000000000000000000000000008
:1008F000101112131415161718190000000000002B
:10090000001A1B1C1D1E1F0000000000000000003C
:1009100000000000000000000000000000000000D7
:10092000001A1B1C1D1E1F0000000000000000001C
:1009300000000000000000000000000000000000B7
:1009400000000000000000000000000000000000A7
:100950000000000000000000000000000000000097
:100960000000000000000000000000000000000087
:100970000000000000000000000000000000000077
:100980000000000000000000000000000000000067
:100990000000000000000000000000000000000057
:1009A0000000000000000000000000000000000047
:1009B0000000000000000000000000000000000037
:1009C00005000000190000007D000000000000008C
:1009D0000080E03779C34143176E05B5B5B893463B
:1009E000F5F93FE9034F384D321D30F94877825A07
:1009F0003CBF737FDD4F1575000000000000F03F25
:100A000000000000000024400000000000005940E9
:100A10000000000000408F40000000000088C3403C
:100A200000000000006AF8400000000080842E41B1
:100A300000000000D01263410000000084D79741FD
:100A40000000000065CDCD41000000205FA0024203
:100A5000000000E876483742000000A2941A6D4278
:100A6000000040E59C30A2420000901EC4BCD6426B
:100A700000003426F56B0C430080E03779C3414316
:100A800000A0D8855734764300C84E676DC1AB438C
:100A9000003D9160E458E143408CB5781DAF1544AA
:100AA00050EFE2D6E41A4B4492D54D06CFF0804485
:100AB000F64AE1C7022DB544B49DD9794378EA449A
:100AC000002020202020202020202828282828201E
:100AD0002020202020202020202020202020202016
:100AE000208810101010101010101010101010107E
:100AF000100404040404040404040410101010106E
:100B00001010414141414141010101010101010137
:100B10000101010101010101010101011010101089
:100B20001010424242424242020202020202020209
:100B3000020202020202020202020202101010105D
:100B40002000000000000000000000000000000085
:100B50000000000000000000000000000000000095
:100B60000000000000000000000000000000000085
:100B70000000000000000000000000000000000075
:100B80000000000000000000000000000000000065
:100B90000000000000000000000000000000000055
:100BA0000000000000000000000000000000000045
:100BB0000000000000000000000000000000000035
:100BC00000000000303030303030303030303030E5
:100BD00030303030202020202020202020202020D5
:040BE0002020202091
:100BE40008B10181B0B000840000000008B10181A7
:100BF400B0B000840000000008B10181B0B00084EE
:100C04000000000008B10181B0B0008400000000C1
:0C0C140008B10181B0B0008400000000B5
:100C20002006FF7F01000000B417FF7F00840280D0
:100C3000F017FF7FB0B0AA80E819FF7F0100000025
:100C40004023FF7FB0AA0980D427FF7FB0B0A880DF
:100C50002C28FF7F01000000502AFF7FB0AF0080EA
:100C6000542FFF7FB0B0AC805C32FF7F01000000EA
:100C70005832FF7FB0B0AA805433FF7F01000000DC
:100C80005033FF7FB0B0A8809433FF7FA908B180B4
:100C9000E833FF7F01000000E833FF7FB0A8018048
:100CA000A035FF7F01000000CC6EFF7FB0AA058059
:100CB000306FFF7F01000000D070FF7F28FFFF7FB3
:100CC000F470FF7F2CFFFF7F3C71FF7F010000006D
:100CD0005871FF7F008402806C71FF7F010000006B
:100CE0009071FF7FB0A90680C471FF7F01000000F2
:100CF0002072FF7F008406808C72FF7F010000005D
:100D00008872FF7FF8FEFF7FD472FF7FFCFEFF7FBB
:100D10003473FF7FB0B0AE803C75FF7FF8FEFF7F7D
:100D2000C075FF7F01000000EC77FF7FB0AB028051
:100D3000D87DFF7FB0A80180E87EFF7F0100000022
:100D40002C7FFF7FB0AA0380587FFF7F0100000047
:100D50001081FF7FB0B0AC803881FF7F01000000C0
:100D60007C87FF7FB0A803801088FF7FB0B0A88089
:100D70006088FF7F010000006888FF7FB0B0AA8014
:100D8000A088FF7FAF76B2807089FF7FAB3F3A804B
:100D9000D889FF7F01000000E889FF7FB0B0AA80FA
:100DA000248AFF7F01000000D08AFF7FAC0FB28051
:100DB000508BFF7FB0AF0880E08DFF7F0100000007
:100DC000F08DFF7FAD3F0480E490FF7F01000000C5
:100DD0001491FF7FB0AC05801494FF7F01000000E8
:0C0DE000D9C10008911500080983000823
:040DEC00691500087D
:100DF0000024F4000101000010000000007C010844
:100E0000008000002000000000000000140701081E
:100E100000000000000000000000010000000000D1
:100E200000000000010000000000000000000000C1
:100E300000000000000000000800000000000000AA
:100E4000FFFFFFFF000002000000000000000000A4
:100E500058000020580000206000002060000020A2
:100E60006800002068000020700000207000002052
:100E70007800002078000020800000208000002002
:100E800088000020880000209000002090000020B2
:100E90009800002098000020A0000020A000002062
:100EA000A8000020A8000020B0000020B000002012
:100EB000B8000020B8000020C0000020C0000020C2
:100EC000C8000020C8000020D0000020D000002072
:100ED000D8000020D8000020E0000020E000002022
:100EE000E8000020E8000020F0000020F0000020D2
:100EF000F8000020F8000020000100200001002080
:100F0000080100200801002010010020100100202D
:100F100018010020180100202001002020010020DD
:100F2000280100202801002030010020300100208D
:100F3000380100203801002040010020400100203D
:100F400048010020480100205001002050010020ED
:100F5000580100205801002060010020600100209D
:100F6000680100206801002070010020700100204D
:100F700078010020780100208001002080010020FD
:100F800088010020880100209001002090010020AD
:100F90009801002098010020A0010020A00100205D
:100FA000A8010020A8010020B0010020B00100200D
:100FB000B8010020B8010020C0010020C0010020BD
:100FC000C8010020C8010020D0010020D00100206D
:100FD000D8010020D8010020E0010020E00100201D
:100FE000E8010020E8010020F0010020F0010020CD
:100FF000F8010020F801002000020020000200207B
:101000000802002008020020100200201002002028
:1010100018020020180200202002002020020020D8
:101020002802002028020020300200203002002088
:101030003802002038020020400200204002002038
:1010400048020020480200205002002050020020E8
:101050005802002058020020600200206002002098
:101060006802002068020020700200207002002048
:1010700078020020780200208002002080020020F8
:1010800088020020880200209002002090020020A8
:101090009802002098020020A0020020A002002058
:1010A000A8020020A8020020B0020020B002002008
:1010B000B8020020B8020020C0020020C0020020B8
:1010C000C8020020C8020020D0020020D002002068
:1010D000D8020020D8020020E0020020E002002018
:1010E000E8020020E8020020F0020020F0020020C8
:1010F000F8020020F8020020000300200003002076
:101100000803002008030020100300201003002023
:1011100018030020180300202003002020030020D3
:101120002803002028030020300300203003002083
:101130003803002038030020400300204003002033
:1011400048030020480300205003002050030020E3
:101150005803002058030020600300206003002093
:101160006803002068030020700300207003002043
:1011700078030020780300208003002080030020F3
:1011800088030020880300209003002090030020A3
:101190009803002098030020A0030020A003002053
:1011A000A8030020A8030020B0030020B003002003
:1011B000B8030020B8030020C0030020C0030020B3
:1011C000C8030020C8030020D0030020D003002063
:1011D000D8030020D8030020E0030020E003002013
:1011E000E8030020E8030020F0030020F0030020C3
:1011F000F8030020F8030020000400200004002071
:10120000080400200804002010040020100400201E
:1012100018040020180400202004002020040020CE
:10122000280400202804002030040020300400207E
:10123000380400203804002040040020400400202E
:1012400048040020480400205004002050040020DE
:101250000000000003000000F4160020430000001E
:10126000000000000000000000000000000000007E
:10127000000000000000000000000000430000002B
:10128000000000000000000000000000000000005E
:10129000000000000000000000000000430000000B
:1012A000000000000000000000000000000000003E
:1012B00000000000000000000000000043000000EB
:1012C000000000000000000000000000000000001E
:1012D00000000000000000000000000043000000CB
:1012E00000000000000000000000000000000000FE
:1012F00000000000000000000000000043000000AB
:1013000000000000000000000000000000000000DD
:10131000000000000000000000000000430000008A
:1013200000000000000000000000000000000000BD
:10133000000000000000000000000000430000006A
:10134000000000000000000000000000000000009D
:10135000000000000000000000000000000000008D
:10136000000000000000000000000000000000007D
:10137000000000000000000000000000000000006D
:10138000000000000000000000000000000000005D
:10139000000000000000000000000000000000004D
:1013A000000000000000000000000000000000003D
:1013B000000000000000000000000000000000002D
:1013C000000000000000000000000000000000001D
:1013D000000000000000000000000000000000000D
:1013E00000000000000000000000000000000000FD
:1013F00000000000000000000000000000000000ED
:1014000000000000000000000000000000000000DC
:1014100000000000000000000000000000000000CC
:101420000000000019D8000881CD0008000000006D
:10143000C00A0108B40401082C0401082C040108A6
:101440002C0401082C0401082C0401082C040108B8
:101450002C0401082C0401082C040108FFFFFFFFE5
:10146000FFFFFFFFFFFFFFFFFFFF000001004153F1
:101470004349490000000000000000000000000097
:1014800000000000000000000000000000004153C8
:101490004349490000000000000000000000000077
:1014A000000000000000000000000000000000003C
:1014B000C80600200000000000000000F416002014
:1014C0005C170020C417002000000000000000008E
:1014D000000000000000000000000000000000000C
:1014E00000000000000000000000000000000000FC
:1014F00000000000000000000000000000000000EC
:1015000000000000000000000000000000000000DB
:1015100000000000000000000000000000000000CB
:1015200000000000000000000000000000000000BB
:1015300000000000000000000000000000000000AB
:10154000000000000000000000000000000000009B
:1015500001000000000000000E33CDAB34126DE638
:10156000ECDE05000B0000000000000000000000A1
:10157000000000000000000000000000000000006B
:10158000000000000000000000000000000000005B
:10159000000000000000000000000000000000004B
:1015A000000000000000000000000000000000003B
:1015B000000000000000000000000000000000002B
:1015C000000000000000000000000000000000001B
:1015D000000000000000000000000000000000000B
:1015E00000000000000000000000000000000000FB
:1015F00000000000000000000000000000000000EB
:1016000000000000000000000000000000000000DA
:1016100000000000000000000000000000000000CA
:1016200000000000000000000000000000000000BA
:1016300000000000000000000000000000000000AA
:10164000000000000000000000000000000000009A
:10165000000000000000000000000000000000008A
:10166000000000000000000000000000000000007A
:10167000000000000000000000000000000000006A
:10168000000000000000000000000000000000005A
:10169000000000000000000000000000000000004A
:1016A000000000000000000000000000000000003A
:0C16B000000000000000000038180020BE
:0400000508008C2142
:00000001FF
